{"type":"FeatureCollection","features":[{"type":"Feature","id":1965,"geometry":{"type":"Polygon","coordinates":[[[-74.747879196,41.144926405],[-74.747966336,41.14495946],[-74.747977764,41.144963795],[-74.748019179,41.144979505],[-74.748251185,41.14494401],[-74.748241052,41.144940241],[-74.748193971,41.144922733],[-74.748153714,41.144907763],[-74.747879196,41.144926405]]]},"properties":{"OBJECTID":1965,"COMID":null,"PERMANENT_IDENTIFIER":"167282255","GNIS_ID":"00875774","GNIS_NAME":"Culvers Creek","AREASQKM":0.00013542,"REACHCODE":null,"FTYPE_DISPLAY":"Stream/River","HU8":"02040105","WATERBODY_NAME":"Culvers Creek","FEATURE_ID":875774,"FEATURE_NAME":"Culvers Creek","FEATURE_CLASS":"Stream","LEVELELEV":null,"GLOBALID":"{398B98D7-DA2F-4DF3-BEDA-B17E80915738}"}},{"type":"Feature","id":1966,"geometry":{"type":"Polygon","coordinates":[[[-74.747847119,41.144930518],[-74.747780522,41.144939248],[-74.747718963,41.144947363],[-74.747699115,41.145000169],[-74.74769027,41.145023699],[-74.747744766,41.145016323],[-74.747811716,41.145007252],[-74.747819207,41.14500625],[-74.74783002,41.144980227],[-74.747850881,41.144930024],[-74.747847119,41.144930518]]]},"properties":{"OBJECTID":1966,"COMID":null,"PERMANENT_IDENTIFIER":"167282255","GNIS_ID":"00875774","GNIS_NAME":"Culvers Creek","AREASQKM":8.7860000000000002e-05,"REACHCODE":null,"FTYPE_DISPLAY":"Stream/River","HU8":"02040105","WATERBODY_NAME":"Culvers Creek","FEATURE_ID":875774,"FEATURE_NAME":"Culvers Creek","FEATURE_CLASS":"Stream","LEVELELEV":null,"GLOBALID":"{F3E2EE8D-54B9-4B15-A7C7-CDA2C338CE16}"}},{"type":"Feature","id":1967,"geometry":{"type":"Polygon","coordinates":[[[-74.752144229,41.145862649],[-74.752135147,41.145879843],[-74.752125977,41.145897203],[-74.752123226,41.145902411],[-74.752132526,41.14590602],[-74.752219739,41.145939858],[-74.75222564,41.145931258],[-74.75223528,41.145917211],[-74.752240466,41.145909654],[-74.752257131,41.145885367],[-74.75225116,41.145883241],[-74.752197875,41.145864586],[-74.752160581,41.145851529],[-74.752151738,41.145848434],[-74.752144229,41.145862649]]]},"properties":{"OBJECTID":1967,"COMID":null,"PERMANENT_IDENTIFIER":"167282255","GNIS_ID":"00875774","GNIS_NAME":"Culvers Creek","AREASQKM":6.2479999999999998e-05,"REACHCODE":null,"FTYPE_DISPLAY":"Stream/River","HU8":"02040105","WATERBODY_NAME":"Culvers Creek","FEATURE_ID":875774,"FEATURE_NAME":"Culvers Creek","FEATURE_CLASS":"Stream","LEVELELEV":null,"GLOBALID":"{E7FAF61D-3509-4A3E-B214-B9D8FCA3CCAD}"}},{"type":"Feature","id":1968,"geometry":{"type":"Polygon","coordinates":[[[-74.770554427,41.150227592],[-74.770546997,41.150234115],[-74.770525154,41.150253294],[-74.770537333,41.150261298],[-74.770578064,41.150277643],[-74.770582161,41.150278776],[-74.770595461,41.150268912],[-74.770611406,41.150257085],[-74.770627067,41.15024547],[-74.770639498,41.15023625],[-74.770622704,41.150227613],[-74.77060098,41.15021644],[-74.770581854,41.150203512],[-74.770554427,41.150227592]]]},"properties":{"OBJECTID":1968,"COMID":null,"PERMANENT_IDENTIFIER":"167282255","GNIS_ID":"00875774","GNIS_NAME":"Culvers Creek","AREASQKM":4.0349999999999998e-05,"REACHCODE":null,"FTYPE_DISPLAY":"Stream/River","HU8":"02040105","WATERBODY_NAME":"Culvers Creek","FEATURE_ID":875774,"FEATURE_NAME":"Culvers Creek","FEATURE_CLASS":"Stream","LEVELELEV":null,"GLOBALID":"{15F10B2E-EDA8-4290-9385-8BEAB0CCA6F3}"}},{"type":"Feature","id":1969,"geometry":{"type":"Polygon","coordinates":[[[-74.774967404,41.150534988],[-74.774929285,41.150538949],[-74.774945303,41.150573001],[-74.774960938,41.15060624],[-74.774966053,41.150617115],[-74.774966077,41.150617149],[-74.774996679,41.150613917],[-74.775040859,41.150609249],[-74.775036644,41.150595153],[-74.775017112,41.150529823],[-74.774967404,41.150534988]]]},"properties":{"OBJECTID":1969,"COMID":null,"PERMANENT_IDENTIFIER":"167282255","GNIS_ID":"00875774","GNIS_NAME":"Culvers Creek","AREASQKM":6.2130000000000003e-05,"REACHCODE":null,"FTYPE_DISPLAY":"Stream/River","HU8":"02040105","WATERBODY_NAME":"Culvers Creek","FEATURE_ID":875774,"FEATURE_NAME":"Culvers Creek","FEATURE_CLASS":"Stream","LEVELELEV":null,"GLOBALID":"{CCC890B2-5017-4916-8229-049708BF35A9}"}},{"type":"Feature","id":1990,"geometry":{"type":"Polygon","coordinates":[[[-74.779711883,41.150361241],[-74.779718175,41.150371447],[-74.77971997,41.150374361],[-74.779732419,41.15039456],[-74.77973462,41.150398128],[-74.77981195,41.15037644],[-74.779803038,41.150362583],[-74.779796851,41.150352963],[-74.779780527,41.150327581],[-74.779711883,41.150361241]]]},"properties":{"OBJECTID":1990,"COMID":null,"PERMANENT_IDENTIFIER":"167282256","GNIS_ID":"00875774","GNIS_NAME":"Culvers Creek","AREASQKM":3.6149999999999998e-05,"REACHCODE":null,"FTYPE_DISPLAY":"Stream/River","HU8":"02040105","WATERBODY_NAME":"Culvers Creek","FEATURE_ID":875774,"FEATURE_NAME":"Culvers Creek","FEATURE_CLASS":"Stream","LEVELELEV":null,"GLOBALID":"{7DB3E10F-9829-4F4A-97CE-1531B9B79C49}"}},{"type":"Feature","id":2234,"geometry":{"type":"Polygon","coordinates":[[[-74.763545814,41.172544359],[-74.763570613,41.172589477],[-74.763691236,41.172551533],[-74.763667433,41.172508045],[-74.763545814,41.172544359]]]},"properties":{"OBJECTID":2234,"COMID":null,"PERMANENT_IDENTIFIER":"120022890","GNIS_ID":"00875777","GNIS_NAME":"Culvers Lake","AREASQKM":5.8409999999999998e-05,"REACHCODE":"02040105001394","FTYPE_DISPLAY":"Lake/Pond","HU8":"02040105","WATERBODY_NAME":"Culvers Lake","FEATURE_ID":875777,"FEATURE_NAME":"Culvers Lake","FEATURE_CLASS":"Reservoir","LEVELELEV":null,"GLOBALID":"{9B19B66B-E4DE-405C-A1C1-762176FE28A0}"}},{"type":"Feature","id":5410,"geometry":{"type":"Polygon","coordinates":[[[-74.747863788,41.144928326],[-74.747850881,41.144930024],[-74.74783002,41.144980227],[-74.747819207,41.14500625],[-74.747821087,41.145005998],[-74.748006417,41.144981212],[-74.748019179,41.144979505],[-74.747977764,41.144963795],[-74.747966336,41.14495946],[-74.747879196,41.144926405],[-74.747863788,41.144928326]]]},"properties":{"OBJECTID":5410,"COMID":null,"PERMANENT_IDENTIFIER":"167282255","GNIS_ID":"00875774","GNIS_NAME":"Culvers Creek","AREASQKM":7.6470000000000005e-05,"REACHCODE":null,"FTYPE_DISPLAY":"Stream/River","HU8":"02040105","WATERBODY_NAME":"Culvers Creek","FEATURE_ID":875774,"FEATURE_NAME":"Culvers Creek","FEATURE_CLASS":"Stream","LEVELELEV":null,"GLOBALID":"{766C15FD-4653-4B2A-9F12-A373C991A322}"}},{"type":"Feature","id":5411,"geometry":{"type":"Polygon","coordinates":[[[-74.746664081,41.145142278],[-74.746668898,41.145143115],[-74.746758182,41.145156723],[-74.746831249,41.145161174],[-74.746883945,41.145162039],[-74.746913429,41.145162524],[-74.746996592,41.145159279],[-74.747054862,41.145151684],[-74.74711624,41.145143717],[-74.747231772,41.145125047],[-74.747231805,41.145125041],[-74.747673704,41.145025928],[-74.74767523,41.145025726],[-74.747676894,41.14502551],[-74.74769027,41.145023699],[-74.747699115,41.145000169],[-74.747718963,41.144947363],[-74.747708093,41.144948795],[-74.74770644,41.14494905],[-74.747686136,41.144951089],[-74.74767521,41.1449522],[-74.747136495,41.145082711],[-74.74708995,41.145090724],[-74.74707372,41.145093519],[-74.7470551,41.145095463],[-74.747015693,41.145099579],[-74.746986458,41.145101849],[-74.746901649,41.145101406],[-74.746856261,41.145101503],[-74.746789418,41.145095928],[-74.746661993,41.145073328],[-74.746497415,41.145047563],[-74.746446533,41.145041683],[-74.746363031,41.145032033],[-74.746270945,41.145019288],[-74.746257501,41.145019316],[-74.746217956,41.145018912],[-74.746196026,41.145018384],[-74.746127885,41.145016835],[-74.746096233,41.145016109],[-74.74604361,41.145009092],[-74.74596667,41.145000954],[-74.745869293,41.144988115],[-74.745775049,41.144970512],[-74.745722373,41.144953996],[-74.745656365,41.144929239],[-74.745596137,41.144909943],[-74.745496728,41.144904647],[-74.745431745,41.144907567],[-74.745429918,41.144907648],[-74.745429509,41.144907739],[-74.745382047,41.144918234],[-74.745352262,41.14493202],[-74.74529446,41.144935089],[-74.74520844,41.144943135],[-74.74506949,41.144957012],[-74.745022807,41.14494092],[-74.744993744,41.144923826],[-74.745020454,41.144993184],[-74.74502064,41.144993124],[-74.745024971,41.144991709],[-74.745025963,41.144991386],[-74.745034488,41.144993942],[-74.745037795,41.144994934],[-74.745047891,41.144997086],[-74.745076279,41.145002744],[-74.745128273,41.14499906],[-74.745210494,41.144986734],[-74.745346597,41.144970003],[-74.745409964,41.144973442],[-74.745478106,41.144989023],[-74.745624732,41.14500515],[-74.745770636,41.145031938],[-74.74579903,41.14503941],[-74.74589787,41.145051135],[-74.746017705,41.145067082],[-74.746041607,41.14507405],[-74.746063143,41.145080327],[-74.746114874,41.1450907],[-74.746146898,41.145093206],[-74.746174148,41.145095339],[-74.746240967,41.145094243],[-74.746285076,41.145089384],[-74.746321624,41.145085493],[-74.746330804,41.145085722],[-74.74635693,41.145086371],[-74.74639884,41.145096183],[-74.746664081,41.145142278]]]},"properties":{"OBJECTID":5411,"COMID":null,"PERMANENT_IDENTIFIER":"167282255","GNIS_ID":"00875774","GNIS_NAME":"Culvers Creek","AREASQKM":0.00161645,"REACHCODE":null,"FTYPE_DISPLAY":"Stream/River","HU8":"02040105","WATERBODY_NAME":"Culvers Creek","FEATURE_ID":875774,"FEATURE_NAME":"Culvers Creek","FEATURE_CLASS":"Stream","LEVELELEV":null,"GLOBALID":"{10275876-7805-4735-90E8-553E7175FD83}"}},{"type":"Feature","id":5412,"geometry":{"type":"Polygon","coordinates":[[[-74.750140377,41.145335067],[-74.750147033,41.145336923],[-74.75018108,41.145346416],[-74.750332438,41.145362527],[-74.750483422,41.145373761],[-74.750736655,41.145418788],[-74.750800641,41.145427789],[-74.75084903,41.145430776],[-74.750878901,41.145432643],[-74.750941045,41.14543464],[-74.750951129,41.145436994],[-74.750963694,41.145439923],[-74.750990558,41.145449478],[-74.751008632,41.145457964],[-74.751024509,41.14546545],[-74.751045725,41.145473914],[-74.751082512,41.145483452],[-74.751140503,41.145500154],[-74.751194448,41.145512188],[-74.751262566,41.145521331],[-74.751326351,41.145533293],[-74.751340518,41.145537345],[-74.75145532,41.14558019],[-74.751637573,41.145659053],[-74.751637608,41.145659069],[-74.751907457,41.14579525],[-74.752049646,41.145871106],[-74.752073721,41.145879337],[-74.752116948,41.145899975],[-74.752123226,41.145902411],[-74.752125977,41.145897203],[-74.752135147,41.145879843],[-74.752144229,41.145862649],[-74.752151738,41.145848434],[-74.752138596,41.145845965],[-74.752046575,41.145814772],[-74.751722028,41.145655655],[-74.751500378,41.145546972],[-74.751430519,41.145508557],[-74.751389619,41.145489357],[-74.751353845,41.145477858],[-74.751318112,41.14546638],[-74.751249176,41.145452382],[-74.751075586,41.145425777],[-74.751012631,41.145413049],[-74.750922418,41.145393956],[-74.750789439,41.145372138],[-74.75061518,41.145343518],[-74.750388908,41.145306383],[-74.750350092,41.145299449],[-74.750175029,41.145271984],[-74.750150149,41.145269147],[-74.75011479,41.145265117],[-74.750113,41.145265058],[-74.750063908,41.14526345],[-74.750008375,41.145272317],[-74.75000459,41.145273066],[-74.750001599,41.145273637],[-74.749934321,41.145286511],[-74.749855708,41.14529365],[-74.749772375,41.145295583],[-74.749755306,41.145295641],[-74.749733027,41.145295689],[-74.749696279,41.145293389],[-74.749651975,41.145290584],[-74.749554712,41.145280323],[-74.749473658,41.14526476],[-74.749382113,41.14523871],[-74.749353443,41.14522641],[-74.749317218,41.145206044],[-74.749291625,41.145189659],[-74.749259367,41.145161137],[-74.749202383,41.145095499],[-74.749175104,41.145060162],[-74.749164372,41.14504626],[-74.749109209,41.144962033],[-74.749052182,41.144884958],[-74.748967742,41.144810087],[-74.748896641,41.144772583],[-74.748854842,41.144749929],[-74.748796899,41.144725577],[-74.748750557,41.14470818],[-74.748736198,41.144705849],[-74.748660952,41.144699242],[-74.748631644,41.144700736],[-74.748587224,41.14470655],[-74.748570863,41.144713007],[-74.748536238,41.144726674],[-74.748452213,41.144761881],[-74.74841275,41.144779734],[-74.748169132,41.144900143],[-74.748153714,41.144907763],[-74.748193971,41.144922733],[-74.748241052,41.144940241],[-74.748251185,41.14494401],[-74.74825842,41.144942903],[-74.748396179,41.144864455],[-74.748464831,41.144828272],[-74.748517965,41.144800268],[-74.74853554,41.144792436],[-74.748609218,41.144771548],[-74.748644008,41.144761788],[-74.748672208,41.144760938],[-74.748681041,41.144760672],[-74.748757674,41.144771228],[-74.748795557,41.144786872],[-74.748808204,41.144792036],[-74.748849539,41.144808914],[-74.748879576,41.144824342],[-74.748891049,41.144832108],[-74.748937797,41.14489307],[-74.748990971,41.144951567],[-74.749022368,41.145002251],[-74.749079371,41.145072892],[-74.749119715,41.145117576],[-74.749157275,41.145155211],[-74.749213038,41.145207582],[-74.749259435,41.145235479],[-74.749283972,41.145248885],[-74.749310441,41.145263383],[-74.749369711,41.145284825],[-74.749377699,41.145287716],[-74.749465723,41.145315513],[-74.749572307,41.14533105],[-74.749685628,41.145341219],[-74.749800361,41.145351525],[-74.749892915,41.145349582],[-74.749893619,41.145349507],[-74.750001641,41.14533785],[-74.750043906,41.145333071],[-74.750092133,41.145330169],[-74.750140377,41.145335067]]]},"properties":{"OBJECTID":5412,"COMID":null,"PERMANENT_IDENTIFIER":"167282255","GNIS_ID":"00875774","GNIS_NAME":"Culvers Creek","AREASQKM":0.0023483000000000002,"REACHCODE":null,"FTYPE_DISPLAY":"Stream/River","HU8":"02040105","WATERBODY_NAME":"Culvers Creek","FEATURE_ID":875774,"FEATURE_NAME":"Culvers Creek","FEATURE_CLASS":"Stream","LEVELELEV":null,"GLOBALID":"{FD054308-0EC8-49F5-8920-F4586C7CADD9}"}},{"type":"Feature","id":5413,"geometry":{"type":"Polygon","coordinates":[[[-74.752936299,41.14600455],[-74.753053695,41.146033652],[-74.753105436,41.146044061],[-74.753106053,41.146044191],[-74.753107176,41.14604445],[-74.753152442,41.14604745],[-74.753182347,41.146048599],[-74.753348746,41.146062985],[-74.753421563,41.146064254],[-74.753521895,41.146050344],[-74.753601136,41.146040272],[-74.753712673,41.146028589],[-74.753787314,41.146012699],[-74.753918631,41.145980959],[-74.753990417,41.145960071],[-74.754014658,41.145945123],[-74.754023127,41.145932252],[-74.754028791,41.145917916],[-74.754043915,41.145879696],[-74.754045024,41.14587692],[-74.754044994,41.145869202],[-74.754043276,41.145865352],[-74.754036454,41.145860225],[-74.754026246,41.145857681],[-74.754017802,41.145857693],[-74.75401772,41.145857705],[-74.753650782,41.145939467],[-74.753510114,41.145976855],[-74.753437349,41.145989167],[-74.753376856,41.145995732],[-74.753281347,41.145995228],[-74.753188081,41.145985003],[-74.753104082,41.145980553],[-74.753032612,41.145970426],[-74.752991752,41.145963781],[-74.752939042,41.145955184],[-74.75286749,41.145940304],[-74.752835189,41.145933579],[-74.752743317,41.145920925],[-74.752687173,41.145915906],[-74.752619162,41.145916051],[-74.752532434,41.145921388],[-74.752424503,41.145931907],[-74.752403677,41.145931948],[-74.752357215,41.145921608],[-74.752307027,41.145903133],[-74.752257131,41.145885367],[-74.752240466,41.145909654],[-74.75223528,41.145917211],[-74.75222564,41.145931258],[-74.752219739,41.145939858],[-74.752228696,41.145943333],[-74.752303483,41.145965328],[-74.752350919,41.145970408],[-74.752366156,41.14597204],[-74.752410905,41.145974447],[-74.752514529,41.145978721],[-74.75264682,41.145986734],[-74.752795602,41.145988314],[-74.752936299,41.14600455]]]},"properties":{"OBJECTID":5413,"COMID":null,"PERMANENT_IDENTIFIER":"167282255","GNIS_ID":"00875774","GNIS_NAME":"Culvers Creek","AREASQKM":0.0011945300000000001,"REACHCODE":null,"FTYPE_DISPLAY":"Stream/River","HU8":"02040105","WATERBODY_NAME":"Culvers Creek","FEATURE_ID":875774,"FEATURE_NAME":"Culvers Creek","FEATURE_CLASS":"Stream","LEVELELEV":null,"GLOBALID":"{8155672E-F9E5-4ACE-BECA-008DFFE1AC9C}"}},{"type":"Feature","id":5414,"geometry":{"type":"Polygon","coordinates":[[[-74.758342578,41.146669317],[-74.758349865,41.146669277],[-74.758354919,41.146669261],[-74.758362169,41.14666925],[-74.758371423,41.146669229],[-74.758382419,41.146666079],[-74.758393394,41.146657734],[-74.758394485,41.146656741],[-74.758400255,41.146651487],[-74.758400231,41.146645246],[-74.758394419,41.146640011],[-74.75839332,41.146639021],[-74.7583874,41.14663527],[-74.758323012,41.146594477],[-74.75830336,41.14658895],[-74.758287185,41.146585195],[-74.758263844,41.146582117],[-74.758247305,41.146582177],[-74.758135854,41.146578252],[-74.758122727,41.14657776],[-74.758067248,41.146564806],[-74.758019255,41.146543946],[-74.757982613,41.146524014],[-74.757940891,41.146494563],[-74.757904164,41.14645271],[-74.757895225,41.146424138],[-74.757879984,41.14639558],[-74.75785469,41.146375623],[-74.757824362,41.146358536],[-74.757801442,41.14635237],[-74.757772525,41.146343055],[-74.75773951,41.146337929],[-74.757725712,41.146337471],[-74.757710603,41.146336964],[-74.7576281,41.146336107],[-74.757573066,41.146331031],[-74.75752212,41.146321787],[-74.757491844,41.146308317],[-74.757452514,41.146283462],[-74.757423046,41.146259482],[-74.75737811,41.146216812],[-74.757350523,41.146174701],[-74.757323016,41.146153318],[-74.757290724,41.146123377],[-74.75728126,41.146109186],[-74.75725637,41.146071839],[-74.757234303,41.146052114],[-74.757203978,41.146031383],[-74.756922773,41.145879177],[-74.756873178,41.145858504],[-74.756823591,41.145841976],[-74.756782971,41.145830623],[-74.756730848,41.145820555],[-74.75670311,41.145815184],[-74.756569642,41.145793661],[-74.756555702,41.145791785],[-74.756531797,41.14578855],[-74.756495747,41.145784849],[-74.756482251,41.14578346],[-74.756420323,41.145776322],[-74.756381803,41.145768091],[-74.756351503,41.14575672],[-74.756308781,41.145736038],[-74.756218474,41.145682166],[-74.756182645,41.145663526],[-74.756157839,41.145651111],[-74.756131643,41.145641783],[-74.756117129,41.145637534],[-74.756096561,41.145631485],[-74.756057991,41.145621179],[-74.756039176,41.145616047],[-74.756012571,41.145608793],[-74.755978139,41.145596399],[-74.755978107,41.145596386],[-74.755925777,41.145572583],[-74.755889968,41.145558124],[-74.755847272,41.145543667],[-74.75584724,41.145543656],[-74.755810774,41.145532321],[-74.755765352,41.145524094],[-74.755747794,41.145520818],[-74.75572131,41.14551585],[-74.755696553,41.14551298],[-74.755669003,41.145509755],[-74.755637654,41.145508747],[-74.755608509,41.145507783],[-74.755487493,41.145511191],[-74.755389843,41.145516584],[-74.755370769,41.145518173],[-74.7552819,41.145538846],[-74.755169594,41.145595564],[-74.755079304,41.145641964],[-74.755070576,41.14564725],[-74.755018404,41.145674429],[-74.755018372,41.145674444],[-74.754983049,41.145689108],[-74.754894864,41.145709109],[-74.754834409,41.145725684],[-74.754774913,41.14574583],[-74.754733341,41.145754499],[-74.754696479,41.145758869],[-74.754656791,41.145766105],[-74.7546294,41.145774028],[-74.754604859,41.145785519],[-74.754575595,41.145798451],[-74.75456438,41.145800927],[-74.754533079,41.145807837],[-74.754501885,41.145810765],[-74.754431034,41.145821101],[-74.754348343,41.145819299],[-74.754346489,41.145820114],[-74.75433131,41.145826777],[-74.75430526,41.145841045],[-74.754294043,41.145858117],[-74.75428036,41.145887904],[-74.754270589,41.145906279],[-74.754289732,41.145911014],[-74.754323151,41.145922715],[-74.754323624,41.145922881],[-74.754359846,41.145919176],[-74.754373579,41.145918109],[-74.75442546,41.145906492],[-74.754463467,41.145901629],[-74.754498443,41.145898693],[-74.754523968,41.145897206],[-74.754552328,41.145894999],[-74.754576886,41.145887798],[-74.754599558,41.145882029],[-74.75461938,41.145872693],[-74.754711948,41.145833998],[-74.754845478,41.145799678],[-74.754884688,41.145788911],[-74.754943776,41.145772717],[-74.754995551,41.145753391],[-74.755036111,41.145738261],[-74.75518939,41.145673287],[-74.755216901,41.145661624],[-74.755285136,41.14564177],[-74.755338979,41.145627354],[-74.755407927,41.145606472],[-74.755509047,41.145591237],[-74.75563808,41.145594896],[-74.755651439,41.145597106],[-74.75574791,41.14561625],[-74.755830643,41.14563985],[-74.755864848,41.145651485],[-74.755895681,41.145662],[-74.755984372,41.145700461],[-74.756100695,41.145750785],[-74.756159785,41.145775942],[-74.75629709,41.14581574],[-74.756429651,41.145854175],[-74.756449714,41.145859371],[-74.756500192,41.145873523],[-74.756543729,41.145883434],[-74.756590113,41.145896197],[-74.756627025,41.145904692],[-74.756669591,41.145908171],[-74.756762284,41.145914398],[-74.756821896,41.145924272],[-74.756863538,41.145933472],[-74.756931846,41.145964266],[-74.756942931,41.145969264],[-74.757016582,41.146001592],[-74.757065907,41.146034194],[-74.757114531,41.14606992],[-74.757137279,41.146086633],[-74.757149776,41.14610367],[-74.757179227,41.146138628],[-74.75722572,41.146179268],[-74.757283548,41.146216308],[-74.757344591,41.146255129],[-74.757365911,41.146274517],[-74.757387712,41.146307175],[-74.757401568,41.146333913],[-74.757407565,41.146359182],[-74.757413677,41.146409733],[-74.757420377,41.146446384],[-74.75742372,41.146464716],[-74.757423728,41.146464743],[-74.757443634,41.146521224],[-74.757443648,41.146521249],[-74.757467387,41.14656132],[-74.757510842,41.146601389],[-74.757556204,41.146625083],[-74.757601494,41.14663539],[-74.757618208,41.146637269],[-74.757666444,41.146642717],[-74.757715647,41.146642577],[-74.75782777,41.146633391],[-74.757849737,41.146632313],[-74.75789071,41.146630316],[-74.757937963,41.146630184],[-74.758034377,41.146638917],[-74.758126913,41.14665058],[-74.758162365,41.14665199],[-74.758231487,41.146658631],[-74.758342578,41.146669317]],[[-74.757702022,41.146577684],[-74.757655653,41.146580485],[-74.757632457,41.146579188],[-74.757607468,41.146575198],[-74.757589098,41.146569075],[-74.757575316,41.146564483],[-74.757550279,41.146548357],[-74.757523442,41.146528191],[-74.757505472,41.14649452],[-74.757498258,41.146474309],[-74.757492796,41.146446004],[-74.757492669,41.146413642],[-74.757492569,41.146388023],[-74.757490721,41.146371845],[-74.757494263,41.146365095],[-74.757508528,41.146363715],[-74.757535302,41.1463677],[-74.757563885,41.146378424],[-74.757596021,41.146385094],[-74.757638839,41.146386347],[-74.757681672,41.146391645],[-74.757729899,41.146407718],[-74.757757866,41.146413868],[-74.757760251,41.146414392],[-74.75779778,41.146431838],[-74.757821076,41.146458755],[-74.757858658,41.146489685],[-74.757883764,41.146523339],[-74.757887453,41.146554345],[-74.757871879,41.146576366],[-74.757826855,41.146567965],[-74.757792952,41.146565344],[-74.757751923,41.146565436],[-74.757726981,41.146573583],[-74.757702022,41.146577684]]]},"properties":{"OBJECTID":5414,"COMID":null,"PERMANENT_IDENTIFIER":"167282255","GNIS_ID":"00875774","GNIS_NAME":"Culvers Creek","AREASQKM":0.0037544399999999999,"REACHCODE":null,"FTYPE_DISPLAY":"Stream/River","HU8":"02040105","WATERBODY_NAME":"Culvers Creek","FEATURE_ID":875774,"FEATURE_NAME":"Culvers Creek","FEATURE_CLASS":"Stream","LEVELELEV":null,"GLOBALID":"{A426034D-4418-4651-9EA0-2052FC16411B}"}},{"type":"Feature","id":5415,"geometry":{"type":"Polygon","coordinates":[[[-74.758782698,41.146593524],[-74.758760985,41.146595259],[-74.758848677,41.146659819],[-74.758923237,41.146714712],[-74.758952244,41.146736062],[-74.758977775,41.146738927],[-74.758998047,41.146750524],[-74.759081099,41.146807124],[-74.759151412,41.146856925],[-74.759181527,41.146878254],[-74.759245229,41.146908681],[-74.759265143,41.146916341],[-74.759282844,41.146923184],[-74.759315644,41.146931116],[-74.759346459,41.146936847],[-74.759349814,41.146937681],[-74.759356477,41.146939345],[-74.759375386,41.146944055],[-74.759394679,41.146953479],[-74.759431377,41.146980329],[-74.759453645,41.147007237],[-74.759458689,41.147015316],[-74.759466096,41.147027182],[-74.759502977,41.147058063],[-74.759529045,41.147076215],[-74.75956691,41.147095057],[-74.759603364,41.14711318],[-74.759647715,41.147129107],[-74.759704715,41.147159181],[-74.759738322,41.147184592],[-74.759793285,41.147214489],[-74.759862423,41.147241495],[-74.759940068,41.147267768],[-74.760053615,41.147286096],[-74.760218589,41.147306173],[-74.76024637,41.14731054],[-74.76028702,41.147316938],[-74.760350632,41.147327713],[-74.76040945,41.147347973],[-74.760454319,41.147368975],[-74.760469598,41.147377021],[-74.760476231,41.147380515],[-74.760518972,41.147403046],[-74.760683878,41.147506394],[-74.760699506,41.147516188],[-74.760699538,41.147516208],[-74.760736227,41.147536814],[-74.760770538,41.147559671],[-74.760782913,41.147580373],[-74.760794331,41.147598217],[-74.76080573,41.147611058],[-74.760817108,41.147618895],[-74.760828476,41.147623872],[-74.760844562,41.147626695],[-74.760873891,41.147630203],[-74.760884309,41.147634468],[-74.760919366,41.147651543],[-74.760953916,41.14767071],[-74.76101477,41.147711323],[-74.761060172,41.147744715],[-74.761107502,41.147781727],[-74.76115917,41.147815113],[-74.761208377,41.147844851],[-74.761275036,41.147886194],[-74.761334886,41.147926098],[-74.761334914,41.147926116],[-74.761393777,41.147965984],[-74.761393802,41.147966001],[-74.761465327,41.148027719],[-74.761565378,41.148119983],[-74.761574768,41.148130647],[-74.761597291,41.148156282],[-74.761630301,41.148212989],[-74.761664641,41.148255417],[-74.761707129,41.148307914],[-74.76170912,41.148310376],[-74.761767196,41.14837939],[-74.761806583,41.14845868],[-74.761847575,41.148541503],[-74.76187837,41.148600459],[-74.761887854,41.148612166],[-74.761905446,41.148633917],[-74.761945114,41.148675305],[-74.761971241,41.14870437],[-74.762004109,41.148734128],[-74.762017759,41.148742297],[-74.762051379,41.14876245],[-74.762102251,41.148791561],[-74.76213491,41.148810276],[-74.762163417,41.14882326],[-74.762193778,41.148837117],[-74.76226904,41.148871123],[-74.762338482,41.148897904],[-74.762338513,41.148897914],[-74.762376518,41.148910534],[-74.762422183,41.14892976],[-74.762461949,41.148941821],[-74.762532966,41.148965248],[-74.762589773,41.148982273],[-74.762622912,41.14899292],[-74.762734675,41.149036982],[-74.762856984,41.149096924],[-74.762887856,41.149112148],[-74.762907795,41.14911908],[-74.762927379,41.149125917],[-74.762930895,41.149126517],[-74.762935583,41.149127348],[-74.76296788,41.149133074],[-74.763044975,41.149141644],[-74.763093179,41.14914805],[-74.763114564,41.14915308],[-74.763123098,41.149137846],[-74.763140518,41.149106752],[-74.763065453,41.149086255],[-74.76303362,41.149067036],[-74.763018442,41.149054919],[-74.762990959,41.149039971],[-74.762941703,41.149019354],[-74.762873533,41.148998781],[-74.7627803,41.14897449],[-74.76273843,41.148953052],[-74.762710452,41.148943649],[-74.762673832,41.148936456],[-74.762649597,41.148929143],[-74.762609224,41.148916953],[-74.762573963,41.148908303],[-74.762537691,41.148899392],[-74.762494512,41.148888783],[-74.762414445,41.148859851],[-74.762383724,41.14884477],[-74.762363391,41.148834778],[-74.762358452,41.148832327],[-74.762290912,41.148797517],[-74.762261734,41.148782441],[-74.762234913,41.148768552],[-74.76215339,41.148733059],[-74.762095456,41.148698981],[-74.762061646,41.14866845],[-74.76204088,41.148644389],[-74.762029715,41.148631439],[-74.762002579,41.148592909],[-74.761961446,41.148536917],[-74.761944906,41.148496926],[-74.761922501,41.148434379],[-74.761901173,41.148395846],[-74.761871106,41.148348587],[-74.761833379,41.148302051],[-74.761800365,41.148263064],[-74.761793169,41.148255152],[-74.761752798,41.148210768],[-74.761722405,41.148177242],[-74.761693877,41.148137278],[-74.761669125,41.148095876],[-74.761608353,41.148032397],[-74.76156566,41.147997469],[-74.761524198,41.147970766],[-74.761474567,41.147927977],[-74.76143299,41.147891651],[-74.761396318,41.147863379],[-74.761396287,41.147863355],[-74.76135763,41.147834318],[-74.761291,41.147787873],[-74.761290972,41.147787854],[-74.761232099,41.147747248],[-74.761219259,41.147739885],[-74.761132182,41.147689952],[-74.761058851,41.147648644],[-74.761058819,41.147648625],[-74.760965174,41.14759351],[-74.760893715,41.147547795],[-74.760845446,41.147518057],[-74.760776842,41.147480315],[-74.760745577,41.147465375],[-74.760695391,41.147439777],[-74.76066832,41.147420178],[-74.760595845,41.147360646],[-74.760545636,41.147323639],[-74.760505074,41.147299695],[-74.760467925,41.147281582],[-74.760438991,41.147270725],[-74.760398508,41.147259174],[-74.760335842,41.147247661],[-74.760254912,41.147235462],[-74.760209589,41.147230682],[-74.760160483,41.147225496],[-74.760119493,41.147222923],[-74.760070911,41.14721985],[-74.760018837,41.147210522],[-74.759969712,41.147195316],[-74.759884278,41.147160597],[-74.759884245,41.147160581],[-74.759743408,41.147089564],[-74.759643977,41.147030119],[-74.759643948,41.1470301],[-74.759625421,41.147015067],[-74.759547329,41.146951685],[-74.75947771,41.146879042],[-74.759425525,41.146839847],[-74.759389651,41.146818596],[-74.759361837,41.146802125],[-74.759228629,41.146725257],[-74.759141779,41.146674515],[-74.759141744,41.146674498],[-74.759043339,41.146633937],[-74.759043306,41.146633926],[-74.758954634,41.14660939],[-74.758931199,41.146604466],[-74.758892951,41.146596421],[-74.758837053,41.146592181],[-74.758831855,41.146592188],[-74.758798561,41.14659226],[-74.758782698,41.146593524]]]},"properties":{"OBJECTID":5415,"COMID":null,"PERMANENT_IDENTIFIER":"167282255","GNIS_ID":"00875774","GNIS_NAME":"Culvers Creek","AREASQKM":0.0043054700000000005,"REACHCODE":null,"FTYPE_DISPLAY":"Stream/River","HU8":"02040105","WATERBODY_NAME":"Culvers Creek","FEATURE_ID":875774,"FEATURE_NAME":"Culvers Creek","FEATURE_CLASS":"Stream","LEVELELEV":null,"GLOBALID":"{1E827152-8F3D-4EB5-B8C7-ED356D919CF3}"}},{"type":"Feature","id":5416,"geometry":{"type":"Polygon","coordinates":[[[-74.774851128,41.150455105],[-74.774862716,41.15045965],[-74.774875172,41.150467114],[-74.774884929,41.150476387],[-74.774887653,41.150478986],[-74.774909298,41.150506474],[-74.77491557,41.15051431],[-74.774921783,41.150522117],[-74.774926395,41.150532446],[-74.774929285,41.150538949],[-74.774967404,41.150534988],[-74.775017112,41.150529823],[-74.775015913,41.150525929],[-74.775013746,41.150518908],[-74.77500868,41.150502472],[-74.77499999,41.150476584],[-74.774993578,41.150457444],[-74.77497359,41.150431187],[-74.774956923,41.15040368],[-74.774956911,41.150403651],[-74.7749502,41.15038241],[-74.774950195,41.150382383],[-74.774950063,41.150349854],[-74.774951932,41.150337264],[-74.774954917,41.150317317],[-74.774965936,41.150286866],[-74.774971261,41.150272177],[-74.77497288,41.150260304],[-74.774974507,41.150248377],[-74.774974393,41.150224586],[-74.774964316,41.150189517],[-74.774939256,41.150140779],[-74.77491754,41.150100756],[-74.774890326,41.150067907],[-74.774875099,41.150049518],[-74.774849748,41.15002731],[-74.774830195,41.150010181],[-74.774776174,41.149960242],[-74.774752048,41.149941509],[-74.774727993,41.149929046],[-74.774719703,41.149923889],[-74.774703912,41.149914062],[-74.774644108,41.149874171],[-74.774603453,41.149852979],[-74.774603419,41.149852962],[-74.774563617,41.149836151],[-74.77453624,41.149825578],[-74.774433975,41.1497848],[-74.774350646,41.149758313],[-74.77429384,41.149742246],[-74.774243629,41.149723574],[-74.77423745,41.149718317],[-74.774229712,41.149711769],[-74.774220137,41.149703618],[-74.774181056,41.149669907],[-74.774170263,41.149663659],[-74.774152853,41.149659318],[-74.774132983,41.149658716],[-74.77411065,41.149658783],[-74.774101138,41.149657772],[-74.774066346,41.14964727],[-74.774048318,41.149633017],[-74.774034056,41.149614466],[-74.774015056,41.149578915],[-74.774015039,41.149578892],[-74.774005048,41.149569518],[-74.773999249,41.14956325],[-74.773995162,41.149559293],[-74.773990929,41.149555153],[-74.773973414,41.149528899],[-74.773965048,41.149511391],[-74.773965482,41.149497402],[-74.773965413,41.149480851],[-74.77396541,41.149480247],[-74.773965354,41.149466667],[-74.773959615,41.149450954],[-74.773947259,41.149435973],[-74.773929908,41.149425714],[-74.773918303,41.14942072],[-74.773913309,41.149415107],[-74.773912457,41.149410105],[-74.773915762,41.149405078],[-74.773918795,41.149404151],[-74.773924049,41.149402583],[-74.773946384,41.149401251],[-74.77396792,41.149401614],[-74.77398115,41.149399438],[-74.773987749,41.149394419],[-74.773987722,41.149387986],[-74.773986728,41.149376551],[-74.773962702,41.149349481],[-74.77395606,41.149338622],[-74.773947992,41.149322956],[-74.773929561,41.149273757],[-74.773913411,41.149255925],[-74.773906946,41.149249182],[-74.773896315,41.149238096],[-74.773884325,41.149221716],[-74.773862009,41.149197472],[-74.773861978,41.149197456],[-74.773785383,41.149166444],[-74.773747188,41.149156439],[-74.773747098,41.149156419],[-74.773712781,41.149149306],[-74.773668858,41.149146513],[-74.773617322,41.149146642],[-74.773610906,41.149147322],[-74.773602049,41.149148259],[-74.773561986,41.149152527],[-74.773495249,41.149169983],[-74.773458508,41.149179883],[-74.773443775,41.149183843],[-74.773426433,41.149185999],[-74.773414194,41.149187521],[-74.773398916,41.14919185],[-74.773388735,41.149198246],[-74.773388503,41.149198391],[-74.773387371,41.149201841],[-74.773386635,41.149204179],[-74.773386134,41.149208264],[-74.773385663,41.149212114],[-74.773382851,41.149220057],[-74.77338096,41.149226557],[-74.773377606,41.149229109],[-74.773373316,41.149232316],[-74.773354301,41.149235991],[-74.773274117,41.149244118],[-74.77325178,41.149243591],[-74.773246454,41.14924346],[-74.773213985,41.149237773],[-74.773201012,41.149235271],[-74.773184375,41.149232059],[-74.773174596,41.149231168],[-74.773161455,41.149229972],[-74.773149292,41.149230295],[-74.773132849,41.149230717],[-74.773087982,41.149233716],[-74.77306258,41.14923853],[-74.773039511,41.149242895],[-74.773022177,41.149246172],[-74.772999791,41.149250014],[-74.772966849,41.14925565],[-74.772923916,41.149261516],[-74.77286985,41.149271717],[-74.772867302,41.149272217],[-74.772865772,41.149272509],[-74.772840981,41.149281221],[-74.772815276,41.14929643],[-74.772815248,41.149296449],[-74.772786722,41.149315259],[-74.772781195,41.149316952],[-74.77277244,41.14931964],[-74.772757171,41.149320377],[-74.772742849,41.14931605],[-74.772737075,41.149308879],[-74.77273607,41.149300227],[-74.772740789,41.149289389],[-74.772749347,41.149282879],[-74.77275531,41.149280867],[-74.772757982,41.149279983],[-74.772775114,41.149276322],[-74.772779849,41.149274916],[-74.772789448,41.149271983],[-74.772795108,41.149264724],[-74.772797916,41.149255383],[-74.772797925,41.149255352],[-74.77279656,41.149251946],[-74.772795049,41.149248117],[-74.772790733,41.149245925],[-74.772786417,41.149243699],[-74.772779725,41.149240249],[-74.772737549,41.149244538],[-74.772679205,41.149237529],[-74.772626345,41.149222762],[-74.772592517,41.149203906],[-74.77255332,41.149188844],[-74.772517982,41.149179516],[-74.772500645,41.14917731],[-74.772495992,41.149176714],[-74.772483923,41.149176442],[-74.772467375,41.149176056],[-74.772448277,41.149176825],[-74.772427309,41.14917904],[-74.772402519,41.14918704],[-74.772338066,41.149207281],[-74.772287825,41.1492541],[-74.772243975,41.149321871],[-74.772221472,41.149368303],[-74.772162086,41.149436494],[-74.772098393,41.149486142],[-74.772073266,41.149508121],[-74.772069558,41.149526239],[-74.7720757,41.149548517],[-74.772077652,41.149560779],[-74.772077709,41.149573045],[-74.772071982,41.149584583],[-74.772055033,41.149616657],[-74.772054048,41.149618516],[-74.772054029,41.149618547],[-74.772026514,41.14965465],[-74.772026491,41.149654679],[-74.772001781,41.149679987],[-74.771971316,41.14970745],[-74.771918982,41.14974725],[-74.771885719,41.149768995],[-74.771789586,41.149817583],[-74.771784546,41.149822798],[-74.77176035,41.149847834],[-74.771758198,41.149850061],[-74.771748197,41.149871053],[-74.771730648,41.149895873],[-74.771700545,41.149934067],[-74.771677963,41.149961759],[-74.771661642,41.149978953],[-74.771647852,41.149998046],[-74.771647939,41.150019014],[-74.771662864,41.150037232],[-74.771662885,41.150037257],[-74.771662921,41.150037301],[-74.771673045,41.150049385],[-74.771673072,41.150049409],[-74.77168381,41.150056517],[-74.77169699,41.15006524],[-74.771713256,41.150073125],[-74.771723792,41.15008465],[-74.77172595,41.150089193],[-74.771739218,41.150117078],[-74.771756584,41.150165376],[-74.771756702,41.150192057],[-74.771752038,41.150215849],[-74.771752027,41.15021588],[-74.771736841,41.150235388],[-74.771715911,41.150251313],[-74.771691104,41.150254981],[-74.77166819,41.150254316],[-74.771646249,41.15024785],[-74.771621328,41.150232052],[-74.771574231,41.15018502],[-74.771560263,41.150161226],[-74.771534966,41.150142225],[-74.771503374,41.150125144],[-74.771449039,41.150111989],[-74.771412782,41.15010485],[-74.771389848,41.150102717],[-74.77137865,41.150104244],[-74.771367873,41.150105688],[-74.771363196,41.150106825],[-74.771346914,41.150110787],[-74.771321125,41.150111576],[-74.771302043,41.150109453],[-74.771287638,41.150106759],[-74.771267657,41.150103042],[-74.771253945,41.150102548],[-74.771229448,41.15010165],[-74.771204277,41.15010475],[-74.771193193,41.150106108],[-74.771191582,41.150106651],[-74.771128449,41.15012932],[-74.771128419,41.150129332],[-74.771082705,41.150152524],[-74.771061578,41.150168569],[-74.771045582,41.150180717],[-74.771039514,41.150187913],[-74.771035169,41.150193044],[-74.771021901,41.150217592],[-74.771012441,41.150241442],[-74.771008282,41.150247766],[-74.771001982,41.150257317],[-74.770989644,41.150267455],[-74.770972502,41.150274711],[-74.770966247,41.150275155],[-74.770951504,41.150276193],[-74.77092379,41.150273384],[-74.770900881,41.150269828],[-74.770886388,41.150268804],[-74.770871315,41.150267717],[-74.770827928,41.150269709],[-74.770804508,41.150270778],[-74.770781483,41.150270827],[-74.770766316,41.15027086],[-74.770754917,41.150269566],[-74.770729069,41.150266621],[-74.770704244,41.150261642],[-74.770681569,41.15025519],[-74.770679465,41.150254599],[-74.770676523,41.150253758],[-74.77066487,41.150248514],[-74.770652649,41.150242984],[-74.770639498,41.15023625],[-74.770627067,41.15024547],[-74.770611406,41.150257085],[-74.770595461,41.150268912],[-74.770582161,41.150278776],[-74.770621613,41.150289692],[-74.770699951,41.150304206],[-74.770718087,41.1503055],[-74.77073392,41.15030664],[-74.770772849,41.150310317],[-74.770787831,41.150310258],[-74.77080682,41.150310213],[-74.770830058,41.150309727],[-74.770840783,41.150309508],[-74.770852435,41.150309476],[-74.770878872,41.150309414],[-74.770924453,41.150313058],[-74.770959248,41.150317383],[-74.770984121,41.150319187],[-74.77101477,41.150317243],[-74.771042056,41.150312784],[-74.771063578,41.150303976],[-74.771084233,41.150289519],[-74.771099038,41.15026945],[-74.771110436,41.150236625],[-74.771124196,41.150209906],[-74.771158774,41.150186893],[-74.771164434,41.150183126],[-74.771218581,41.150165844],[-74.771279079,41.150159983],[-74.771354775,41.150170288],[-74.771431756,41.150186308],[-74.77150718,41.150217172],[-74.771514672,41.150223732],[-74.771532096,41.150239011],[-74.771563703,41.150265853],[-74.771577824,41.150277096],[-74.771577852,41.150277112],[-74.7715911,41.150283321],[-74.771605193,41.150290181],[-74.77162511,41.150296388],[-74.77166077,41.150303189],[-74.771688923,41.150304382],[-74.771733597,41.15030473],[-74.771763831,41.150297987],[-74.771797799,41.150279798],[-74.77182542,41.150251141],[-74.771844164,41.150210116],[-74.771845264,41.150171037],[-74.771843478,41.150164069],[-74.771829886,41.150111031],[-74.771806283,41.150039756],[-74.771809353,41.150024351],[-74.771821741,41.150009736],[-74.771834449,41.149994747],[-74.771878473,41.14996891],[-74.771884681,41.149962901],[-74.771892287,41.149955534],[-74.771919575,41.149909791],[-74.771939929,41.149889661],[-74.771977621,41.149857168],[-74.772001475,41.149836431],[-74.772004004,41.149834232],[-74.772006618,41.149829249],[-74.772011511,41.149819919],[-74.772039148,41.149795074],[-74.772080013,41.149739365],[-74.772093984,41.149709913],[-74.772123121,41.149672883],[-74.772155782,41.149643262],[-74.772179667,41.14962605],[-74.772208518,41.149589765],[-74.772252898,41.149481649],[-74.772265238,41.149458449],[-74.772272916,41.149446739],[-74.772288271,41.149423336],[-74.772312984,41.149389462],[-74.772329441,41.149366256],[-74.772348723,41.149328686],[-74.772385025,41.149281509],[-74.772420484,41.149253476],[-74.772440781,41.149245177],[-74.77245897,41.149238859],[-74.7724747,41.149236322],[-74.772492091,41.149236282],[-74.772507313,41.149238234],[-74.77251612,41.149239377],[-74.772547639,41.149252441],[-74.772585838,41.14927364],[-74.772662241,41.149326658],[-74.772690482,41.149343498],[-74.772690517,41.149343515],[-74.772717041,41.149355969],[-74.772731125,41.149360308],[-74.772752716,41.14936905],[-74.772773442,41.149377112],[-74.772807441,41.149385793],[-74.772849816,41.149395928],[-74.772875033,41.149395869],[-74.772895195,41.149392962],[-74.772921629,41.149382415],[-74.772934114,41.14937292],[-74.772941741,41.149367119],[-74.772953294,41.149348533],[-74.772981804,41.149325172],[-74.773014653,41.149314527],[-74.773049938,41.149309678],[-74.773083973,41.149307692],[-74.773126838,41.149306636],[-74.773167162,41.149300823],[-74.773186051,41.149295059],[-74.773211249,41.149290235],[-74.773240252,41.149291119],[-74.773271805,41.149298669],[-74.773302074,41.149300502],[-74.773333595,41.149300428],[-74.773372772,41.149291788],[-74.773385988,41.149288642],[-74.773400075,41.149282345],[-74.773411606,41.149273546],[-74.773424001,41.149266007],[-74.773434731,41.14925972],[-74.773442682,41.149257246],[-74.773452966,41.149254045],[-74.773471979,41.149251505],[-74.773501767,41.149240781],[-74.773523241,41.14922946],[-74.773542538,41.149213204],[-74.773560161,41.149206491],[-74.773594174,41.149198785],[-74.773629402,41.149200764],[-74.773644076,41.14920414],[-74.773677245,41.149215318],[-74.773696322,41.14922466],[-74.773723354,41.149260665],[-74.773758533,41.149306328],[-74.773775633,41.149324873],[-74.773788901,41.149331989],[-74.773803663,41.149343985],[-74.773810383,41.149361508],[-74.773813986,41.149366721],[-74.773822044,41.149378378],[-74.773841152,41.149395863],[-74.773851987,41.149408984],[-74.773858665,41.149425251],[-74.773860386,41.149440907],[-74.773860451,41.149455918],[-74.773863854,41.149474706],[-74.773873903,41.149498458],[-74.773879154,41.149505035],[-74.773901371,41.149544017],[-74.773919757,41.149564386],[-74.773949641,41.149597493],[-74.773966367,41.149621582],[-74.773977166,41.149634711],[-74.773986314,41.149645316],[-74.773992982,41.149653444],[-74.774005441,41.14966157],[-74.774019643,41.149668523],[-74.774019675,41.149668539],[-74.774027027,41.149672145],[-74.774037818,41.149677759],[-74.774037856,41.149677776],[-74.774047777,41.149682112],[-74.774053581,41.149687728],[-74.774055258,41.149693375],[-74.774057786,41.149706511],[-74.774061127,41.149711516],[-74.77406864,41.149718382],[-74.774084389,41.149729306],[-74.774086184,41.149730544],[-74.774090222,41.149733348],[-74.774110182,41.149751453],[-74.774122659,41.149768322],[-74.774136839,41.149790213],[-74.774138431,41.149792028],[-74.774138451,41.14979205],[-74.774155981,41.149812077],[-74.774166786,41.149822058],[-74.774171975,41.14982379],[-74.774181717,41.149827042],[-74.774194985,41.149830125],[-74.774218985,41.14982758],[-74.774236389,41.149828171],[-74.774247868,41.149830659],[-74.774255247,41.149832262],[-74.774255819,41.149832392],[-74.774256311,41.149832505],[-74.774276191,41.149838717],[-74.774302728,41.149847417],[-74.774320335,41.149855385],[-74.774332657,41.149862504],[-74.77434687,41.149868904],[-74.774363903,41.149871722],[-74.774374303,41.149870983],[-74.774386572,41.149865235],[-74.774398821,41.149854484],[-74.774413891,41.149840152],[-74.774424272,41.149835123],[-74.774446029,41.149836502],[-74.774472579,41.149853593],[-74.774546394,41.149889771],[-74.774549018,41.149891057],[-74.774559124,41.149895798],[-74.774603331,41.149913801],[-74.774693103,41.14997363],[-74.774704515,41.149988851],[-74.774756438,41.150043052],[-74.774790692,41.150093482],[-74.774804773,41.150143961],[-74.774814247,41.150183114],[-74.774816384,41.150206836],[-74.774813997,41.150239246],[-74.774805282,41.150265952],[-74.774800314,41.150284072],[-74.774791556,41.150300295],[-74.774775884,41.150321111],[-74.774742719,41.150352658],[-74.774730787,41.150365452],[-74.774707573,41.150390373],[-74.774706713,41.150390508],[-74.774700119,41.150396784],[-74.774700157,41.150405546],[-74.774705169,41.150416185],[-74.774719249,41.15042565],[-74.774735908,41.150436772],[-74.774755843,41.150447982],[-74.774770783,41.15045425],[-74.774782741,41.150455695],[-74.774790651,41.15045666],[-74.774807238,41.150455993],[-74.774829572,41.150451574],[-74.77483412,41.150451559],[-74.774841981,41.150451528],[-74.774851128,41.150455105]]]},"properties":{"OBJECTID":5416,"COMID":null,"PERMANENT_IDENTIFIER":"167282255","GNIS_ID":"00875774","GNIS_NAME":"Culvers Creek","AREASQKM":0.0049420100000000002,"REACHCODE":null,"FTYPE_DISPLAY":"Stream/River","HU8":"02040105","WATERBODY_NAME":"Culvers Creek","FEATURE_ID":875774,"FEATURE_NAME":"Culvers Creek","FEATURE_CLASS":"Stream","LEVELELEV":null,"GLOBALID":"{62993D6D-3F97-4AEC-BBD3-7413CFC1FC0E}"}},{"type":"Feature","id":5417,"geometry":{"type":"Polygon","coordinates":[[[-74.765041644,41.150759406],[-74.7650683,41.150767119],[-74.765157037,41.150788985],[-74.765181363,41.150794037],[-74.765218704,41.150795929],[-74.76527077,41.150795044],[-74.765295718,41.150782371],[-74.765324851,41.150760995],[-74.765354368,41.150740118],[-74.765354994,41.150739653],[-74.765367263,41.150729662],[-74.76538412,41.150715928],[-74.765413194,41.150683546],[-74.765431743,41.150654966],[-74.765437313,41.150646384],[-74.765437435,41.150646195],[-74.765458803,41.150613272],[-74.76549565,41.150569043],[-74.765518546,41.150553212],[-74.765556041,41.150540518],[-74.765634121,41.150505651],[-74.765707047,41.150477917],[-74.765736443,41.150474199],[-74.765751844,41.150472261],[-74.765878034,41.150465659],[-74.765952114,41.150465517],[-74.76599485,41.150466185],[-74.766021981,41.150470062],[-74.76604809,41.150473942],[-74.766049424,41.150473938],[-74.766052836,41.150473927],[-74.766059019,41.150473917],[-74.76607098,41.150473917],[-74.766091855,41.150469115],[-74.766105374,41.150461193],[-74.766130854,41.150436711],[-74.766172446,41.150416117],[-74.766172476,41.150416103],[-74.766204766,41.150401848],[-74.766241197,41.150387582],[-74.766276632,41.150378814],[-74.766291951,41.150372764],[-74.766304766,41.150367713],[-74.766325567,41.150355843],[-74.766336031,41.150344978],[-74.766336979,41.150343985],[-74.766344194,41.150325846],[-74.766350185,41.150310629],[-74.766356647,41.150294251],[-74.76636655,41.150271255],[-74.766374662,41.150252447],[-74.766395443,41.150226378],[-74.766400714,41.150222584],[-74.766417314,41.150210584],[-74.766450571,41.150190776],[-74.766485981,41.150177317],[-74.766507658,41.150174581],[-74.766524524,41.15017246],[-74.766588653,41.150172319],[-74.766606967,41.150172278],[-74.766630137,41.150171694],[-74.766656914,41.15017105],[-74.766679873,41.150169735],[-74.766709967,41.150168011],[-74.766729761,41.15016428],[-74.766771389,41.150156432],[-74.766840338,41.150135544],[-74.766882826,41.150119005],[-74.766926172,41.15008102],[-74.767009332,41.150008219],[-74.767021922,41.149998188],[-74.767022401,41.149997806],[-74.76703166,41.149975167],[-74.767045419,41.149939275],[-74.767064852,41.149890387],[-74.767081898,41.149858198],[-74.767092447,41.149837152],[-74.767101404,41.14982724],[-74.767109568,41.149823511],[-74.767126737,41.149821617],[-74.767147188,41.149822187],[-74.767162735,41.149823388],[-74.767200375,41.149827011],[-74.76723885,41.149834959],[-74.767327923,41.149851315],[-74.767380113,41.149864585],[-74.767380145,41.149864594],[-74.767443325,41.149888111],[-74.767460836,41.149898818],[-74.767486444,41.149917342],[-74.767504486,41.149935886],[-74.767545232,41.149955805],[-74.767549912,41.149957812],[-74.767611543,41.149984243],[-74.767757328,41.150021789],[-74.767915408,41.150059305],[-74.768019441,41.150073128],[-74.768080989,41.150081555],[-74.768117873,41.150082184],[-74.768158042,41.15009301],[-74.768165208,41.150094941],[-74.768197425,41.150110591],[-74.768250434,41.150123334],[-74.768291106,41.150125384],[-74.768311893,41.150121046],[-74.768336424,41.150107408],[-74.768368194,41.150090894],[-74.768383313,41.150087999],[-74.768406333,41.15009009],[-74.768438523,41.150099307],[-74.768510433,41.15013287],[-74.768517616,41.150137879],[-74.768556296,41.15015672],[-74.768630455,41.150184128],[-74.768646935,41.150189262],[-74.768685781,41.150201383],[-74.768725805,41.150211691],[-74.768743234,41.150216191],[-74.768764062,41.1502215],[-74.768792316,41.150228707],[-74.768827781,41.150238852],[-74.768827813,41.150238862],[-74.768867522,41.150256909],[-74.768891581,41.15027185],[-74.768917716,41.150288317],[-74.768947996,41.150302445],[-74.768975189,41.150315777],[-74.768986713,41.150325997],[-74.768987776,41.150333851],[-74.768982587,41.150340191],[-74.768964748,41.150344053],[-74.76893465,41.150350558],[-74.768914075,41.150354392],[-74.768896115,41.150357717],[-74.768856798,41.150361309],[-74.76881582,41.150365027],[-74.768744901,41.150365984],[-74.768729176,41.150366022],[-74.768699164,41.150357849],[-74.768683058,41.150350739],[-74.768674525,41.15034504],[-74.768635697,41.15033155],[-74.768621503,41.150329438],[-74.76860733,41.15033233],[-74.768599802,41.15034164],[-74.768603623,41.150350924],[-74.768621695,41.150376614],[-74.768631196,41.150387314],[-74.768651102,41.150398704],[-74.76868802,41.150407911],[-74.768779517,41.150411639],[-74.768828518,41.150411518],[-74.768838394,41.150410947],[-74.768871264,41.150409051],[-74.76887808,41.150408273],[-74.768899394,41.15040584],[-74.768925467,41.150397884],[-74.768958811,41.15038835],[-74.768973053,41.150382389],[-74.768979635,41.150379645],[-74.769003592,41.150374053],[-74.769037991,41.150373182],[-74.769063571,41.150374707],[-74.769088597,41.150379384],[-74.769119964,41.15038955],[-74.769191607,41.150405743],[-74.769266384,41.150422723],[-74.76930333,41.150438362],[-74.769345885,41.15046003],[-74.769363984,41.150470386],[-74.769383912,41.150487494],[-74.769412359,41.150506013],[-74.769438884,41.150517387],[-74.769463504,41.150525192],[-74.769488111,41.150530138],[-74.769518387,41.150533641],[-74.769555527,41.150543844],[-74.769577456,41.150552455],[-74.769593771,41.150556044],[-74.769616594,41.150561044],[-74.769655248,41.15056965],[-74.769680705,41.150575288],[-74.769704315,41.150580545],[-74.769748168,41.150588324],[-74.769770057,41.150592215],[-74.769783683,41.150592183],[-74.769789915,41.150592183],[-74.769815965,41.150586589],[-74.769847181,41.150570784],[-74.769870041,41.150550987],[-74.769885581,41.150529657],[-74.7698959,41.150502049],[-74.769898844,41.15049006],[-74.769903062,41.150472857],[-74.769949972,41.150390386],[-74.769968777,41.150363895],[-74.769984779,41.150345988],[-74.769996045,41.150325947],[-74.77000258,41.150305202],[-74.770011268,41.150249235],[-74.770011793,41.150245853],[-74.77001169,41.150220835],[-74.770010619,41.150190101],[-74.77001999,41.15016935],[-74.770040681,41.150141425],[-74.770117144,41.150108365],[-74.770170555,41.150103159],[-74.770185214,41.150103917],[-74.770212675,41.150113144],[-74.770234455,41.150120241],[-74.770258116,41.150125189],[-74.770286492,41.150126552],[-74.770313914,41.150125773],[-74.77033717,41.150128229],[-74.770340404,41.15012857],[-74.770381567,41.15014851],[-74.770420423,41.150165334],[-74.770456635,41.150184289],[-74.770483245,41.150216393],[-74.770499403,41.150236369],[-74.770513976,41.150245947],[-74.770521288,41.150250753],[-74.770525154,41.150253294],[-74.770546997,41.150234115],[-74.770554427,41.150227592],[-74.770581854,41.150203512],[-74.770581826,41.150203488],[-74.770576102,41.150183771],[-74.770565647,41.150170929],[-74.77055046,41.150157384],[-74.770541579,41.150151112],[-74.770533845,41.150148546],[-74.770498363,41.150136777],[-74.770469915,41.150117544],[-74.770437612,41.150093952],[-74.770373187,41.150066905],[-74.770360781,41.150062248],[-74.770327311,41.150049705],[-74.770297708,41.15004184],[-74.770285162,41.150040946],[-74.770268103,41.150039726],[-74.770216527,41.150036253],[-74.770174684,41.15003736],[-74.770021483,41.150072135],[-74.76997073,41.150114597],[-74.769964936,41.150119444],[-74.7699396,41.150167394],[-74.769920179,41.150214677],[-74.769910984,41.150236064],[-74.769906309,41.150257726],[-74.769904514,41.150289517],[-74.769904713,41.150331321],[-74.769900056,41.150365245],[-74.769893501,41.150386183],[-74.76988925,41.150391414],[-74.769885867,41.150395578],[-74.769872578,41.150407862],[-74.7698583,41.150422324],[-74.769844048,41.15044325],[-74.769830852,41.15047578],[-74.769824289,41.150507538],[-74.769817688,41.150527752],[-74.769806302,41.150540047],[-74.769791047,41.150548022],[-74.769783032,41.150549386],[-74.769773848,41.150550917],[-74.769751916,41.150550263],[-74.769741146,41.150548038],[-74.769734721,41.150546709],[-74.769695564,41.150531652],[-74.769657307,41.150518041],[-74.769617177,41.150507313],[-74.769574181,41.150493707],[-74.769517154,41.150463594],[-74.769475469,41.150445107],[-74.76945085,41.150437302],[-74.769422592,41.150426592],[-74.769409708,41.150419781],[-74.769372433,41.150403987],[-74.769333211,41.150388933],[-74.769333179,41.150388921],[-74.769264435,41.150363848],[-74.769190782,41.150340183],[-74.769180635,41.150338174],[-74.769112502,41.150324521],[-74.769069502,41.150315243],[-74.769037946,41.150304498],[-74.769018941,41.150295287],[-74.769008308,41.150290127],[-74.769001257,41.150285394],[-74.768980572,41.150271449],[-74.768958533,41.150252739],[-74.768958511,41.150252718],[-74.768936473,41.150231142],[-74.768936444,41.150231121],[-74.76890968,41.150213897],[-74.768878123,41.150199529],[-74.768838005,41.150187363],[-74.768815857,41.150183053],[-74.768794048,41.150178784],[-74.768770701,41.150174856],[-74.768752044,41.150171707],[-74.768701403,41.150158829],[-74.76865838,41.150144508],[-74.768600037,41.15011218],[-74.768567478,41.150091339],[-74.768567447,41.150091317],[-74.768546442,41.150074784],[-74.768525326,41.150053916],[-74.768496636,41.150033784],[-74.768468911,41.150022308],[-74.768423988,41.150006526],[-74.768378116,41.149995107],[-74.768364787,41.149993564],[-74.768335181,41.149990117],[-74.768319122,41.14998977],[-74.768307469,41.149989493],[-74.768295672,41.149991431],[-74.768280781,41.14999385],[-74.768269023,41.149997167],[-74.768252168,41.150001887],[-74.76823255,41.150006654],[-74.768210181,41.15001205],[-74.768171114,41.150014317],[-74.768100441,41.150008728],[-74.768018364,41.150005315],[-74.768017038,41.150005152],[-74.767961054,41.149998242],[-74.76789325,41.149987572],[-74.767838785,41.149975439],[-74.767780705,41.149956688],[-74.767727679,41.149939656],[-74.767673704,41.149921912],[-74.767621632,41.149907022],[-74.767568609,41.149890705],[-74.767532604,41.149873633],[-74.767473151,41.149838884],[-74.767460253,41.149832024],[-74.767449879,41.149827904],[-74.767447224,41.149826849],[-74.767423706,41.149817509],[-74.767395243,41.149806194],[-74.767328374,41.149789044],[-74.767240514,41.149776256],[-74.767175578,41.149772088],[-74.76715185,41.149773636],[-74.76712978,41.14977505],[-74.76708122,41.149791268],[-74.767047033,41.149802684],[-74.767020616,41.149817757],[-74.767006527,41.149841378],[-74.766992435,41.149864284],[-74.766982445,41.149892123],[-74.766977999,41.149904512],[-74.766942742,41.149969474],[-74.766892842,41.150023914],[-74.766839119,41.150068356],[-74.766798569,41.150096327],[-74.766762695,41.150111421],[-74.76669372,41.150125876],[-74.766622819,41.150131759],[-74.766550003,41.150131927],[-74.766483793,41.150128506],[-74.766439352,41.150130039],[-74.766398256,41.150141818],[-74.766352649,41.150180852],[-74.766352618,41.150180882],[-74.766297516,41.150248818],[-74.766261375,41.150276315],[-74.766225178,41.150293722],[-74.766181328,41.150308252],[-74.766171544,41.150310038],[-74.76614126,41.150315558],[-74.766125961,41.150323315],[-74.76610698,41.150332918],[-74.766072713,41.150354658],[-74.766028846,41.150376384],[-74.766001074,41.150381964],[-74.765985016,41.15038517],[-74.765944944,41.150386703],[-74.765899112,41.150381041],[-74.765837984,41.150373974],[-74.765788371,41.150375518],[-74.765703381,41.150364181],[-74.765642247,41.150358517],[-74.765617456,41.150360049],[-74.765603174,41.150365127],[-74.765590787,41.150375253],[-74.765586046,41.150386784],[-74.765586055,41.150386811],[-74.765586092,41.150394744],[-74.765597642,41.150417795],[-74.76559864,41.15042864],[-74.765597588,41.150432095],[-74.765595779,41.150437984],[-74.765591891,41.150442114],[-74.765588217,41.150445961],[-74.765558703,41.150461909],[-74.76552157,41.150484351],[-74.765508565,41.150493515],[-74.765471131,41.150519826],[-74.765471107,41.150519846],[-74.765444508,41.150545114],[-74.765444485,41.150545137],[-74.765433807,41.150557019],[-74.765433779,41.150557051],[-74.765366588,41.150631854],[-74.765366565,41.15063188],[-74.765331419,41.150672361],[-74.765310763,41.15068759],[-74.765300983,41.150694795],[-74.76525238,41.150720851],[-74.765225714,41.150732451],[-74.765197113,41.150737594],[-74.765166569,41.15073551],[-74.765122596,41.150724784],[-74.765116873,41.150723877],[-74.765084543,41.150718328],[-74.765031111,41.150709155],[-74.765026022,41.15070755],[-74.764995129,41.150697801],[-74.764977104,41.150683547],[-74.764956242,41.150669299],[-74.764924049,41.150659365],[-74.764898479,41.150650133],[-74.764863394,41.150626625],[-74.764814327,41.150596514],[-74.764761239,41.150574845],[-74.764709581,41.150547524],[-74.764698143,41.150536967],[-74.764684661,41.150524515],[-74.764672526,41.150514825],[-74.764654035,41.150500057],[-74.76461958,41.150474172],[-74.764579914,41.150451333],[-74.764562166,41.150441114],[-74.76455062,41.150435045],[-74.764485637,41.150400887],[-74.764456932,41.150382188],[-74.764449528,41.15037541],[-74.764427179,41.150354917],[-74.764412908,41.15034192],[-74.764412883,41.150341897],[-74.764412436,41.150341384],[-74.764387173,41.150312384],[-74.764373298,41.150296449],[-74.764347671,41.150267015],[-74.76434765,41.150266983],[-74.764332304,41.150242519],[-74.76432072,41.150210794],[-74.764312779,41.150137243],[-74.764304979,41.150088183],[-74.76429338,41.15004925],[-74.764283634,41.150033422],[-74.764270817,41.150009687],[-74.764267885,41.149986105],[-74.764258354,41.149967542],[-74.764242482,41.149949035],[-74.764224121,41.149926787],[-74.764219614,41.149922379],[-74.764204979,41.14990805],[-74.76417438,41.149887917],[-74.764141847,41.149867784],[-74.764101915,41.149849733],[-74.764091126,41.149844849],[-74.764082105,41.14984201],[-74.76406151,41.149835528],[-74.764042385,41.149824045],[-74.763991992,41.149788715],[-74.763906466,41.149732272],[-74.763906442,41.149732253],[-74.763903182,41.149729328],[-74.763837846,41.149670517],[-74.763789446,41.14960585],[-74.763724826,41.149530151],[-74.763694583,41.149494709],[-74.763648315,41.14943872],[-74.763627326,41.149413423],[-74.763615196,41.149398783],[-74.763553377,41.149347972],[-74.763435459,41.149249218],[-74.763356249,41.149188252],[-74.763321509,41.149169391],[-74.763263126,41.149146244],[-74.763245863,41.149174597],[-74.763232511,41.149196529],[-74.763263365,41.149201583],[-74.76328651,41.149212441],[-74.763301977,41.149222593],[-74.7633639,41.149293058],[-74.763508107,41.149449312],[-74.763520118,41.149462326],[-74.763595587,41.149548062],[-74.763626579,41.149590238],[-74.763713583,41.149668658],[-74.763827572,41.149752846],[-74.763913054,41.14981379],[-74.763947788,41.14983411],[-74.763997994,41.149862381],[-74.764048181,41.149884109],[-74.764092564,41.149905852],[-74.76410686,41.149920714],[-74.764145824,41.149968515],[-74.764170514,41.149994191],[-74.76420687,41.150033341],[-74.764210593,41.150040256],[-74.764218427,41.150078957],[-74.76422928,41.150132676],[-74.764232376,41.150182177],[-74.764240227,41.150217092],[-74.764240236,41.150217119],[-74.764260394,41.150277513],[-74.764279457,41.150302989],[-74.764297252,41.150325039],[-74.764329712,41.150351773],[-74.764412742,41.150417257],[-74.764424393,41.150426446],[-74.764477784,41.150472048],[-74.764515442,41.150504254],[-74.764515472,41.150504278],[-74.764567769,41.150539647],[-74.764668651,41.150602464],[-74.764738711,41.150643321],[-74.764866172,41.150695843],[-74.764886117,41.150704318],[-74.764919443,41.150718507],[-74.764960187,41.15073584],[-74.765041644,41.150759406]]]},"properties":{"OBJECTID":5417,"COMID":null,"PERMANENT_IDENTIFIER":"167282255","GNIS_ID":"00875774","GNIS_NAME":"Culvers Creek","AREASQKM":0.0060542,"REACHCODE":null,"FTYPE_DISPLAY":"Stream/River","HU8":"02040105","WATERBODY_NAME":"Culvers Creek","FEATURE_ID":875774,"FEATURE_NAME":"Culvers Creek","FEATURE_CLASS":"Stream","LEVELELEV":null,"GLOBALID":"{2BFFEDBB-FAF3-4A1A-B7BB-9E630CDD4DE7}"}},{"type":"Feature","id":5418,"geometry":{"type":"Polygon","coordinates":[[[-74.775106583,41.151790687],[-74.775111726,41.151818041],[-74.775120946,41.151841172],[-74.775139875,41.151815693],[-74.775154888,41.151798175],[-74.775177976,41.151788237],[-74.775196064,41.151784392],[-74.775222215,41.151785091],[-74.775252401,41.15178882],[-74.77527354,41.15179333],[-74.775305772,41.151805415],[-74.775344049,41.151819766],[-74.775380308,41.151832603],[-74.775397407,41.151833322],[-74.775422569,41.151837823],[-74.775443682,41.151836252],[-74.775463796,41.151836203],[-74.775489717,41.151839858],[-74.775478569,41.151812186],[-74.775470411,41.151797651],[-74.775458088,41.151790533],[-74.775431185,41.151780579],[-74.775405256,41.151773183],[-74.775350919,41.151721053],[-74.775331886,41.151692506],[-74.77530501,41.151673509],[-74.775274935,41.151642606],[-74.775244924,41.151627191],[-74.775208589,41.151607026],[-74.775193584,41.151599318],[-74.775188034,41.151591587],[-74.775189524,41.151571331],[-74.775198893,41.151549864],[-74.775212927,41.151514091],[-74.775234741,41.151453282],[-74.775241002,41.15144314],[-74.775237803,41.15143183],[-74.775221997,41.151421146],[-74.775184619,41.151415756],[-74.775193931,41.151381185],[-74.775222319,41.151277044],[-74.775231059,41.151156907],[-74.775230851,41.151152446],[-74.775218933,41.151141259],[-74.775212367,41.151126527],[-74.775209003,41.151099496],[-74.775208874,41.15106877],[-74.775205457,41.151029448],[-74.775187851,41.150962842],[-74.775171177,41.150935323],[-74.775161127,41.150910313],[-74.775142793,41.150885313],[-74.775119511,41.15086032],[-74.775091199,41.150824077],[-74.775091182,41.15082405],[-74.775077794,41.15078529],[-74.775070576,41.150762444],[-74.775064376,41.150742784],[-74.775064371,41.150742754],[-74.775057449,41.150668917],[-74.775049514,41.150640993],[-74.775043965,41.150621348],[-74.775040859,41.150609249],[-74.774996679,41.150613917],[-74.774966077,41.150617149],[-74.774974384,41.150627784],[-74.774983642,41.150654659],[-74.774987925,41.150690315],[-74.774987931,41.150690346],[-74.775003915,41.150748527],[-74.77501417,41.150821124],[-74.775025913,41.150859305],[-74.775037639,41.150887448],[-74.775057583,41.150915584],[-74.775069091,41.150930623],[-74.775074298,41.150937443],[-74.775093463,41.150969317],[-74.775097642,41.150980579],[-74.775097791,41.151018117],[-74.775097793,41.151018146],[-74.775114706,41.151095118],[-74.77512144,41.151121998],[-74.775121515,41.151140791],[-74.775119065,41.151154581],[-74.775113855,41.151168261],[-74.775113316,41.151169584],[-74.775107696,41.151177824],[-74.775104301,41.151182784],[-74.77509524,41.151195322],[-74.775091969,41.15120598],[-74.775091716,41.151208445],[-74.77509038,41.15122164],[-74.775092067,41.151231649],[-74.775094638,41.151236594],[-74.77509724,41.151241615],[-74.775097915,41.151242908],[-74.775107062,41.15125478],[-74.775110173,41.151258439],[-74.775112903,41.151261656],[-74.775122591,41.151266548],[-74.77513324,41.151271877],[-74.775136815,41.1512799],[-74.775130964,41.151292408],[-74.775112148,41.151310301],[-74.775100993,41.151325052],[-74.775089242,41.151338467],[-74.775073955,41.151353228],[-74.775059823,41.15136174],[-74.775044507,41.151369362],[-74.775030369,41.151376535],[-74.77501625,41.151388616],[-74.775008619,41.151398898],[-74.774982131,41.151417255],[-74.774963919,41.151438717],[-74.774944001,41.151475353],[-74.774927586,41.15150261],[-74.774920587,41.151523153],[-74.774920063,41.151538771],[-74.774917167,41.151552164],[-74.774911875,41.151557086],[-74.77490194,41.151558912],[-74.774897128,41.151559798],[-74.774890093,41.151571416],[-74.774889714,41.151572364],[-74.774884596,41.151585168],[-74.774883664,41.151587495],[-74.774885476,41.151596861],[-74.774885519,41.151607123],[-74.77487847,41.151615618],[-74.77486373,41.151620115],[-74.774848978,41.151621935],[-74.774838379,41.151628207],[-74.774827901,41.151633064],[-74.774824276,41.151671194],[-74.774799409,41.151755124],[-74.77480461,41.151793233],[-74.774826131,41.151813196],[-74.774851372,41.151818854],[-74.774858935,41.151817884],[-74.774863938,41.15180834],[-74.774863871,41.151792139],[-74.774867518,41.151759726],[-74.774877493,41.151733017],[-74.774888332,41.151715545],[-74.774893025,41.151708394],[-74.774901829,41.151696326],[-74.774911263,41.15169318],[-74.774923081,41.151695829],[-74.774943766,41.15170158],[-74.77496148,41.151702431],[-74.774976246,41.15170418],[-74.774993417,41.151716186],[-74.775003758,41.151725367],[-74.77502248,41.151728858],[-74.775040114,41.151724051],[-74.775055246,41.151724015],[-74.775076745,41.151739212],[-74.775095707,41.151780855],[-74.775106583,41.151790687]]]},"properties":{"OBJECTID":5418,"COMID":null,"PERMANENT_IDENTIFIER":"167282255","GNIS_ID":"00875774","GNIS_NAME":"Culvers Creek","AREASQKM":0.0020634199999999998,"REACHCODE":null,"FTYPE_DISPLAY":"Stream/River","HU8":"02040105","WATERBODY_NAME":"Culvers Creek","FEATURE_ID":875774,"FEATURE_NAME":"Culvers Creek","FEATURE_CLASS":"Stream","LEVELELEV":null,"GLOBALID":"{BB25DB76-CFD8-4F03-93D3-69044F3F9240}"}},{"type":"Feature","id":5439,"geometry":{"type":"Polygon","coordinates":[[[-74.776944111,41.152206996],[-74.776982356,41.152239469],[-74.776983112,41.152239887],[-74.776983397,41.15224005],[-74.777025517,41.152263184],[-74.777048784,41.152275651],[-74.777116445,41.152294763],[-74.777170065,41.152301781],[-74.77723938,41.152293275],[-74.777272449,41.152281847],[-74.777282738,41.152278291],[-74.777292873,41.152270512],[-74.777303856,41.152258572],[-74.777308632,41.152252917],[-74.777317971,41.152241859],[-74.777333597,41.152209656],[-74.77736501,41.152183371],[-74.777422661,41.15215684],[-74.777464454,41.152143183],[-74.777527339,41.152104908],[-74.777580137,41.152066659],[-74.777604005,41.152045793],[-74.777640182,41.152027836],[-74.777719182,41.151989885],[-74.777733594,41.151977655],[-74.77777124,41.151934676],[-74.777786247,41.151905095],[-74.777783588,41.151872697],[-74.7777631,41.151798408],[-74.777749476,41.151767847],[-74.777744601,41.151747622],[-74.77775084,41.15173212],[-74.777768097,41.151713017],[-74.777840423,41.151671146],[-74.777976913,41.151595978],[-74.778070277,41.151563737],[-74.778095749,41.15154938],[-74.778139148,41.151524973],[-74.778150271,41.151516717],[-74.778164376,41.151497622],[-74.778165886,41.151482131],[-74.778164256,41.151469031],[-74.77816573,41.1514452],[-74.778175137,41.151433264],[-74.778206588,41.15141651],[-74.778234864,41.151393807],[-74.77825586,41.151358437],[-74.778264623,41.151349656],[-74.778317955,41.151288769],[-74.778355606,41.151246982],[-74.778445651,41.151189183],[-74.778465921,41.151176243],[-74.778496888,41.151156473],[-74.778496923,41.151156445],[-74.778526465,41.151126785],[-74.778533167,41.151120078],[-74.77853319,41.151120052],[-74.778577097,41.151071321],[-74.778592772,41.151051031],[-74.778613115,41.151016433],[-74.778624017,41.150985432],[-74.778647543,41.150957974],[-74.778699388,41.150918535],[-74.778783949,41.150877816],[-74.77883925,41.15086306],[-74.778852155,41.150855922],[-74.778865009,41.150848812],[-74.778885006,41.150832311],[-74.77889755,41.150816793],[-74.778910072,41.15079651],[-74.778919439,41.150775044],[-74.778930365,41.150749999],[-74.778944484,41.150734477],[-74.778966529,41.150729659],[-74.778997039,41.150730789],[-74.779018587,41.150738251],[-74.779036852,41.150749482],[-74.779046087,41.150755719],[-74.779053465,41.150760711],[-74.779065051,41.15076445],[-74.779069907,41.150764422],[-74.779076672,41.150764406],[-74.779086599,41.150758122],[-74.77909481,41.150743074],[-74.779094784,41.150736854],[-74.779094784,41.150731784],[-74.779096372,41.150715516],[-74.779100539,41.150711891],[-74.779107911,41.15070548],[-74.779115158,41.150701472],[-74.779126117,41.15069545],[-74.779149252,41.150689108],[-74.779193917,41.150663983],[-74.779213717,41.150653917],[-74.779233574,41.15064884],[-74.779253446,41.150647523],[-74.779286582,41.150651194],[-74.779313102,41.15065114],[-74.779346195,41.150647308],[-74.779377644,41.150638459],[-74.779399131,41.150628387],[-74.779427178,41.150603279],[-74.779470121,41.150569376],[-74.779511464,41.150530651],[-74.779513014,41.150529201],[-74.779558387,41.150482127],[-74.779574148,41.150470645],[-74.779598051,41.15045325],[-74.779637585,41.15041685],[-74.77963761,41.150416828],[-74.779647512,41.150408662],[-74.779649165,41.150408353],[-74.779650841,41.150408042],[-74.779662451,41.150406783],[-74.779683118,41.150407984],[-74.77969854,41.150407513],[-74.779707181,41.15040726],[-74.77973462,41.150398128],[-74.779732419,41.15039456],[-74.77971997,41.150374361],[-74.779718175,41.150371447],[-74.779711883,41.150361241],[-74.779695376,41.150364107],[-74.779671352,41.150364155],[-74.779658056,41.150362935],[-74.779651457,41.150362325],[-74.779634911,41.150364246],[-74.77961425,41.150375573],[-74.779591726,41.150390443],[-74.779582859,41.15039631],[-74.779558051,41.150411383],[-74.779538411,41.15042148],[-74.779520054,41.150430891],[-74.779498003,41.150438023],[-74.779465451,41.150448516],[-74.779429113,41.150468662],[-74.779392747,41.1504913],[-74.779392723,41.15049132],[-74.779363057,41.150517659],[-74.779346533,41.150533982],[-74.779336285,41.150540379],[-74.779328391,41.150545306],[-74.779310184,41.150552852],[-74.779282051,41.15055665],[-74.779253913,41.150562994],[-74.779246271,41.150566241],[-74.779239038,41.150569311],[-74.779217574,41.15058438],[-74.779212387,41.150589789],[-74.779204333,41.150598189],[-74.779196799,41.15060681],[-74.779191174,41.150613246],[-74.7791858,41.150617333],[-74.779172984,41.15062705],[-74.779160095,41.150631614],[-74.779151515,41.15063464],[-74.779121712,41.150638454],[-74.779090242,41.150641047],[-74.779082071,41.150644152],[-74.779070397,41.150648591],[-74.779050578,41.150664921],[-74.779038991,41.150667454],[-74.779020772,41.150668751],[-74.779012415,41.150667869],[-74.77900918,41.150667526],[-74.778992574,41.150656309],[-74.778977637,41.150647576],[-74.778972329,41.150646855],[-74.778959386,41.150645111],[-74.778929577,41.150646441],[-74.778891518,41.150655306],[-74.778880045,41.150661114],[-74.778866719,41.150667862],[-74.778850251,41.150682917],[-74.778850228,41.150682944],[-74.778844713,41.150692384],[-74.778821407,41.150729965],[-74.77882139,41.150729986],[-74.778806583,41.150745023],[-74.778793379,41.150757583],[-74.778771901,41.150770151],[-74.778762826,41.15077831],[-74.778753718,41.15078645],[-74.778730663,41.150815324],[-74.778715789,41.150826639],[-74.778664376,41.150838801],[-74.778634428,41.150838873],[-74.778612338,41.150832971],[-74.778585535,41.150830653],[-74.778572965,41.150840213],[-74.778572347,41.150845536],[-74.778571446,41.150853322],[-74.778579387,41.150867599],[-74.778584196,41.150886648],[-74.778584297,41.150910475],[-74.778584367,41.150927153],[-74.778582842,41.15093907],[-74.778575032,41.150955768],[-74.778567449,41.150965873],[-74.778562493,41.150972476],[-74.778543651,41.1509892],[-74.778531082,41.150998761],[-74.77850161,41.151013715],[-74.778488618,41.151020308],[-74.778410154,41.151101508],[-74.77837358,41.15113461],[-74.778319087,41.151183929],[-74.778278334,41.151237637],[-74.778248307,41.151281322],[-74.778199386,41.151323728],[-74.778154782,41.151350127],[-74.778130035,41.151367717],[-74.778068859,41.151404184],[-74.777957928,41.151504078],[-74.777865846,41.151574974],[-74.777814611,41.151608895],[-74.77781458,41.151608913],[-74.777765041,41.151632795],[-74.777715374,41.151644189],[-74.777693906,41.151656777],[-74.777680201,41.151672398],[-74.777670797,41.151683114],[-74.77765767,41.15171195],[-74.777657662,41.151711985],[-74.777656517,41.151721946],[-74.777654488,41.151739497],[-74.77763798,41.15175706],[-74.777619857,41.151772121],[-74.777619834,41.151772143],[-74.777606647,41.151788449],[-74.777596794,41.151809773],[-74.77759357,41.151831055],[-74.777593703,41.151861112],[-74.777593753,41.151875891],[-74.7775938,41.151888653],[-74.777588985,41.15192245],[-74.777588979,41.151922479],[-74.777582431,41.15194002],[-74.777552715,41.151965123],[-74.777478452,41.152025386],[-74.777478417,41.152025411],[-74.777382583,41.152080717],[-74.777265183,41.152141117],[-74.777197459,41.152180108],[-74.777154415,41.152192971],[-74.777120786,41.15220302],[-74.777056156,41.152200793],[-74.777011934,41.152179456],[-74.776985017,41.152150928],[-74.776980214,41.15213307],[-74.776970678,41.152114031],[-74.776954057,41.152089296],[-74.776931903,41.152063046],[-74.776906978,41.152040572],[-74.77688204,41.152020583],[-74.776875383,41.152014329],[-74.77684384,41.152000648],[-74.776825491,41.151998214],[-74.776651776,41.1519909],[-74.776579319,41.152001796],[-74.776428115,41.152027177],[-74.776365164,41.152049963],[-74.776270766,41.152090695],[-74.776194917,41.152116117],[-74.776185314,41.152119978],[-74.776156912,41.152131261],[-74.776142231,41.152133928],[-74.776124719,41.152148605],[-74.776112631,41.152152305],[-74.776072979,41.152168125],[-74.776051245,41.152172467],[-74.77602758,41.152166805],[-74.776001059,41.152156861],[-74.775979247,41.152142617],[-74.77595744,41.152129089],[-74.775934296,41.152108818],[-74.77588665,41.152080576],[-74.775835184,41.152053117],[-74.775798704,41.152039457],[-74.775748911,41.15202205],[-74.775677585,41.152000929],[-74.775647866,41.151989097],[-74.775624465,41.151979782],[-74.775602907,41.151967311],[-74.775591807,41.151957992],[-74.775594102,41.151986554],[-74.775592403,41.152008198],[-74.775592471,41.152024521],[-74.775592488,41.152028485],[-74.775583451,41.152066263],[-74.775601649,41.152063724],[-74.775621558,41.152069939],[-74.775651448,41.152087395],[-74.775674689,41.152097363],[-74.775674717,41.152097383],[-74.775675983,41.152097584],[-74.775683767,41.152098711],[-74.775724405,41.152104751],[-74.775767072,41.152110589],[-74.775787392,41.152113376],[-74.775827246,41.152132057],[-74.775852176,41.152154525],[-74.775867185,41.152175785],[-74.775870374,41.152188249],[-74.775873909,41.152202064],[-74.775882301,41.152225836],[-74.775897296,41.152244576],[-74.775899834,41.152250703],[-74.775912243,41.152254563],[-74.775948364,41.152267603],[-74.775968268,41.15227647],[-74.775978683,41.15228111],[-74.776006113,41.152282474],[-74.776041083,41.152277386],[-74.776085488,41.152267274],[-74.776090465,41.152264361],[-74.776095016,41.152258525],[-74.776103652,41.152247106],[-74.776120507,41.152233938],[-74.776132677,41.152230839],[-74.776134202,41.152230451],[-74.776146524,41.152226276],[-74.776169765,41.152209985],[-74.776180691,41.152199981],[-74.7761925,41.152194547],[-74.776278196,41.152165192],[-74.776389127,41.15212615],[-74.776402819,41.152118728],[-74.776406494,41.152115071],[-74.776415062,41.152106548],[-74.776445294,41.152099327],[-74.776477419,41.152092817],[-74.776509543,41.152085592],[-74.776544551,41.152089796],[-74.776552124,41.152090154],[-74.776556443,41.152090358],[-74.7765994,41.152089665],[-74.776625862,41.152085313],[-74.776667415,41.152071632],[-74.776680987,41.152064402],[-74.776713536,41.152059849],[-74.776743492,41.152062159],[-74.776775046,41.152069231],[-74.776776949,41.152069633],[-74.776801696,41.152069879],[-74.776816845,41.152074132],[-74.776835913,41.152082055],[-74.776853245,41.152098083],[-74.776857526,41.152102042],[-74.776884292,41.152136475],[-74.776892493,41.152147028],[-74.776892513,41.152147053],[-74.776922465,41.152183257],[-74.776944111,41.152206996]]]},"properties":{"OBJECTID":5439,"COMID":null,"PERMANENT_IDENTIFIER":"167282256","GNIS_ID":"00875774","GNIS_NAME":"Culvers Creek","AREASQKM":0.0042548200000000003,"REACHCODE":null,"FTYPE_DISPLAY":"Stream/River","HU8":"02040105","WATERBODY_NAME":"Culvers Creek","FEATURE_ID":875774,"FEATURE_NAME":"Culvers Creek","FEATURE_CLASS":"Stream","LEVELELEV":null,"GLOBALID":"{C6661ED6-E873-472F-9FA3-79143F170148}"}},{"type":"Feature","id":5440,"geometry":{"type":"Polygon","coordinates":[[[-74.783290841,41.154659478],[-74.783296546,41.154666613],[-74.78330982,41.154674443],[-74.783336823,41.154678724],[-74.783353623,41.154672087],[-74.783366502,41.154660007],[-74.783383506,41.154655676],[-74.783404695,41.154663482],[-74.783419646,41.154661561],[-74.783438361,41.154656256],[-74.78344873,41.154648368],[-74.783453406,41.154636205],[-74.783451431,41.154616911],[-74.783451348,41.154597612],[-74.783457871,41.154574722],[-74.783460547,41.154537545],[-74.78345946,41.154504668],[-74.783455554,41.154476086],[-74.783451685,41.154456081],[-74.783449707,41.154436072],[-74.783451494,41.154411764],[-74.783455419,41.154403158],[-74.783463179,41.154386146],[-74.783463182,41.154386117],[-74.783464056,41.154364944],[-74.783467103,41.154339796],[-74.783476441,41.154312373],[-74.783498426,41.154293257],[-74.783526742,41.154280083],[-74.783569231,41.154264491],[-74.7835818,41.15425493],[-74.783592756,41.154237033],[-74.783602111,41.154213183],[-74.783611501,41.154197672],[-74.783622365,41.154158332],[-74.783620121,41.154081762],[-74.783634538,41.154057039],[-74.783654782,41.153999806],[-74.783678209,41.153949712],[-74.783754131,41.153855982],[-74.783772258,41.153840707],[-74.783773678,41.153838817],[-74.78378519,41.153823462],[-74.783806422,41.153798051],[-74.783850288,41.153735994],[-74.783859041,41.153718817],[-74.783864022,41.153704509],[-74.783868997,41.153688294],[-74.783871012,41.15366258],[-74.783871386,41.15365779],[-74.783875091,41.153639673],[-74.783880066,41.153623459],[-74.783882371,41.153618175],[-74.783892075,41.153595333],[-74.783896658,41.153586028],[-74.783901295,41.153575753],[-74.783902869,41.153564721],[-74.783903744,41.153558592],[-74.783910775,41.153537031],[-74.783919976,41.153521383],[-74.783926766,41.153500837],[-74.783959748,41.153445087],[-74.783975252,41.153385483],[-74.783970339,41.153342607],[-74.783950923,41.153314032],[-74.783945518,41.153300593],[-74.783933847,41.153275586],[-74.783927578,41.153254264],[-74.783927269,41.153223581],[-74.783931946,41.153211656],[-74.783946003,41.153181838],[-74.783945838,41.153143717],[-74.783923066,41.153054018],[-74.783921243,41.153041462],[-74.783915853,41.153030717],[-74.783897848,41.152995196],[-74.783871194,41.152967721],[-74.783869619,41.152966852],[-74.783846317,41.152953996],[-74.783835818,41.15295126],[-74.783835786,41.152951251],[-74.783813126,41.152945323],[-74.783776646,41.15294039],[-74.783756748,41.152930436],[-74.783741781,41.152915451],[-74.783730118,41.152899191],[-74.78372974,41.152874472],[-74.783739724,41.152863072],[-74.783756986,41.152845159],[-74.783764783,41.152826078],[-74.78375835,41.152796311],[-74.78373772,41.152745176],[-74.783724177,41.152678844],[-74.783705918,41.152611982],[-74.783702319,41.152598784],[-74.783702292,41.152598751],[-74.783692162,41.152577212],[-74.783670542,41.152531219],[-74.783662066,41.152489921],[-74.783661779,41.152421051],[-74.783654916,41.152365983],[-74.783651884,41.152354292],[-74.783646466,41.152333446],[-74.783586522,41.152254708],[-74.78353306,41.152152174],[-74.783502917,41.152077111],[-74.783492793,41.152061921],[-74.78348625,41.152052112],[-74.783459644,41.152032127],[-74.783446255,41.152025991],[-74.783429785,41.152018442],[-74.783408184,41.152005971],[-74.78337993,41.151985993],[-74.783368257,41.151968508],[-74.783356575,41.151945987],[-74.783343108,41.15189719],[-74.783329649,41.151845917],[-74.783329641,41.151845889],[-74.783304577,41.151795859],[-74.783271262,41.151757125],[-74.783219726,41.151713441],[-74.783181882,41.15168224],[-74.783151571,41.151657251],[-74.78310172,41.151619783],[-74.78306179,41.151582329],[-74.783001859,41.151513625],[-74.782977892,41.151494939],[-74.782958639,41.151479923],[-74.782915564,41.151453692],[-74.782870598,41.151426311],[-74.782849043,41.151418847],[-74.782827506,41.151416382],[-74.782821146,41.151413844],[-74.782802592,41.15140644],[-74.782789306,41.151391446],[-74.782782131,41.151377742],[-74.782774257,41.151362688],[-74.782760923,41.15134644],[-74.782753774,41.151341063],[-74.782747638,41.151336451],[-74.782729386,41.151328977],[-74.782701184,41.151322784],[-74.782669652,41.151310317],[-74.782649716,41.151299643],[-74.782634799,41.151291647],[-74.782609851,41.151270418],[-74.782588197,41.151244179],[-74.78257849,41.151236498],[-74.782560852,41.151222517],[-74.782556614,41.151219209],[-74.78255658,41.15121919],[-74.782521778,41.151203022],[-74.782443631,41.151171574],[-74.782385705,41.151148257],[-74.782363393,41.151138592],[-74.78227946,41.151102187],[-74.782249578,41.151085988],[-74.78221154,41.151060981],[-74.782087047,41.151000693],[-74.782059362,41.150987285],[-74.781952013,41.150947043],[-74.78181944,41.150905672],[-74.781748377,41.150870594],[-74.781723835,41.150859443],[-74.781693589,41.150845685],[-74.781666575,41.15083192],[-74.781647118,41.150821995],[-74.781623862,41.150812049],[-74.781585718,41.150807117],[-74.781499651,41.150807316],[-74.781496985,41.150806717],[-74.781461482,41.150798665],[-74.781461449,41.150798655],[-74.781401773,41.150780043],[-74.781360255,41.150758851],[-74.781293793,41.150716447],[-74.781222348,41.150665278],[-74.781222318,41.15066525],[-74.781195791,41.150654062],[-74.781170919,41.150647861],[-74.781167648,41.150647259],[-74.781131126,41.150640454],[-74.781092988,41.150628038],[-74.78107748,41.150619156],[-74.781058118,41.15060805],[-74.781040884,41.150596668],[-74.781029857,41.150589372],[-74.780996596,41.150560648],[-74.780945116,41.150526975],[-74.78089026,41.150480775],[-74.780850387,41.150453325],[-74.780815528,41.150438383],[-74.780767447,41.150427239],[-74.780712734,41.150419851],[-74.780705443,41.150420041],[-74.780658057,41.150421239],[-74.780631589,41.150426311],[-74.780598525,41.150438914],[-74.780558903,41.150465315],[-74.780552294,41.150469256],[-74.780535718,41.150479116],[-74.780512572,41.150484189],[-74.78047945,41.15048425],[-74.780439651,41.150476857],[-74.780373316,41.150458242],[-74.780330164,41.150438318],[-74.780305584,41.150431917],[-74.780287051,41.150427116],[-74.780233668,41.15041995],[-74.780214065,41.150417311],[-74.780201538,41.150415642],[-74.780180184,41.150412783],[-74.780103051,41.150402517],[-74.780068732,41.150395012],[-74.780046679,41.150390169],[-74.780010186,41.150378983],[-74.779971984,41.150357792],[-74.779935457,41.150336591],[-74.779908917,41.150325392],[-74.779874055,41.150316712],[-74.779837613,41.150314303],[-74.779832084,41.150314316],[-74.779825127,41.150314325],[-74.779819403,41.150314347],[-74.779812783,41.150314373],[-74.779800375,41.150317517],[-74.779780527,41.150327581],[-74.779796851,41.150352963],[-74.779803038,41.150362583],[-74.77981195,41.15037644],[-74.779827287,41.150374228],[-74.779861842,41.150375506],[-74.779872666,41.150379315],[-74.77989425,41.15038365],[-74.77991826,41.150386723],[-74.779945653,41.150396661],[-74.779973859,41.150414129],[-74.77999385,41.150430372],[-74.780007174,41.150447858],[-74.780018834,41.150464117],[-74.780035458,41.150477846],[-74.780047051,41.15048285],[-74.780065251,41.15048405],[-74.780065286,41.150484032],[-74.780090099,41.150475208],[-74.780109126,41.150470779],[-74.780140639,41.150475713],[-74.780177981,41.150492524],[-74.780209518,41.150507461],[-74.780231104,41.150517439],[-74.780254311,41.15052239],[-74.780290768,41.150522309],[-74.780323865,41.150520974],[-74.780338777,41.150515919],[-74.780360241,41.150502108],[-74.780367813,41.150500293],[-74.78037349,41.150498941],[-74.780388388,41.150498263],[-74.780409117,41.150502595],[-74.780451396,41.15051752],[-74.780474176,41.150524239],[-74.780519384,41.150526783],[-74.780547598,41.150528065],[-74.780570748,41.150529142],[-74.780600539,41.150527808],[-74.780612131,41.150522778],[-74.780622047,41.15051398],[-74.780640189,41.150497658],[-74.780671591,41.150483795],[-74.780682106,41.150481132],[-74.780696451,41.150477516],[-74.780698484,41.150477482],[-74.780700462,41.150477478],[-74.780714651,41.150477446],[-74.780754443,41.150484855],[-74.780805911,41.150511037],[-74.780854061,41.150538454],[-74.780902198,41.15056338],[-74.780912027,41.150571894],[-74.780923835,41.150582116],[-74.780931256,41.150587235],[-74.780943718,41.15059585],[-74.780968654,41.150608306],[-74.78098045,41.150615383],[-74.780993576,41.150623257],[-74.78101684,41.150638243],[-74.78102845,41.150649451],[-74.781028473,41.15064947],[-74.781053385,41.150670717],[-74.78107333,41.150681916],[-74.781096526,41.150686861],[-74.781103163,41.15068685],[-74.781116452,41.15068685],[-74.781139647,41.150691785],[-74.781149579,41.150697989],[-74.781151314,41.150706777],[-74.781149704,41.150720552],[-74.781116684,41.150744425],[-74.781116648,41.150744445],[-74.781108396,41.150748192],[-74.781101858,41.150763242],[-74.781104524,41.150773182],[-74.781104532,41.150773209],[-74.781105185,41.150775783],[-74.781109581,41.150781645],[-74.781113553,41.150787],[-74.781131858,41.150797314],[-74.781140116,41.150801972],[-74.781155651,41.150806783],[-74.781168317,41.150810656],[-74.781201475,41.15081934],[-74.781224708,41.15082679],[-74.781232286,41.150834385],[-74.781239331,41.150841447],[-74.781239667,41.150841785],[-74.781252983,41.150851775],[-74.781272865,41.150859246],[-74.781287807,41.150859203],[-74.781308528,41.150856659],[-74.781313684,41.15085604],[-74.781319254,41.150855372],[-74.781350718,41.150855316],[-74.781390518,41.150858983],[-74.781426985,41.15086765],[-74.781453519,41.15087885],[-74.781462044,41.150880733],[-74.781470113,41.150882529],[-74.781479685,41.150882517],[-74.781489986,41.150882517],[-74.781510426,41.150883791],[-74.781541958,41.150886097],[-74.78158452,41.150902304],[-74.781609377,41.150907245],[-74.781635918,41.15090845],[-74.781659114,41.150913388],[-74.781693937,41.150927074],[-74.781790179,41.150963148],[-74.781836648,41.150983061],[-74.781876507,41.151005516],[-74.781903118,41.151025517],[-74.781920136,41.151036224],[-74.781944631,41.15105167],[-74.781976175,41.151069123],[-74.781987831,41.151073098],[-74.782012652,41.151081584],[-74.7820674,41.151101453],[-74.782108959,41.151123897],[-74.782108988,41.151123912],[-74.782162051,41.151148796],[-74.782192264,41.151157285],[-74.782215127,41.151163706],[-74.782298049,41.151184785],[-74.782364384,41.151203396],[-74.782414178,41.151223321],[-74.78245239,41.151245772],[-74.782485586,41.151269449],[-74.782485617,41.151269472],[-74.782525501,41.151299426],[-74.782525524,41.151299447],[-74.782550447,41.151324395],[-74.782569697,41.151343679],[-74.782575394,41.151349385],[-74.782621919,41.151388116],[-74.782704997,41.151437975],[-74.782751514,41.15146791],[-74.782779729,41.151485378],[-74.78282453,41.151502789],[-74.782869356,41.151518964],[-74.782869389,41.15151898],[-74.782892597,41.151533924],[-74.782905923,41.151545173],[-74.782917569,41.151558911],[-74.782932566,41.151580155],[-74.78293259,41.151580181],[-74.782952519,41.151598916],[-74.782977448,41.151615109],[-74.783002319,41.151627583],[-74.783032196,41.151636255],[-74.783050458,41.151643726],[-74.78306043,41.151651222],[-74.783060457,41.151651248],[-74.783065733,41.151658052],[-74.783072647,41.151666919],[-74.78308372,41.15168125],[-74.783093719,41.151694984],[-74.78310585,41.151738776],[-74.783107233,41.151743757],[-74.783107245,41.151743785],[-74.78311556,41.151761271],[-74.78313551,41.151774991],[-74.783176981,41.151791175],[-74.78317775,41.15179134],[-74.783188213,41.151793784],[-74.783203526,41.151797374],[-74.783213677,41.15180335],[-74.783226767,41.151811076],[-74.783239829,41.151823682],[-74.783250062,41.151833576],[-74.783264205,41.151867369],[-74.783275177,41.151893593],[-74.783295504,41.151997478],[-74.783305618,41.152038779],[-74.783309103,41.152072581],[-74.78331498,41.152098794],[-74.783315785,41.152102583],[-74.783320295,41.152113053],[-74.783329225,41.15213388],[-74.783344226,41.152152627],[-74.78334425,41.152152652],[-74.783365844,41.152172593],[-74.783378273,41.152180197],[-74.783392385,41.15218885],[-74.783448797,41.152208716],[-74.783475391,41.152226179],[-74.783481052,41.152231257],[-74.783492038,41.152241176],[-74.783495712,41.152249414],[-74.783498038,41.152254632],[-74.783502052,41.152263717],[-74.783503529,41.152273287],[-74.783505485,41.152286203],[-74.783503242,41.152300775],[-74.783500652,41.152317518],[-74.78350245,41.152350063],[-74.783507066,41.152360509],[-74.783514126,41.152376315],[-74.783514141,41.152376344],[-74.783530844,41.152402587],[-74.783554125,41.152426321],[-74.783574058,41.152440051],[-74.783582385,41.152452516],[-74.783582405,41.152452549],[-74.783594111,41.152477574],[-74.783604308,41.152537646],[-74.783616047,41.15257266],[-74.783622908,41.152623988],[-74.7836215,41.152685357],[-74.783616638,41.152706649],[-74.783623181,41.152724123],[-74.783628334,41.152737919],[-74.783641709,41.152759181],[-74.783651718,41.152782917],[-74.783651729,41.152782945],[-74.783661786,41.15281545],[-74.78366733,41.152868716],[-74.783667333,41.152868745],[-74.783672196,41.152915636],[-74.783678915,41.152939388],[-74.783692262,41.152960647],[-74.78371222,41.152976889],[-74.783712256,41.152976913],[-74.783742123,41.152995582],[-74.783781958,41.153013016],[-74.783815155,41.153030468],[-74.783831508,41.153045371],[-74.783838438,41.153051693],[-74.783838456,41.153051716],[-74.783851793,41.15307419],[-74.783856931,41.153114254],[-74.783852191,41.153164317],[-74.783852186,41.153164347],[-74.783832595,41.153230774],[-74.78381619,41.153269619],[-74.783816183,41.153269649],[-74.783808111,41.153312183],[-74.783808101,41.153312215],[-74.783810789,41.153321545],[-74.783813132,41.153329723],[-74.783818173,41.15333852],[-74.783823174,41.153347243],[-74.783848091,41.15336596],[-74.783848119,41.153365984],[-74.783856397,41.153373447],[-74.783858127,41.153389718],[-74.783856527,41.15340351],[-74.783849975,41.153419791],[-74.783833528,41.153446123],[-74.783813776,41.153476243],[-74.783792453,41.153528859],[-74.783782778,41.153588993],[-74.783778043,41.15364159],[-74.783766709,41.153701717],[-74.783766701,41.153701744],[-74.783745348,41.153744353],[-74.783745328,41.153744387],[-74.783704231,41.153809564],[-74.78365312,41.153866043],[-74.78362836,41.15388989],[-74.783620013,41.15390133],[-74.783611853,41.153912451],[-74.783602068,41.153945049],[-74.783591882,41.153969482],[-74.783577499,41.154003959],[-74.783566061,41.154042798],[-74.783561264,41.154085386],[-74.783561343,41.154100648],[-74.783561378,41.154107923],[-74.783554786,41.154125451],[-74.783533013,41.154150931],[-74.783530116,41.154154316],[-74.783530096,41.154154337],[-74.783505329,41.154176923],[-74.783445859,41.154213391],[-74.783411237,41.154238933],[-74.783391373,41.154253587],[-74.783360033,41.154286224],[-74.783350171,41.154306286],[-74.783346974,41.154331325],[-74.783348707,41.154352622],[-74.783348716,41.154352651],[-74.783355132,41.154370591],[-74.783360659,41.154386042],[-74.783362116,41.154390118],[-74.783362126,41.15439015],[-74.78336604,41.154403056],[-74.78337035,41.154455566],[-74.78336117,41.154519921],[-74.783351894,41.154562116],[-74.783334073,41.15459647],[-74.783306755,41.154621555],[-74.783294526,41.154636596],[-74.78329174,41.154648755],[-74.783290841,41.154659478]]]},"properties":{"OBJECTID":5440,"COMID":null,"PERMANENT_IDENTIFIER":"167282256","GNIS_ID":"00875774","GNIS_NAME":"Culvers Creek","AREASQKM":0.0057046500000000003,"REACHCODE":null,"FTYPE_DISPLAY":"Stream/River","HU8":"02040105","WATERBODY_NAME":"Culvers Creek","FEATURE_ID":875774,"FEATURE_NAME":"Culvers Creek","FEATURE_CLASS":"Stream","LEVELELEV":null,"GLOBALID":"{0DAC7669-3FD2-4A5F-A178-76C966EA4F8B}"}},{"type":"Feature","id":7728,"geometry":{"type":"Polygon","coordinates":[[[-74.761857549,41.174484503],[-74.761924937,41.174579655],[-74.761945014,41.174671938],[-74.761882267,41.174752495],[-74.761862713,41.174791256],[-74.761835228,41.174818124],[-74.761736767,41.174839196],[-74.761709247,41.174857128],[-74.761697563,41.174892895],[-74.761733182,41.174928553],[-74.761787905,41.174931645],[-74.761866011,41.174906688],[-74.761964244,41.174868343],[-74.762089985,41.174768939],[-74.762252444,41.174665281],[-74.762334971,41.174602549],[-74.762448876,41.174501028],[-74.762476479,41.174488105],[-74.762522112,41.174478318],[-74.762567475,41.174466778],[-74.762607777,41.174451436],[-74.762642995,41.174426577],[-74.762668093,41.174394115],[-74.762675532,41.174361695],[-74.762685553,41.174344517],[-74.762748468,41.174306252],[-74.762824026,41.174275581],[-74.762876827,41.174231619],[-74.762891834,41.174199182],[-74.762906779,41.174151494],[-74.762936893,41.174111397],[-74.762959429,41.174069411],[-74.762956807,41.174044638],[-74.762933958,41.174008474],[-74.762921222,41.173978005],[-74.762923608,41.173943689],[-74.762951175,41.17389788],[-74.763002205,41.173845618],[-74.763034777,41.173820867],[-74.763039986,41.173817828],[-74.763049915,41.173812055],[-74.763060262,41.173811182],[-74.763072035,41.173810221],[-74.763086042,41.173810189],[-74.763103568,41.173816321],[-74.763117581,41.173825122],[-74.763125793,41.173839183],[-74.763130508,41.173848855],[-74.76313636,41.173855893],[-74.763136381,41.173855922],[-74.763146858,41.173859389],[-74.763170193,41.173862855],[-74.763208689,41.173861014],[-74.763248256,41.173848587],[-74.763280853,41.173829123],[-74.763325044,41.173794658],[-74.76347625,41.173700046],[-74.763513979,41.173680538],[-74.763596127,41.173638085],[-74.763606172,41.173634678],[-74.763614381,41.173631922],[-74.763658993,41.173616789],[-74.763667504,41.173614102],[-74.763706781,41.173601722],[-74.763749776,41.173578717],[-74.763749812,41.173578695],[-74.763750048,41.173578522],[-74.763770714,41.173561055],[-74.763790511,41.173546867],[-74.76382192,41.173532714],[-74.763854542,41.17352382],[-74.763898838,41.173515792],[-74.763938456,41.17350953],[-74.763973365,41.173493614],[-74.764000153,41.173482074],[-74.764000184,41.173482056],[-74.764011775,41.173472354],[-74.764011786,41.173472323],[-74.764016378,41.173461779],[-74.764015134,41.173444152],[-74.764015125,41.173444119],[-74.76398331,41.173355245],[-74.763668677,41.172830804],[-74.763551161,41.172612584],[-74.763570613,41.172589477],[-74.763545814,41.172544359],[-74.763513336,41.172542133],[-74.763510979,41.172538507],[-74.763503048,41.172526313],[-74.763443102,41.172408384],[-74.763321909,41.172139056],[-74.763321895,41.172139027],[-74.763283107,41.172062455],[-74.763270791,41.172049192],[-74.76326672,41.172044865],[-74.763243375,41.172036117],[-74.763213051,41.172036186],[-74.763173449,41.172048601],[-74.763146738,41.172060374],[-74.763129207,41.172068093],[-74.763095986,41.172105827],[-74.763084829,41.172113537],[-74.763052469,41.17211361],[-74.763007996,41.172096935],[-74.762959528,41.172090945],[-74.762917121,41.172086466],[-74.762852561,41.17209424],[-74.762794037,41.172097424],[-74.762739563,41.172103649],[-74.7626831,41.172117504],[-74.762646828,41.172132839],[-74.762624723,41.172157292],[-74.762610685,41.172180202],[-74.76258656,41.17220466],[-74.76255632,41.17221388],[-74.762522017,41.17221701],[-74.762467445,41.172198832],[-74.76241288,41.172182178],[-74.762354662,41.172187575],[-74.762309263,41.172189584],[-74.762243351,41.172188666],[-74.762173149,41.17221658],[-74.762125326,41.172243374],[-74.76209526,41.172294908],[-74.762055035,41.17232931],[-74.761999636,41.172354214],[-74.76192395,41.172352481],[-74.761848189,41.172331686],[-74.761799734,41.172305006],[-74.761769045,41.172250829],[-74.761713962,41.17219663],[-74.761687378,41.172172388],[-74.761645704,41.172159616],[-74.761605957,41.172155418],[-74.761579487,41.172159766],[-74.761512008,41.172162806],[-74.76145898,41.172149583],[-74.761431148,41.172128678],[-74.761370583,41.172123097],[-74.761287277,41.172108038],[-74.761221697,41.172110093],[-74.761166253,41.172123561],[-74.761123572,41.172175124],[-74.761063287,41.172240067],[-74.760987693,41.172261207],[-74.760919635,41.172274703],[-74.760842062,41.172271517],[-74.760802292,41.172261599],[-74.760764459,41.172263115],[-74.760732369,41.172281772],[-74.760728721,41.17231609],[-74.760732584,41.172336096],[-74.760753487,41.172358923],[-74.760787588,41.172370282],[-74.760833006,41.172373038],[-74.760876543,41.172378658],[-74.760908723,41.172382874],[-74.760946139,41.172401431],[-74.760990934,41.17244228],[-74.761026477,41.172499383],[-74.761021712,41.17256992],[-74.761036931,41.172590853],[-74.761097542,41.172607871],[-74.76115563,41.172624894],[-74.761238923,41.172636142],[-74.761314631,41.172643595],[-74.761355038,41.17265494],[-74.761365219,41.17267779],[-74.761352879,41.172746438],[-74.761335486,41.172813191],[-74.761345812,41.172872257],[-74.761375806,41.172958415],[-74.761388542,41.17298936],[-74.761417034,41.173017887],[-74.76146442,41.173039224],[-74.761533915,41.17307004],[-74.761549682,41.173070004],[-74.761634782,41.17306028],[-74.761704127,41.173052975],[-74.761738765,41.173040983],[-74.76179864,41.173031316],[-74.761836413,41.173014552],[-74.761852056,41.172983542],[-74.76184253,41.172966885],[-74.761823525,41.172945485],[-74.761788601,41.172885998],[-74.761797986,41.172866915],[-74.761835777,41.172854916],[-74.761883058,41.172850043],[-74.761971207,41.172814104],[-74.762043694,41.172804408],[-74.762084706,41.17280908],[-74.762119506,41.172837592],[-74.762141778,41.172887578],[-74.762173426,41.172916097],[-74.762208159,41.172927931],[-74.762277559,41.172934921],[-74.762334329,41.172937174],[-74.762365881,41.172941868],[-74.76239747,41.172956092],[-74.762429004,41.17295602],[-74.762451048,41.172948821],[-74.76250775,41.172934396],[-74.762564514,41.172938106],[-74.762625262,41.172989432],[-74.762650679,41.173037027],[-74.7626912,41.173076963],[-74.762691292,41.173099837],[-74.762651197,41.173166643],[-74.762596079,41.173262074],[-74.762525612,41.173304169],[-74.762460055,41.173311943],[-74.762414708,41.173327295],[-74.76240655,41.173334911],[-74.762396543,41.173355902],[-74.762404253,41.173381179],[-74.762397361,41.173405486],[-74.762352037,41.173426556],[-74.762283328,41.173432405],[-74.762222822,41.173442073],[-74.76218762,41.173470744],[-74.762172598,41.17349937],[-74.762157591,41.173531808],[-74.762117327,41.173556679],[-74.762079541,41.173570109],[-74.762034239,41.173596897],[-74.762009103,41.173619827],[-74.761987356,41.173651711],[-74.761936825,41.173684827],[-74.761916781,41.173719182],[-74.761881568,41.173775049],[-74.761877447,41.17378972],[-74.761840656,41.17382532],[-74.761749509,41.173878876],[-74.76166716,41.173906522],[-74.761591481,41.173906694],[-74.761503217,41.173914519],[-74.761470438,41.173918406],[-74.761452863,41.173939413],[-74.761450415,41.17395848],[-74.761420272,41.173990952],[-74.761367372,41.174010133],[-74.761299291,41.174017912],[-74.761253898,41.174021827],[-74.761185831,41.174033418],[-74.761153127,41.174056366],[-74.761115393,41.174083137],[-74.761107931,41.17410984],[-74.761115575,41.174128884],[-74.76114843,41.174144058],[-74.761198921,41.174153474],[-74.761251958,41.174168603],[-74.761312653,41.174206587],[-74.76132548,41.174259929],[-74.761320562,41.174292344],[-74.761308093,41.174328589],[-74.761282995,41.17436105],[-74.761250299,41.174385903],[-74.761218698,41.174411496],[-74.761112509,41.174471303],[-74.761061645,41.174566724],[-74.760947656,41.174647397],[-74.760821721,41.174698313],[-74.760794295,41.174740071],[-74.760818075,41.174772779],[-74.760914459,41.174784951],[-74.761007724,41.174765678],[-74.761103503,41.174744494],[-74.761119662,41.174740738],[-74.761161472,41.174731019],[-74.761222529,41.174709673],[-74.761274994,41.174691329],[-74.761306434,41.174667431],[-74.761365097,41.174551144],[-74.761538272,41.174485229],[-74.761719412,41.174440142],[-74.761738206,41.1744401],[-74.761798246,41.174439963],[-74.761857549,41.174484503]]]},"properties":{"OBJECTID":7728,"COMID":null,"PERMANENT_IDENTIFIER":"120022890","GNIS_ID":"00875777","GNIS_NAME":"Culvers Lake","AREASQKM":0.040857339999999999,"REACHCODE":"02040105001394","FTYPE_DISPLAY":"Lake/Pond","HU8":"02040105","WATERBODY_NAME":"Culvers Lake","FEATURE_ID":875777,"FEATURE_NAME":"Culvers Lake","FEATURE_CLASS":"Reservoir","LEVELELEV":null,"GLOBALID":"{1F3E80CE-B347-469E-8F1A-94B499C60600}"}},{"type":"Feature","id":7729,"geometry":{"type":"Polygon","coordinates":[[[-74.771242852,41.177536858],[-74.771239176,41.177544608],[-74.771288873,41.177556995],[-74.771360423,41.17757083],[-74.771418718,41.177580696],[-74.771506139,41.177590493],[-74.771562415,41.177592861],[-74.771642498,41.177589171],[-74.771685518,41.177587069],[-74.771743746,41.17758093],[-74.771788073,41.177574824],[-74.771875389,41.177559613],[-74.771935589,41.177549968],[-74.771994454,41.177537825],[-74.772042055,41.177523208],[-74.772179547,41.17747537],[-74.772207242,41.177449296],[-74.772225742,41.17744075],[-74.772246903,41.177435698],[-74.772266733,41.17742865],[-74.772309041,41.177414546],[-74.772536522,41.177340319],[-74.772542411,41.177340972],[-74.772655436,41.177299692],[-74.77281772,41.177242487],[-74.772827313,41.177243269],[-74.772925845,41.177206913],[-74.772941208,41.177200303],[-74.773096615,41.177138246],[-74.773202672,41.177090668],[-74.773200649,41.177080835],[-74.773219758,41.177075436],[-74.773254206,41.177065704],[-74.773260734,41.177047451],[-74.773360151,41.17698767],[-74.77359548,41.176935356],[-74.773624363,41.176935287],[-74.773693814,41.176922118],[-74.773698464,41.176926108],[-74.773744029,41.176899491],[-74.773867049,41.176874192],[-74.774036732,41.176839585],[-74.774044326,41.176843261],[-74.774219905,41.176808964],[-74.774238818,41.17681329],[-74.774252061,41.176814259],[-74.774285159,41.17681418],[-74.77435925,41.1768025],[-74.774376032,41.176797005],[-74.774402797,41.176787411],[-74.774416958,41.176780228],[-74.774494133,41.176759793],[-74.774508249,41.176741889],[-74.774569245,41.176728114],[-74.774577561,41.176726237],[-74.774592856,41.176761575],[-74.774595074,41.1767667],[-74.774653373,41.17675703],[-74.774745739,41.176733522],[-74.774766074,41.17673501],[-74.774802435,41.17672392],[-74.774862575,41.176700269],[-74.775003461,41.176673425],[-74.775150274,41.176639565],[-74.775142421,41.176624275],[-74.775141602,41.176622437],[-74.775146604,41.176621501],[-74.775339193,41.176585441],[-74.775351977,41.176593069],[-74.775460458,41.176573804],[-74.77559137,41.17653648],[-74.77572297,41.176505655],[-74.775824818,41.176483405],[-74.775931424,41.176462471],[-74.775964399,41.176455996],[-74.775976944,41.176453532],[-74.77597965,41.17646753],[-74.775986916,41.176463511],[-74.776086642,41.176420181],[-74.776117642,41.176416194],[-74.776134642,41.176417263],[-74.776139969,41.176418696],[-74.776144989,41.176420044],[-74.776166142,41.17642457],[-74.776221686,41.176409932],[-74.77625011,41.176400362],[-74.77627056,41.176383808],[-74.776272502,41.176373299],[-74.776273801,41.176367295],[-74.776367671,41.176337061],[-74.776376291,41.176340542],[-74.776383596,41.176346025],[-74.776392212,41.176348505],[-74.776398817,41.176344988],[-74.776400993,41.176338483],[-74.776400996,41.176338457],[-74.776403187,41.176331219],[-74.776441745,41.176321378],[-74.776503241,41.176305726],[-74.776525747,41.176305672],[-74.776540984,41.176308637],[-74.776638793,41.17627039],[-74.77669163,41.176241755],[-74.776686221,41.176234064],[-74.776674877,41.176217933],[-74.776672317,41.176214293],[-74.77667528,41.176212908],[-74.776776836,41.176165431],[-74.776819643,41.176145418],[-74.776859554,41.176138533],[-74.776899021,41.176131724],[-74.776958503,41.176109574],[-74.776999476,41.176093471],[-74.777064328,41.176068227],[-74.777086688,41.176060879],[-74.777151767,41.176039488],[-74.777180585,41.176030017],[-74.777248662,41.176005345],[-74.777265207,41.176004305],[-74.77728243,41.176007265],[-74.777293358,41.176003119],[-74.77731706,41.175994125],[-74.777317289,41.175985857],[-74.777320068,41.175984833],[-74.777331805,41.175980512],[-74.777336595,41.175980126],[-74.777361745,41.175979065],[-74.777384904,41.175977009],[-74.777431146,41.175954391],[-74.777569872,41.175887037],[-74.777624715,41.175863398],[-74.777777355,41.175799511],[-74.777932013,41.175743121],[-74.777936434,41.175737428],[-74.777940572,41.175732097],[-74.777950482,41.175727572],[-74.777963698,41.175722038],[-74.777986173,41.175714482],[-74.777999407,41.17571345],[-74.778003865,41.175715053],[-74.778015981,41.175719412],[-74.778025909,41.175718887],[-74.778275088,41.175630259],[-74.778281055,41.175632246],[-74.778311466,41.175623169],[-74.778405293,41.175582931],[-74.778550651,41.17551906],[-74.778577737,41.175506491],[-74.778694643,41.17544519],[-74.778816081,41.175397141],[-74.778822265,41.175413871],[-74.77887645,41.175391234],[-74.778863768,41.175366757],[-74.778902745,41.175348157],[-74.778915937,41.175337123],[-74.778975309,41.175289464],[-74.778981261,41.17528795],[-74.779106888,41.175224376],[-74.779126071,41.175251088],[-74.779251584,41.175190766],[-74.779232954,41.175168304],[-74.779265987,41.175153219],[-74.779451788,41.175054482],[-74.779579243,41.174986749],[-74.779605794,41.174977752],[-74.779635459,41.174961394],[-74.779664786,41.174945254],[-74.779742291,41.174886944],[-74.77974232,41.174886922],[-74.779794335,41.174847794],[-74.779819874,41.17483107],[-74.779837104,41.174819788],[-74.779845853,41.174808927],[-74.779856298,41.174808185],[-74.779871516,41.174806647],[-74.779888693,41.174798603],[-74.779866614,41.174782975],[-74.779865455,41.174782155],[-74.779860778,41.174772163],[-74.779928428,41.174699053],[-74.779931281,41.174695969],[-74.779938192,41.17469718],[-74.779953805,41.174699916],[-74.779966319,41.17468538],[-74.779972207,41.174668861],[-74.779970759,41.174639856],[-74.779992498,41.174615296],[-74.780026012,41.174578283],[-74.780049953,41.174583647],[-74.780167942,41.174466825],[-74.780193638,41.174438755],[-74.780258078,41.174338068],[-74.78028698,41.174285481],[-74.78030072,41.174247938],[-74.780321024,41.174197372],[-74.78033474,41.174153826],[-74.780358671,41.174022229],[-74.78038014,41.17389013],[-74.780410913,41.173773925],[-74.780413839,41.17376288],[-74.780428249,41.173729472],[-74.780454487,41.173673392],[-74.780445671,41.173623898],[-74.780441505,41.173578395],[-74.780441411,41.173556389],[-74.780443984,41.173538877],[-74.780447126,41.173499357],[-74.780460859,41.173460312],[-74.780469359,41.173435785],[-74.780462012,41.173416588],[-74.780465382,41.173350843],[-74.780467397,41.173304513],[-74.780473197,41.173280522],[-74.780473208,41.173280491],[-74.780475333,41.173276203],[-74.780484319,41.173258121],[-74.780487859,41.173250861],[-74.780492984,41.17323913],[-74.780494398,41.173222931],[-74.780505726,41.173112349],[-74.780505904,41.173106312],[-74.780512217,41.173086076],[-74.78050667,41.173080524],[-74.780498258,41.173072106],[-74.780494421,41.173058656],[-74.780493554,41.173055612],[-74.780490814,41.173034113],[-74.780497266,41.172995085],[-74.780516143,41.172920017],[-74.78052397,41.172900183],[-74.780539062,41.172861943],[-74.780540252,41.172830431],[-74.780552702,41.172800892],[-74.780560575,41.172784368],[-74.780584367,41.172775808],[-74.780600936,41.172771032],[-74.780637305,41.172778853],[-74.780668355,41.172788265],[-74.780676729,41.172791025],[-74.780686853,41.172794375],[-74.780735285,41.172816342],[-74.78089387,41.17286608],[-74.780913065,41.172866033],[-74.780968584,41.172863997],[-74.78098729,41.172862936],[-74.781019586,41.172861121],[-74.781090842,41.172847161],[-74.78125243,41.172816986],[-74.781413738,41.172784188],[-74.781535874,41.172734331],[-74.78155592,41.172707988],[-74.781618642,41.172694088],[-74.781796451,41.172639843],[-74.782059263,41.172597882],[-74.782100599,41.172593317],[-74.782144914,41.172587059],[-74.78219802,41.172571868],[-74.782227352,41.172563016],[-74.782593057,41.172472781],[-74.782595234,41.172477257],[-74.782692317,41.172468442],[-74.782836003,41.172444263],[-74.783085416,41.172368358],[-74.783254094,41.172289793],[-74.783250403,41.172270043],[-74.78324893,41.172262167],[-74.783285382,41.172245474],[-74.783403766,41.17219126],[-74.78340217,41.172180722],[-74.783409251,41.172173714],[-74.783422536,41.172171446],[-74.783441733,41.172171391],[-74.783453786,41.17217198],[-74.783486063,41.172173517],[-74.783515587,41.172170121],[-74.78355052,41.172160478],[-74.783568732,41.172155457],[-74.783614684,41.172134476],[-74.783645686,41.172119852],[-74.783647482,41.172118986],[-74.783905098,41.172049142],[-74.783967114,41.172032792],[-74.784122055,41.171989989],[-74.784271054,41.171941654],[-74.784294512,41.171931641],[-74.784442022,41.171874203],[-74.784623458,41.171829915],[-74.784723947,41.171804874],[-74.784812175,41.17179036],[-74.784931936,41.171775768],[-74.785058094,41.171782128],[-74.785281379,41.171790153],[-74.785295501,41.171786272],[-74.785325781,41.171787849],[-74.785346978,41.171792849],[-74.785468133,41.171808751],[-74.785538765,41.171808575],[-74.78559427,41.171810344],[-74.785707923,41.171841513],[-74.785831852,41.171878791],[-74.785831883,41.171878802],[-74.785889854,41.171895975],[-74.785913995,41.171904115],[-74.785940587,41.171918654],[-74.785966023,41.171943156],[-74.785966048,41.171943189],[-74.785987853,41.171974995],[-74.785995242,41.172005047],[-74.785996659,41.172024597],[-74.786000335,41.172075187],[-74.785987388,41.172151787],[-74.785962446,41.172231993],[-74.785949379,41.172277589],[-74.785950187,41.172296387],[-74.785950472,41.17229998],[-74.785950709,41.172303088],[-74.785950716,41.172303122],[-74.785961732,41.172331915],[-74.785974289,41.172404122],[-74.785987018,41.172430776],[-74.78599973,41.172453618],[-74.786011472,41.172465367],[-74.786014933,41.172468829],[-74.786041641,41.172481598],[-74.786043688,41.172482577],[-74.786075235,41.172486073],[-74.786102059,41.172490772],[-74.786135189,41.172495454],[-74.786161992,41.172495388],[-74.786185329,41.172496045],[-74.786214347,41.172497879],[-74.7862459,41.172502565],[-74.786254762,41.172510168],[-74.786254795,41.172517793],[-74.786246,41.172525438],[-74.786223305,41.172527401],[-74.786149678,41.172528574],[-74.786136926,41.172532381],[-74.78610543,41.172540798],[-74.786092925,41.172565847],[-74.786092987,41.172580144],[-74.786074883,41.172617948],[-74.786087203,41.172634857],[-74.786098063,41.172640309],[-74.786106071,41.172640586],[-74.786122181,41.172641154],[-74.786135578,41.17264112],[-74.786147521,41.17264112],[-74.786171651,41.172642852],[-74.786192175,41.172649179],[-74.786219925,41.17265366],[-74.786251253,41.172651776],[-74.78629946,41.172648911],[-74.786313713,41.172649852],[-74.786339276,41.172651547],[-74.786373106,41.172662392],[-74.786397306,41.172682385],[-74.786413047,41.172699651],[-74.786431188,41.172709654],[-74.786476132,41.172719139],[-74.786512056,41.172726732],[-74.78652283,41.172729427],[-74.786540988,41.172733987],[-74.786544874,41.172739732],[-74.786547108,41.172743054],[-74.786541089,41.172751265],[-74.786386988,41.172810854],[-74.786374609,41.172813252],[-74.786367728,41.172814576],[-74.786361179,41.172814587],[-74.786348455,41.172814587],[-74.786340018,41.172811464],[-74.786336393,41.172810113],[-74.786336353,41.172810095],[-74.78632065,41.172801925],[-74.786309784,41.172800131],[-74.786303923,41.172801256],[-74.786295324,41.172802911],[-74.786271258,41.172812984],[-74.786256855,41.172823921],[-74.78622918,41.172841328],[-74.786201493,41.172854166],[-74.786182259,41.172868785],[-74.786170269,41.172887049],[-74.786160732,41.172909847],[-74.786157189,41.172930787],[-74.786157255,41.172939454],[-74.786157307,41.172948116],[-74.786167256,41.172969254],[-74.786167274,41.172969284],[-74.78617556,41.172991344],[-74.78618419,41.173000182],[-74.786188868,41.17300499],[-74.786203388,41.173013149],[-74.786222712,41.17301492],[-74.786238388,41.173013988],[-74.786248869,41.173010469],[-74.786257639,41.173007548],[-74.786281707,41.172994724],[-74.786292472,41.172990699],[-74.786345513,41.172970865],[-74.786370133,41.172960587],[-74.78643492,41.172933518],[-74.786481518,41.17291405],[-74.786534463,41.172892052],[-74.786547215,41.17288822],[-74.786574199,41.172880122],[-74.78657872,41.172879289],[-74.786604325,41.172874576],[-74.786619994,41.172874528],[-74.786653789,41.172878121],[-74.786669516,41.172881721],[-74.786676723,41.172889853],[-74.786676744,41.172889879],[-74.786684063,41.172906257],[-74.786685327,41.172922654],[-74.786681783,41.17293812],[-74.786681772,41.172938151],[-74.786667389,41.172956388],[-74.786649382,41.172972395],[-74.786643404,41.172985181],[-74.78663992,41.173015252],[-74.786638789,41.173036188],[-74.786632788,41.173048054],[-74.786627049,41.173049542],[-74.786621986,41.173050842],[-74.786618753,41.17305023],[-74.786616443,41.173049795],[-74.786614876,41.173049507],[-74.78661231,41.173049027],[-74.786592993,41.173041788],[-74.786519375,41.173022844],[-74.786491642,41.173021994],[-74.786471125,41.173023862],[-74.78640619,41.17306231],[-74.786381521,41.173074712],[-74.786335195,41.173097999],[-74.786312159,41.173118957],[-74.786285961,41.173142772],[-74.78620903,41.173197634],[-74.786188584,41.173212262],[-74.786158569,41.17324149],[-74.786131855,41.173268816],[-74.786123734,41.173277117],[-74.786090125,41.173305448],[-74.786075715,41.173320058],[-74.786069737,41.173337384],[-74.786071043,41.173358328],[-74.786073576,41.173382926],[-74.786082306,41.173402054],[-74.78619557,41.173566353],[-74.786201686,41.173575219],[-74.786207069,41.173583051],[-74.786220402,41.173598516],[-74.786229987,41.173628166],[-74.786225372,41.173654387],[-74.78622393,41.173685364],[-74.786216176,41.173715166],[-74.786207784,41.173740654],[-74.786207768,41.173740681],[-74.786136529,41.173816138],[-74.78607372,41.173875383],[-74.786013304,41.173905079],[-74.785893697,41.173955887],[-74.785869012,41.173967787],[-74.785855936,41.173974089],[-74.78585788,41.173987678],[-74.785843787,41.174010349],[-74.785824918,41.174022308],[-74.785804484,41.174036655],[-74.78579186,41.174048316],[-74.785782499,41.174056961],[-74.785766821,41.174077253],[-74.785765332,41.17409751],[-74.785776473,41.174121308],[-74.785776236,41.174125257],[-74.785774262,41.174158277],[-74.78577431,41.174167247],[-74.785775549,41.174173629],[-74.785776053,41.174176223],[-74.78577606,41.174176254],[-74.78577678,41.174179992],[-74.785795885,41.174234435],[-74.785848527,41.174318314],[-74.785859452,41.174332859],[-74.785878803,41.174350121],[-74.785884774,41.174353802],[-74.785899363,41.174362821],[-74.78590153,41.174363533],[-74.785902462,41.174363845],[-74.785918655,41.174369188],[-74.785937973,41.174369117],[-74.785961999,41.174363878],[-74.785977729,41.174355499],[-74.786018593,41.174325614],[-74.786046876,41.174302909],[-74.786068902,41.174292132],[-74.786149121,41.174247854],[-74.786207307,41.174213162],[-74.786323628,41.174131862],[-74.786454061,41.174032659],[-74.786474511,41.174021886],[-74.786520167,41.174006285],[-74.786568986,41.173993059],[-74.78658788,41.173987055],[-74.786611535,41.173988188],[-74.786654152,41.173998803],[-74.786680949,41.173997545],[-74.786690358,41.173985609],[-74.786691878,41.173972501],[-74.786688667,41.173959404],[-74.786679139,41.173943941],[-74.786660115,41.173920161],[-74.786649848,41.173911316],[-74.786653713,41.173899084],[-74.786653722,41.173899054],[-74.786659381,41.173881241],[-74.786664051,41.173845684],[-74.786664051,41.173845654],[-74.786661452,41.173803783],[-74.78665528,41.173774637],[-74.786654092,41.173768261],[-74.786653255,41.173763654],[-74.786651779,41.173755907],[-74.786650332,41.173748246],[-74.786651389,41.173704454],[-74.786653213,41.173694838],[-74.786656082,41.173679872],[-74.786686908,41.173620086],[-74.786712305,41.173570856],[-74.78672264,41.173551338],[-74.786732599,41.173532528],[-74.786765869,41.173417654],[-74.786784861,41.173348376],[-74.786808555,41.173251724],[-74.786826382,41.173185176],[-74.786832255,41.173147321],[-74.786828511,41.173098776],[-74.786828391,41.173097244],[-74.786819725,41.173048058],[-74.786807589,41.173022587],[-74.786791779,41.172999845],[-74.786769516,41.17297517],[-74.78676158,41.172963277],[-74.786742292,41.172878742],[-74.786742214,41.172860872],[-74.786764615,41.172853215],[-74.786807999,41.172846722],[-74.786830855,41.172837588],[-74.78685131,41.172825661],[-74.786851441,41.172825538],[-74.786863209,41.172814148],[-74.786864519,41.172812867],[-74.786887378,41.172797327],[-74.786912658,41.17279091],[-74.786975321,41.172781176],[-74.787030774,41.172774652],[-74.787072975,41.172775454],[-74.787112788,41.172780854],[-74.787151423,41.172792575],[-74.787151452,41.17279259],[-74.787181653,41.172812531],[-74.787198584,41.172822518],[-74.787214267,41.172825214],[-74.787225185,41.172825187],[-74.787229936,41.172825177],[-74.787245599,41.172819662],[-74.787253544,41.172817075],[-74.787262452,41.172814174],[-74.787279321,41.172806854],[-74.787292143,41.172797635],[-74.787299727,41.172792199],[-74.787323799,41.172779387],[-74.787346698,41.172775679],[-74.787365091,41.172777028],[-74.787370801,41.17277745],[-74.787392532,41.172782858],[-74.787413112,41.172794653],[-74.787428841,41.172809189],[-74.787461499,41.17283462],[-74.787479595,41.172847634],[-74.78749053,41.172855512],[-74.787507514,41.172879123],[-74.787507532,41.172879154],[-74.787514844,41.172899179],[-74.787516174,41.172922858],[-74.787515568,41.172939836],[-74.787515068,41.172953849],[-74.787506802,41.172989394],[-74.787496064,41.173018584],[-74.787479334,41.173053712],[-74.787472174,41.173065561],[-74.787472178,41.173065587],[-74.787470995,41.173079243],[-74.787473469,41.173091983],[-74.787476923,41.173096276],[-74.787480768,41.173101074],[-74.787495276,41.173110151],[-74.787508581,41.173117396],[-74.787515842,41.173125593],[-74.787517112,41.173140178],[-74.787514733,41.173149255],[-74.787503927,41.17316025],[-74.787487121,41.173176654],[-74.787475119,41.173189461],[-74.787471526,41.173201324],[-74.787473988,41.173214054],[-74.787474015,41.17321408],[-74.787484916,41.173224981],[-74.787506703,41.173237683],[-74.787518788,41.173247665],[-74.78752244,41.173254048],[-74.787524933,41.17327952],[-74.787518998,41.173297788],[-74.787507044,41.173313314],[-74.787503438,41.173325159],[-74.78750345,41.173325189],[-74.787507131,41.17333653],[-74.787519204,41.173346525],[-74.787536123,41.173351044],[-74.787555385,41.173350991],[-74.7875566,41.173350988],[-74.787584363,41.173355476],[-74.787599237,41.173363288],[-74.787608535,41.173368179],[-74.787623065,41.173382723],[-74.787630388,41.173399111],[-74.787628052,41.173418243],[-74.787620856,41.173428264],[-74.787610671,41.173442922],[-74.787610068,41.173443788],[-74.787610122,41.173459254],[-74.787611389,41.173475654],[-74.78761384,41.173482444],[-74.787616311,41.173489327],[-74.787619664,41.173493424],[-74.787625988,41.173501187],[-74.787626055,41.173511183],[-74.787618856,41.173522127],[-74.787614108,41.173535793],[-74.787614157,41.173548564],[-74.787614181,41.17354859],[-74.787623856,41.173562193],[-74.787632863,41.17357032],[-74.787635979,41.173573115],[-74.787661318,41.173583983],[-74.787675857,41.173594886],[-74.787683697,41.173603027],[-74.787691595,41.173611245],[-74.787695264,41.173622161],[-74.787695266,41.173622187],[-74.787695312,41.173629455],[-74.787685725,41.17364405],[-74.787676135,41.173661389],[-74.787673786,41.173666427],[-74.787670161,41.173674156],[-74.787670221,41.173687826],[-74.787672692,41.173696933],[-74.787676055,41.173698375],[-74.787681121,41.173700587],[-74.787691989,41.17370692],[-74.787701719,41.173719644],[-74.787710223,41.173735103],[-74.787710254,41.173735122],[-74.787724727,41.173744182],[-74.787734388,41.173744187],[-74.787735256,41.173743587],[-74.787746394,41.173735927],[-74.787752389,41.173719521],[-74.787763114,41.173695793],[-74.787769055,41.173669321],[-74.787765188,41.173646587],[-74.787760489,41.173633621],[-74.787756331,41.173622111],[-74.78775933,41.173615857],[-74.787759352,41.173615822],[-74.787748184,41.17358832],[-74.787742125,41.173579222],[-74.787735597,41.173569933],[-74.787729978,41.173561927],[-74.787729923,41.173550121],[-74.787729926,41.173550094],[-74.787734665,41.173531861],[-74.787744191,41.173504511],[-74.787756174,41.173485791],[-74.787758411,41.173480652],[-74.787760936,41.173474852],[-74.787760863,41.173455716],[-74.787753534,41.173435686],[-74.787753518,41.173435655],[-74.787746267,41.173422949],[-74.787746251,41.173422922],[-74.787740189,41.173412921],[-74.787739156,41.173406992],[-74.787737687,41.173398372],[-74.787737656,41.173391306],[-74.787737656,41.173385587],[-74.787733985,41.17337471],[-74.78771545,41.173321869],[-74.787712067,41.173269459],[-74.787718988,41.173247187],[-74.787722051,41.173236468],[-74.787724871,41.173226655],[-74.787726666,41.173216559],[-74.787728455,41.173206588],[-74.787745202,41.173183789],[-74.787755844,41.173167982],[-74.787769172,41.173148189],[-74.787775648,41.173139304],[-74.787787149,41.173123542],[-74.787798536,41.17311397],[-74.787809988,41.173104388],[-74.78785318,41.17305551],[-74.787872328,41.17303179],[-74.787872354,41.173031764],[-74.787874669,41.173010796],[-74.78786734,41.172988956],[-74.787850334,41.172964391],[-74.787845706,41.17296041],[-74.787833442,41.172949857],[-74.787826126,41.172936199],[-74.787824854,41.172919786],[-74.787838042,41.172900649],[-74.787851104,41.172892428],[-74.78786567,41.172883261],[-74.787879723,41.172876318],[-74.787889727,41.172871376],[-74.787917437,41.172861719],[-74.787923764,41.17285759],[-74.787934262,41.172850748],[-74.787952286,41.172835214],[-74.787970325,41.17282698],[-74.787985995,41.172824196],[-74.787993196,41.172817794],[-74.787995585,41.172808684],[-74.787995586,41.172808654],[-74.787994321,41.172795929],[-74.787984615,41.172785019],[-74.787984589,41.172784987],[-74.787968928,41.17277959],[-74.787955654,41.172776909],[-74.787943801,41.172775134],[-74.787937552,41.172774199],[-74.787937519,41.172774191],[-74.787924248,41.172769659],[-74.787906122,41.172752854],[-74.787896393,41.172737399],[-74.787895088,41.172717378],[-74.787896745,41.17270039],[-74.787898589,41.172681854],[-74.787909262,41.172650855],[-74.787909278,41.172650822],[-74.787933255,41.172620721],[-74.787945266,41.172610653],[-74.787959722,41.172606988],[-74.787976642,41.172612385],[-74.787988778,41.172629662],[-74.787996063,41.172640583],[-74.788018987,41.172653257],[-74.788019016,41.172653275],[-74.788040726,41.17265505],[-74.788051577,41.172653193],[-74.788063655,41.172653188],[-74.788073265,41.172654977],[-74.788077858,41.172658407],[-74.788080532,41.172660415],[-74.78808871,41.172664654],[-74.788096262,41.172668576],[-74.788119177,41.172668514],[-74.788131195,41.172664848],[-74.788142001,41.172653886],[-74.788141999,41.172653855],[-74.788143179,41.172644779],[-74.788141921,41.172635658],[-74.788127405,41.172624763],[-74.788100795,41.172608443],[-74.788095937,41.172597516],[-74.788095922,41.172590216],[-74.788097915,41.172588693],[-74.788100722,41.172586587],[-74.788113979,41.172586525],[-74.788134507,41.172591948],[-74.788157451,41.17259918],[-74.788183989,41.17260232],[-74.788206925,41.172604058],[-74.788227446,41.172610392],[-74.788243119,41.172616727],[-74.788261232,41.172619413],[-74.788271303,41.172619387],[-74.78827812,41.172619376],[-74.788285324,41.172615716],[-74.788302185,41.172609287],[-74.788315452,41.172609254],[-74.788323928,41.172613789],[-74.78832999,41.172622921],[-74.788330056,41.172642054],[-74.788333731,41.172652045],[-74.788341117,41.172660034],[-74.788344647,41.172663854],[-74.788366384,41.17267382],[-74.788380855,41.172673785],[-74.788398921,41.172668266],[-74.788413345,41.172660951],[-74.788425786,41.172659035],[-74.788431389,41.172658187],[-74.788451919,41.172662662],[-74.788451955,41.172662674],[-74.788461829,41.172670545],[-74.788471002,41.172677856],[-74.788469514,41.172698113],[-74.788461714,41.172717194],[-74.788468737,41.172728765],[-74.788469655,41.172730278],[-74.788477574,41.172738598],[-74.7884918,41.172746902],[-74.788521746,41.172744444],[-74.788537492,41.172739639],[-74.788559649,41.17274713],[-74.788566345,41.172748288],[-74.78857532,41.172749844],[-74.788584989,41.17274892],[-74.788588529,41.172743456],[-74.788588555,41.172743424],[-74.788587321,41.172735253],[-74.788587316,41.172735223],[-74.788582481,41.172730678],[-74.788582466,41.172730652],[-74.788581591,41.172728037],[-74.788580043,41.172723394],[-74.788581224,41.172721271],[-74.788583613,41.172717015],[-74.788592215,41.17271399],[-74.788599323,41.172711521],[-74.788629401,41.172705976],[-74.78867998,41.172691259],[-74.788711255,41.172672987],[-74.788732895,41.172662876],[-74.788741991,41.172661905],[-74.788754589,41.172660587],[-74.788761845,41.172658713],[-74.788772643,41.172648658],[-74.788774988,41.172635921],[-74.788774995,41.172635894],[-74.788778581,41.172626788],[-74.788790601,41.172618546],[-74.788809853,41.1726112],[-74.788826714,41.172603863],[-74.788839923,41.172591109],[-74.788853111,41.172572848],[-74.788856639,41.172555523],[-74.788862652,41.172549116],[-74.788873483,41.172549088],[-74.788883129,41.172551796],[-74.788897645,41.172559979],[-74.788910989,41.172579059],[-74.788913496,41.172599101],[-74.78891358,41.172617325],[-74.788918461,41.17263098],[-74.788928135,41.172640057],[-74.78894021,41.172640945],[-74.7889525,41.172637196],[-74.788958603,41.172635129],[-74.788976892,41.172628936],[-74.788986309,41.172619381],[-74.788997273,41.172602675],[-74.788995623,41.172586001],[-74.788978469,41.172569788],[-74.788980857,41.172557053],[-74.788980867,41.172557023],[-74.788991609,41.172539687],[-74.78900365,41.172527799],[-74.789024055,41.172516854],[-74.789055399,41.172509456],[-74.789083115,41.172505732],[-74.789096382,41.172505716],[-74.789107258,41.172513884],[-74.789113392,41.172532994],[-74.789115842,41.172543928],[-74.78912311,41.172546649],[-74.789151897,41.172518339],[-74.789151921,41.172518319],[-74.789175924,41.172500972],[-74.78919873,41.172472654],[-74.789209458,41.172450788],[-74.789209466,41.172450763],[-74.789209388,41.172431654],[-74.789209386,41.172431627],[-74.789205722,41.172410654],[-74.78920559,41.172386988],[-74.789211522,41.172357854],[-74.789218839,41.17233893],[-74.78922461,41.172324084],[-74.789253463,41.172263115],[-74.789254584,41.172248394],[-74.789247863,41.172235848],[-74.789228665,41.172218924],[-74.789227529,41.172218325],[-74.789220324,41.172214533],[-74.789213788,41.172213787],[-74.789198723,41.172212054],[-74.78918038,41.172210863],[-74.789160391,41.172206525],[-74.7891404,41.172199656],[-74.789121219,41.172187769],[-74.789109512,41.172173982],[-74.78910285,41.172164589],[-74.78910282,41.172164556],[-74.789089454,41.172154526],[-74.789072783,41.172143258],[-74.789062753,41.172134478],[-74.789062729,41.172134451],[-74.789056056,41.172126325],[-74.789047728,41.172120716],[-74.7890477,41.172120693],[-74.789045315,41.172120023],[-74.789041055,41.172118787],[-74.789033537,41.172117589],[-74.789025254,41.172119489],[-74.789020305,41.172123995],[-74.789016937,41.172127055],[-74.789002046,41.172136522],[-74.788982924,41.172141913],[-74.788967123,41.172142582],[-74.788946321,41.172141377],[-74.788932128,41.172137644],[-74.788924264,41.172132949],[-74.788912189,41.17212572],[-74.788899598,41.172114458],[-74.788893727,41.172103788],[-74.78888787,41.172094382],[-74.788882011,41.172089365],[-74.788869521,41.172083729],[-74.788861187,41.17207746],[-74.788855322,41.17206112],[-74.78885357,41.172046476],[-74.78885181,41.17203161],[-74.788851799,41.172031584],[-74.788842595,41.172015919],[-74.788836731,41.172006512],[-74.788834198,41.171998328],[-74.788834739,41.17199396],[-74.788835839,41.171985124],[-74.788837502,41.171981801],[-74.788839947,41.17197695],[-74.788845718,41.171973184],[-74.788855722,41.171971921],[-74.788864055,41.17196812],[-74.788868981,41.171960526],[-74.788868925,41.17194859],[-74.788868056,41.171938529],[-74.788862202,41.171930384],[-74.788844685,41.171918475],[-74.788844654,41.171918454],[-74.788830523,41.171909053],[-74.788822073,41.171909409],[-74.788813028,41.171909757],[-74.788793081,41.171916093],[-74.788793052,41.171916116],[-74.788779804,41.171924923],[-74.788767725,41.171937802],[-74.788759113,41.17194698],[-74.788754993,41.171952034],[-74.788748333,41.171960196],[-74.78874212,41.171964949],[-74.788735101,41.171970297],[-74.788728962,41.171973801],[-74.788721788,41.171977854],[-74.788706936,41.171999917],[-74.788704456,41.172006187],[-74.788705322,41.172015653],[-74.788712131,41.172023272],[-74.788713712,41.172025046],[-74.788723714,41.172030664],[-74.788732918,41.172042587],[-74.788734647,41.172058925],[-74.788732203,41.172068361],[-74.788732187,41.172068387],[-74.788728062,41.172073398],[-74.788714963,41.172077478],[-74.788705642,41.172080382],[-74.788695659,41.172084178],[-74.788690667,41.172084184],[-74.788674855,41.172074188],[-74.788674825,41.172074169],[-74.788656524,41.172062918],[-74.78865649,41.1720629],[-74.788606459,41.172044176],[-74.788594733,41.172040256],[-74.788583988,41.172036664],[-74.788554844,41.172030461],[-74.788521575,41.17203118],[-74.788491604,41.172032515],[-74.788480792,41.172031912],[-74.788475799,41.172028783],[-74.788474085,41.172021236],[-74.788478202,41.172008044],[-74.788483915,41.171982574],[-74.788482183,41.171964978],[-74.788478789,41.171952394],[-74.788468734,41.171939853],[-74.788455395,41.171928585],[-74.788452056,41.171921054],[-74.78845199,41.171912247],[-74.788465251,41.171899643],[-74.788490157,41.171884477],[-74.788490189,41.171884455],[-74.788513361,41.171868075],[-74.788513381,41.171868051],[-74.788529869,41.171841646],[-74.78854471,41.17180513],[-74.788546326,41.171797594],[-74.788547935,41.171785043],[-74.788552864,41.171772455],[-74.788552881,41.171772432],[-74.788566138,41.171764856],[-74.788591091,41.171762284],[-74.788612714,41.171757193],[-74.788620988,41.171749643],[-74.788627589,41.171731987],[-74.788628374,41.171694292],[-74.788628944,41.171667895],[-74.788629776,41.17165448],[-74.788630523,41.17164272],[-74.788631239,41.171632753],[-74.788632066,41.171621382],[-74.788635253,41.171612128],[-74.788640306,41.171597459],[-74.788655183,41.171578579],[-74.788668448,41.171568465],[-74.788685054,41.171564665],[-74.788711666,41.171564596],[-74.788758307,41.171568254],[-74.788794905,41.171573192],[-74.788821528,41.171573125],[-74.788836469,41.171568059],[-74.788849729,41.171557332],[-74.788860512,41.171542853],[-74.788870447,41.17153653],[-74.788875355,41.171535736],[-74.788882122,41.171534654],[-74.788887646,41.171535404],[-74.788895397,41.17153648],[-74.788903422,41.171537564],[-74.788913722,41.171538987],[-74.788938656,41.17153892],[-74.788949091,41.171538538],[-74.788958629,41.171538213],[-74.788964488,41.171539555],[-74.788969456,41.17154072],[-74.788972801,41.171546981],[-74.788969533,41.171554525],[-74.788957481,41.171564303],[-74.788944654,41.171574711],[-74.788925364,41.171587937],[-74.788902338,41.171603722],[-74.788882457,41.171618856],[-74.788874188,41.171629577],[-74.788870114,41.171646519],[-74.788870111,41.171646551],[-74.788870988,41.17166038],[-74.788874358,41.171668541],[-74.788886861,41.171674792],[-74.788900997,41.171675389],[-74.788909322,41.171672253],[-74.78891426,41.171665322],[-74.78891428,41.171665298],[-74.788914252,41.171658384],[-74.788915915,41.171654596],[-74.788922534,41.171653327],[-74.788932522,41.171655853],[-74.78893506,41.171662115],[-74.788935121,41.171675313],[-74.788933506,41.171685988],[-74.78892441,41.171697962],[-74.788924385,41.171697984],[-74.788915279,41.171704893],[-74.788915249,41.171704916],[-74.788911128,41.171708047],[-74.788910362,41.171717475],[-74.788913201,41.171721536],[-74.788914531,41.171723447],[-74.788919536,41.171727189],[-74.788926185,41.171727182],[-74.788942802,41.171723378],[-74.788956126,41.171725852],[-74.788969509,41.171738389],[-74.788981196,41.17174842],[-74.788997891,41.171759691],[-74.788997928,41.171759713],[-74.78900789,41.171764699],[-74.789007912,41.171768459],[-74.789006257,41.171772243],[-74.788971381,41.171781123],[-74.788953102,41.171791229],[-74.788946261,41.17179513],[-74.788939789,41.171798787],[-74.788936513,41.171803852],[-74.788936531,41.171810125],[-74.788943248,41.171820179],[-74.788951588,41.171835254],[-74.788951651,41.171843492],[-74.788951692,41.171852838],[-74.788948423,41.171862906],[-74.788941164,41.171869212],[-74.788936805,41.171872992],[-74.788931072,41.171896889],[-74.788931068,41.17189692],[-74.788931109,41.1719042],[-74.788931173,41.171915119],[-74.78892793,41.171931121],[-74.788927927,41.171931154],[-74.788931268,41.171943718],[-74.788937124,41.171950586],[-74.788937153,41.171950618],[-74.788943372,41.17195236],[-74.788950522,41.171954387],[-74.788960708,41.171956183],[-74.788971307,41.171958079],[-74.788980386,41.171960337],[-74.788988793,41.171962442],[-74.788994339,41.171964859],[-74.788998805,41.171966817],[-74.789009605,41.171967411],[-74.789014596,41.171966131],[-74.789018733,41.171961727],[-74.789018715,41.171954186],[-74.789016135,41.171944128],[-74.789015267,41.171933455],[-74.789016908,41.171924647],[-74.789016575,41.171921855],[-74.789016022,41.17191711],[-74.789013516,41.171906455],[-74.789013507,41.171906427],[-74.789006803,41.171895753],[-74.789006785,41.171895721],[-74.788997583,41.171878183],[-74.788994982,41.171858062],[-74.788998255,41.171841723],[-74.789001527,41.171832914],[-74.789008989,41.171827242],[-74.789012963,41.171826724],[-74.78901897,41.17182595],[-74.7890222,41.171826991],[-74.789024788,41.171827854],[-74.789029795,41.171835317],[-74.789030293,41.171840433],[-74.789030705,41.171844787],[-74.789032768,41.171852483],[-74.789034071,41.171857331],[-74.789042444,41.171868647],[-74.789050789,41.171876187],[-74.789057465,41.171882444],[-74.789059072,41.171885717],[-74.789060842,41.171889327],[-74.789060048,41.171898774],[-74.789056778,41.171906918],[-74.78905676,41.171906949],[-74.789056789,41.17191345],[-74.789056799,41.171916997],[-74.78905766,41.17192518],[-74.789059441,41.171941517],[-74.789059821,41.171946705],[-74.789060256,41.171952854],[-74.789066123,41.171961587],[-74.789066141,41.171961614],[-74.78906854,41.171962384],[-74.789071989,41.17196352],[-74.789087787,41.171964709],[-74.789100257,41.17196091],[-74.789104498,41.171957134],[-74.789110192,41.171952065],[-74.789126811,41.171944487],[-74.789138576,41.171942678],[-74.789147589,41.171941321],[-74.789155378,41.171939246],[-74.789160867,41.171937794],[-74.789170805,41.171927718],[-74.789179099,41.171921409],[-74.789213998,41.171910948],[-74.789243883,41.17189642],[-74.789262117,41.171881921],[-74.789267122,41.171874387],[-74.789266598,41.171866961],[-74.789266205,41.171861162],[-74.789262856,41.171856778],[-74.789257638,41.171854819],[-74.789251181,41.171852395],[-74.789245891,41.171852415],[-74.789238696,41.171852433],[-74.789230789,41.171855446],[-74.789227069,41.171856855],[-74.789222444,41.171859794],[-74.789217117,41.171863178],[-74.789212824,41.171864065],[-74.789207989,41.171865054],[-74.789199654,41.1718632],[-74.789189647,41.171855063],[-74.789177122,41.171845047],[-74.789147929,41.171831917],[-74.789141953,41.171827676],[-74.789132915,41.171821262],[-74.789130382,41.171812461],[-74.789130389,41.171808054],[-74.789130962,41.171806932],[-74.789132,41.171804928],[-74.789139466,41.171799254],[-74.789142768,41.171797285],[-74.78915111,41.171792314],[-74.789165989,41.171776587],[-74.789171785,41.171767116],[-74.78917258,41.171760853],[-74.789172578,41.171760826],[-74.789170064,41.171755178],[-74.789165059,41.171752663],[-74.789150912,41.171748927],[-74.789145925,41.171747515],[-74.789133414,41.171743958],[-74.789121731,41.171737693],[-74.789119204,41.17173266],[-74.789119179,41.171722653],[-74.789121654,41.171719462],[-74.789132456,41.17171192],[-74.789152318,41.171701184],[-74.789152356,41.171701166],[-74.789163982,41.171696728],[-74.789177301,41.171699209],[-74.789191507,41.171709858],[-74.789201518,41.17171738],[-74.789220697,41.171732411],[-74.789227389,41.171739313],[-74.789229928,41.171748114],[-74.789229123,41.17175753],[-74.789221711,41.171768247],[-74.789215917,41.171775176],[-74.789208424,41.171778962],[-74.789196862,41.171788391],[-74.789196837,41.171788421],[-74.789194382,41.171796591],[-74.78919524,41.171803517],[-74.789197732,41.171807913],[-74.789204389,41.171811054],[-74.78921192,41.171812261],[-74.789229379,41.171812852],[-74.789239381,41.171814718],[-74.789249387,41.171819724],[-74.789258523,41.171823453],[-74.789258556,41.171823465],[-74.789268525,41.171825323],[-74.789279334,41.171822462],[-74.789289274,41.171814276],[-74.789297538,41.171801054],[-74.789298812,41.171793174],[-74.789299982,41.171785975],[-74.789298768,41.171778026],[-74.789295687,41.171757689],[-74.789297322,41.171748867],[-74.789307255,41.171735054],[-74.789314711,41.171728722],[-74.789322988,41.171723663],[-74.789332929,41.171714849],[-74.78933871,41.171704779],[-74.78934185,41.171701185],[-74.789345333,41.171697211],[-74.789350345,41.171695947],[-74.78935558,41.171696989],[-74.789362789,41.171698453],[-74.789369821,41.17169841],[-74.789373619,41.171698401],[-74.789380263,41.171695863],[-74.789381768,41.171693586],[-74.789383589,41.171690854],[-74.789383578,41.171690829],[-74.789380116,41.171659419],[-74.789380117,41.171659386],[-74.789381603,41.171644581],[-74.789381655,41.171644156],[-74.789381722,41.17164372],[-74.789384987,41.171631732],[-74.789394067,41.171619148],[-74.789402322,41.171606587],[-74.789402337,41.171606555],[-74.789406402,41.171588319],[-74.789406327,41.171571334],[-74.789403806,41.171560031],[-74.789401248,41.171557016],[-74.789397989,41.17155312],[-74.789387123,41.171546853],[-74.789380413,41.171540619],[-74.789380392,41.171540586],[-74.789377062,41.171533064],[-74.789377056,41.17152492],[-74.789383639,41.171512948],[-74.789391927,41.171509779],[-74.78940606,41.17150973],[-74.789415213,41.171509087],[-74.789431844,41.171502129],[-74.789440116,41.171497083],[-74.78944013,41.171497056],[-74.789448379,41.171485123],[-74.789449989,41.171471286],[-74.789449996,41.171471255],[-74.789456537,41.171451789],[-74.789461518,41.17144298],[-74.789475603,41.17143352],[-74.789487204,41.171425317],[-74.789497974,41.171413326],[-74.789517787,41.17138032],[-74.789517808,41.171380288],[-74.789528535,41.171364546],[-74.789540963,41.171350683],[-74.789540993,41.171350657],[-74.78955173,41.171341857],[-74.789565862,41.171337418],[-74.789576678,41.171333618],[-74.789591616,41.171326673],[-74.789602384,41.171317218],[-74.789602395,41.171317189],[-74.789607333,41.171307147],[-74.789608917,41.171302303],[-74.789610634,41.171297081],[-74.78961065,41.171297051],[-74.789616392,41.171288261],[-74.789626348,41.171278813],[-74.789635453,41.17126999],[-74.789642054,41.171256778],[-74.789650204,41.17122312],[-74.789656005,41.171214314],[-74.7896626,41.171207996],[-74.789680066,41.171204193],[-74.789706697,41.171200347],[-74.789720803,41.171197795],[-74.789736583,41.171190846],[-74.789755581,41.171177316],[-74.789763122,41.171171919],[-74.789784707,41.17115552],[-74.789809523,41.171128442],[-74.789820113,41.171111057],[-74.789820259,41.171110794],[-74.789823512,41.171093192],[-74.789823283,41.17104229],[-74.789824576,41.171035571],[-74.789825713,41.171029712],[-74.789826977,41.171027287],[-74.789829016,41.17102341],[-74.789839824,41.171018345],[-74.789853938,41.171017059],[-74.789865584,41.171013257],[-74.78987471,41.171007584],[-74.789897846,41.170972321],[-74.789925817,41.170903098],[-74.789935242,41.170876883],[-74.789943917,41.170852777],[-74.789957175,41.170830186],[-74.789957934,41.170828853],[-74.789978648,41.170802392],[-74.789987707,41.170785715],[-74.790001656,41.17075478],[-74.790009106,41.170728076],[-74.790010182,41.170686138],[-74.790014995,41.170633708],[-74.790017725,41.170623217],[-74.790021197,41.170609866],[-74.79003246,41.170589823],[-74.79002734,41.170572681],[-74.790022155,41.170541243],[-74.790021593,41.1705318],[-74.790019432,41.170495503],[-74.790017014,41.170452488],[-74.790011136,41.170443063],[-74.790004404,41.170425486],[-74.790004399,41.170425453],[-74.790003132,41.170402977],[-74.790002594,41.170393442],[-74.790009792,41.170356388],[-74.790014819,41.170330544],[-74.79002058,41.170318264],[-74.790028855,41.170308853],[-74.790047092,41.170291805],[-74.790047122,41.170291787],[-74.790052852,41.17027985],[-74.790051937,41.170262254],[-74.790045186,41.170237749],[-74.790045182,41.170237721],[-74.790040191,41.170187447],[-74.790040029,41.170185764],[-74.790039122,41.170176187],[-74.790046191,41.170088781],[-74.790048922,41.17007912],[-74.790051919,41.170068324],[-74.790066793,41.170044397],[-74.790079127,41.170014854],[-74.790079136,41.170014827],[-74.790091396,41.169965132],[-74.790097123,41.169944998],[-74.790097062,41.169931187],[-74.790092859,41.169917996],[-74.790092785,41.169901053],[-74.790092789,41.169901022],[-74.790092935,41.169900591],[-74.790093204,41.169899782],[-74.790098175,41.169886233],[-74.790102176,41.169875317],[-74.790104584,41.169860323],[-74.790109454,41.169843454],[-74.790119285,41.169827202],[-74.7901308,41.169814062],[-74.79014807,41.169794185],[-74.790162856,41.169777187],[-74.790190792,41.169743995],[-74.790217798,41.169688382],[-74.790248135,41.169633991],[-74.790256326,41.169620247],[-74.790268658,41.169605854],[-74.79028018,41.169595843],[-74.790288386,41.16958584],[-74.790294127,41.169572081],[-74.790294133,41.169572054],[-74.790296518,41.169555851],[-74.790303069,41.169540851],[-74.790305408,41.169535895],[-74.790310455,41.169525253],[-74.790315492,41.169515592],[-74.790320276,41.169506485],[-74.790322658,41.16948773],[-74.790320864,41.169454045],[-74.790323266,41.169437184],[-74.790328991,41.169428454],[-74.790329016,41.169428427],[-74.79033807,41.169422786],[-74.790348933,41.169421659],[-74.790350462,41.169421512],[-74.790359536,41.169422111],[-74.790373597,41.16942145],[-74.790386792,41.169417043],[-74.790395002,41.16940705],[-74.790398255,41.16939392],[-74.790398218,41.169385546],[-74.790398191,41.169380798],[-74.790405567,41.16936768],[-74.790405593,41.169367656],[-74.790422857,41.169354529],[-74.790442647,41.169346379],[-74.790464122,41.16934072],[-74.790487195,41.169338776],[-74.790507807,41.169339706],[-74.790526057,41.16934053],[-74.79057809,41.169335904],[-74.790638688,41.169348618],[-74.790678461,41.169358524],[-74.790710699,41.169375598],[-74.790725972,41.16940701],[-74.790720423,41.169435616],[-74.790711097,41.169465661],[-74.790697929,41.16948285],[-74.790658276,41.169500105],[-74.790616718,41.169514505],[-74.790573369,41.169551784],[-74.790523068,41.169599595],[-74.790482789,41.169650853],[-74.790461372,41.16967512],[-74.790455717,41.169681517],[-74.790455693,41.169681541],[-74.790445914,41.169690383],[-74.790442523,41.169693442],[-74.790427721,41.169708449],[-74.790416263,41.169732193],[-74.790408095,41.169754693],[-74.790400716,41.169765918],[-74.790400696,41.169765941],[-74.790393324,41.169772188],[-74.790393297,41.169772207],[-74.790375989,41.16977972],[-74.790361993,41.169789132],[-74.790348,41.169801658],[-74.790341921,41.169813101],[-74.790337376,41.169821659],[-74.790327515,41.169838528],[-74.790308585,41.169854189],[-74.790300361,41.169859831],[-74.790296241,41.169866091],[-74.790296246,41.16986612],[-74.79029626,41.169871053],[-74.79029626,41.16987108],[-74.790296318,41.169883573],[-74.79029471,41.169892927],[-74.790294731,41.169900423],[-74.790294723,41.169900453],[-74.790299722,41.169906054],[-74.790303159,41.169909249],[-74.790306374,41.169912256],[-74.790317122,41.169914721],[-74.790318769,41.169917212],[-74.790316326,41.169922843],[-74.790299856,41.169933454],[-74.790299836,41.169933483],[-74.790291604,41.169940384],[-74.790290702,41.169943865],[-74.790289987,41.169946623],[-74.790289991,41.169946653],[-74.790293338,41.169957853],[-74.790296234,41.169961377],[-74.790299983,41.16996595],[-74.790299194,41.169970929],[-74.79029714,41.169972509],[-74.79029591,41.169973451],[-74.790289757,41.169975792],[-74.790284339,41.169977853],[-74.790273627,41.169983504],[-74.790265173,41.169991422],[-74.790262935,41.169993513],[-74.790261928,41.169997135],[-74.790260508,41.170002252],[-74.790261162,41.170011947],[-74.790261394,41.17001536],[-74.7902614,41.170015385],[-74.790264143,41.170022336],[-74.790265571,41.170025956],[-74.790265577,41.170025988],[-74.790266453,41.170037787],[-74.790266454,41.170037815],[-74.790265665,41.170049056],[-74.790261581,41.170055924],[-74.790231124,41.170085333],[-74.790225977,41.170090944],[-74.79022538,41.170091592],[-74.790213841,41.170097251],[-74.790209731,41.170100609],[-74.790203123,41.170105987],[-74.790194923,41.170117911],[-74.790193328,41.170130386],[-74.790193375,41.170137255],[-74.790194248,41.170149728],[-74.79019923,41.170159087],[-74.790199261,41.170159114],[-74.790213318,41.170167788],[-74.790224922,41.170175252],[-74.790228243,41.170179611],[-74.790226589,41.170185253],[-74.790224933,41.170191281],[-74.790224185,41.170193981],[-74.790224197,41.17019832],[-74.7902242,41.170198351],[-74.790228381,41.170210196],[-74.790237493,41.170218291],[-74.790237523,41.17021832],[-74.790252389,41.170222654],[-74.790261461,41.170221981],[-74.790269722,41.170218199],[-74.790275463,41.170208843],[-74.790283713,41.17020319],[-74.790295251,41.17020253],[-74.790302788,41.170201982],[-74.790312592,41.170201247],[-74.79032826,41.170194976],[-74.79033238,41.170189327],[-74.790336464,41.170183714],[-74.790343061,41.170179321],[-74.790355431,41.170175543],[-74.79035545,41.170175518],[-74.790360365,41.170167418],[-74.790360389,41.170167386],[-74.790357857,41.170161184],[-74.79035124,41.170157315],[-74.790351055,41.170157211],[-74.790350389,41.170156844],[-74.790335534,41.170156246],[-74.790318186,41.170155046],[-74.790303323,41.170153187],[-74.790299731,41.170151534],[-74.79029667,41.170150114],[-74.790290869,41.170147627],[-74.790283896,41.17014133],[-74.790278452,41.1701364],[-74.790274516,41.170130808],[-74.79027013,41.170124576],[-74.790269447,41.17011978],[-74.790268443,41.170112718],[-74.790268848,41.170108054],[-74.790269201,41.170103981],[-74.790274127,41.170098979],[-74.790280775,41.170098325],[-74.790286608,41.170101031],[-74.790291522,41.17010332],[-74.790302271,41.170109518],[-74.790306329,41.170111031],[-74.790310546,41.17011261],[-74.790316449,41.170111224],[-74.790321255,41.17011012],[-74.790321286,41.170110091],[-74.790331127,41.17010259],[-74.790331154,41.170102572],[-74.79033359,41.170093842],[-74.790331057,41.170080723],[-74.790332649,41.170065117],[-74.790345765,41.170042615],[-74.790345785,41.170042586],[-74.790352317,41.170033852],[-74.790358119,41.170030721],[-74.79036799,41.17003072],[-74.790376313,41.170033176],[-74.79039284,41.170034382],[-74.790405195,41.170033109],[-74.790452198,41.170012386],[-74.790467849,41.169999854],[-74.790478529,41.169990459],[-74.790490062,41.169987318],[-74.790509054,41.169984782],[-74.790509086,41.169984774],[-74.790510424,41.169984163],[-74.790525589,41.169977253],[-74.790538897,41.169964361],[-74.790546936,41.16995659],[-74.790548472,41.169953976],[-74.790550707,41.169950183],[-74.790556786,41.169939713],[-74.790559216,41.169929086],[-74.790559196,41.169925131],[-74.790559189,41.169923176],[-74.790559189,41.169918453],[-74.790558709,41.169910434],[-74.790558277,41.169902874],[-74.790558211,41.169887898],[-74.790561445,41.169871654],[-74.79056639,41.169859187],[-74.790587719,41.169833516],[-74.790593472,41.169827879],[-74.790600069,41.16982662],[-74.790610817,41.169829087],[-74.790618334,41.169833162],[-74.790625718,41.169837175],[-74.790640381,41.169842157],[-74.790653039,41.169846459],[-74.790686927,41.169851991],[-74.790729071,41.169856254],[-74.790742314,41.169858719],[-74.790753889,41.169861812],[-74.790778669,41.169866729],[-74.790793569,41.169866079],[-74.790800127,41.169863574],[-74.790805908,41.169857927],[-74.79080699,41.16985354],[-74.790809147,41.169844814],[-74.790811706,41.169840121],[-74.790813243,41.169837314],[-74.790823123,41.169830453],[-74.790836327,41.169828519],[-74.790849562,41.169826612],[-74.790849595,41.169826595],[-74.790866852,41.169819713],[-74.790866883,41.169819697],[-74.790887453,41.169804044],[-74.790908801,41.16978026],[-74.790919464,41.169760264],[-74.790929302,41.169742141],[-74.790929317,41.169742117],[-74.790940794,41.169726513],[-74.790958915,41.169712109],[-74.790967722,41.169708187],[-74.790972922,41.169705853],[-74.790984453,41.169698925],[-74.790988553,41.16968893],[-74.79098901,41.169678637],[-74.790989308,41.16967208],[-74.790989314,41.169672052],[-74.790995507,41.169654317],[-74.790995843,41.169653323],[-74.790998862,41.169649792],[-74.791008139,41.169638947],[-74.79102625,41.169623917],[-74.791046855,41.169613866],[-74.791069069,41.169607746],[-74.79108565,41.169603177],[-74.79114506,41.169594912],[-74.791188859,41.169594793],[-74.79120539,41.169596653],[-74.79120859,41.16959662],[-74.791211775,41.169596612],[-74.791216121,41.169596595],[-74.791243329,41.169584046],[-74.791296189,41.169547854],[-74.791298924,41.169545932],[-74.791301816,41.169543946],[-74.791317078,41.169533906],[-74.791332323,41.16952392],[-74.791342189,41.169515787],[-74.791346249,41.169506388],[-74.791343708,41.169492043],[-74.791337926,41.169482052],[-74.791335395,41.169477708],[-74.791335349,41.169467703],[-74.791339418,41.169455832],[-74.791347649,41.169448326],[-74.791369068,41.169438915],[-74.791389077,41.169433816],[-74.791390698,41.169433411],[-74.791391379,41.169433246],[-74.791400991,41.169427993],[-74.791402922,41.169426986],[-74.791407835,41.16942008],[-74.791407848,41.169420051],[-74.79141191,41.169407585],[-74.791420125,41.169399459],[-74.791433322,41.169394453],[-74.791450652,41.16939251],[-74.791459046,41.169391999],[-74.791472126,41.169391198],[-74.791484349,41.169385952],[-74.79149111,41.169383051],[-74.791510051,41.169370512],[-74.791517403,41.169357387],[-74.791519002,41.169343652],[-74.791514432,41.169327965],[-74.791508123,41.169306253],[-74.791508045,41.169293724],[-74.791510196,41.169290446],[-74.7915146,41.169283728],[-74.791532727,41.169273708],[-74.791545914,41.169264924],[-74.791552442,41.169244929],[-74.791550659,41.169214979],[-74.791555519,41.169194988],[-74.791550517,41.169180054],[-74.791550504,41.169180027],[-74.791535549,41.169163828],[-74.791510679,41.169142674],[-74.791510657,41.169142653],[-74.791508461,41.169140371],[-74.79148911,41.169120258],[-74.791445851,41.169054193],[-74.791428866,41.169019787],[-74.791403717,41.168985317],[-74.791390722,41.16896192],[-74.791382908,41.16894345],[-74.791377656,41.168920053],[-74.79137231,41.168881109],[-74.791372237,41.168865927],[-74.791372148,41.168846003],[-74.79137592,41.168825517],[-74.791380998,41.168811861],[-74.791397727,41.168794265],[-74.791403435,41.168787761],[-74.79140799,41.168782573],[-74.791429162,41.1687576],[-74.791455508,41.168726083],[-74.791481874,41.168698854],[-74.791522789,41.168636041],[-74.791523914,41.168632655],[-74.791527859,41.168620454],[-74.791527866,41.168620423],[-74.791527805,41.168608723],[-74.791496553,41.168539599],[-74.791458189,41.168455994],[-74.791441305,41.16841756],[-74.79143469,41.16840249],[-74.791430525,41.168400672],[-74.791427123,41.168399186],[-74.791418446,41.168397456],[-74.791415499,41.168396867],[-74.791406888,41.168399906],[-74.791396601,41.168403384],[-74.791341332,41.168447384],[-74.7913246,41.168456195],[-74.791305267,41.168459177],[-74.7912769,41.168460225],[-74.791261452,41.168464175],[-74.791246143,41.168471288],[-74.79124239,41.168473028],[-74.791238263,41.168474928],[-74.790984856,41.168639319],[-74.790856865,41.168719597],[-74.79080539,41.168752853],[-74.79075779,41.168776393],[-74.790678585,41.16880779],[-74.790672499,41.168810538],[-74.790584706,41.168832898],[-74.790591109,41.168854802],[-74.790588922,41.168859535],[-74.790583613,41.168871024],[-74.790502335,41.168920326],[-74.790459087,41.168947583],[-74.790126916,41.169128547],[-74.790096685,41.169137201],[-74.790065153,41.16913728],[-74.790039921,41.169135438],[-74.790008385,41.169134564],[-74.789962653,41.169142997],[-74.789947392,41.169144798],[-74.789939948,41.169144829],[-74.789935656,41.169144844],[-74.789916868,41.16914312],[-74.789860517,41.169128187],[-74.789861988,41.169113966],[-74.789863188,41.169099667],[-74.78986061,41.169087283],[-74.78985253,41.169079323],[-74.789840342,41.16906732],[-74.789787245,41.169038862],[-74.789748095,41.169027524],[-74.789668683,41.168982425],[-74.78964824,41.168978216],[-74.789626765,41.168970645],[-74.789598913,41.168946889],[-74.78956205,41.168923725],[-74.789558407,41.168913634],[-74.789543205,41.168898423],[-74.789531828,41.168892733],[-74.789517934,41.168888003],[-74.789500301,41.168893766],[-74.789487719,41.168900468],[-74.789470094,41.168908138],[-74.78945976,41.168914952],[-74.789452488,41.168919618],[-74.789431026,41.168914907],[-74.789425956,41.168909201],[-74.789413189,41.16889972],[-74.78940061,41.168881626],[-74.789403086,41.168871137],[-74.789408089,41.168861593],[-74.789442033,41.168836729],[-74.78943826,41.168827004],[-74.789332322,41.168553946],[-74.789344793,41.168428434],[-74.789361308,41.168262237],[-74.78936947,41.16811068],[-74.789368075,41.168080186],[-74.78936784,41.168026816],[-74.789363536,41.167908647],[-74.789358215,41.167845758],[-74.789349263,41.167845297],[-74.789340553,41.167844849],[-74.789341324,41.167770123],[-74.78934214,41.167691035],[-74.78935915,41.167545232],[-74.789457479,41.167187898],[-74.789507255,41.167035284],[-74.789538639,41.167001848],[-74.789632369,41.166806235],[-74.78964831,41.166703265],[-74.789671625,41.166486451],[-74.789686325,41.16645728],[-74.789728966,41.166402848],[-74.789746463,41.166366589],[-74.789782374,41.166215915],[-74.78977998,41.166199122],[-74.789772651,41.166147709],[-74.789750923,41.166090324],[-74.78970599,41.166013049],[-74.789539657,41.165758778],[-74.789451536,41.165636648],[-74.789399917,41.165550905],[-74.789354979,41.165476249],[-74.789336578,41.165444618],[-74.789298514,41.165379188],[-74.789298503,41.165379163],[-74.789296063,41.16536838],[-74.789293134,41.165355459],[-74.789293088,41.165341635],[-74.789303446,41.165315922],[-74.789332003,41.165278316],[-74.78935804,41.165244654],[-74.78936319,41.165232784],[-74.789363144,41.165221716],[-74.789363128,41.165218951],[-74.78936312,41.16521892],[-74.78935521,41.165199214],[-74.789355185,41.165199188],[-74.789339466,41.165187396],[-74.789245196,41.165152062],[-74.789241235,41.165152078],[-74.789234733,41.165152094],[-74.789216442,41.165154121],[-74.789195572,41.165164052],[-74.789164445,41.165223394],[-74.789130588,41.165257053],[-74.789088855,41.165282852],[-74.789065482,41.165299736],[-74.789039365,41.165318561],[-74.78899767,41.165350295],[-74.78899765,41.165350316],[-74.788974253,41.165377993],[-74.788956132,41.165415585],[-74.788938047,41.16546898],[-74.78889783,41.165544607],[-74.788849154,41.165589404],[-74.788681083,41.165728614],[-74.788482993,41.165853604],[-74.788467149,41.165838281],[-74.788441831,41.165813797],[-74.788413539,41.16583293],[-74.788426228,41.165845513],[-74.788435705,41.165854914],[-74.788250708,41.165965208],[-74.788262049,41.165979245],[-74.788163018,41.166045016],[-74.788107212,41.166081491],[-74.787886406,41.166239298],[-74.787834562,41.166280528],[-74.787637407,41.166439467],[-74.787512376,41.16650828],[-74.78742362,41.166580577],[-74.787406538,41.166592211],[-74.78732544,41.166647447],[-74.787282,41.166677036],[-74.787244106,41.166700848],[-74.787209555,41.166735895],[-74.787178172,41.166779381],[-74.787165236,41.166798638],[-74.787141654,41.166813588],[-74.787038573,41.166854946],[-74.786933128,41.166896309],[-74.786673239,41.166950566],[-74.786574901,41.166994889],[-74.78656872,41.166991799],[-74.786564856,41.166994262],[-74.786536722,41.167012186],[-74.786530559,41.167017202],[-74.786546679,41.167030699],[-74.78641703,41.167125732],[-74.786399748,41.167139475],[-74.786389493,41.167133878],[-74.786378711,41.16714619],[-74.786374921,41.16715924],[-74.786384108,41.167168106],[-74.786377994,41.1672122],[-74.786335584,41.167248046],[-74.786319117,41.167267744],[-74.786313664,41.167282648],[-74.786271254,41.167318493],[-74.786262643,41.167332214],[-74.786243981,41.167391231],[-74.786160859,41.167490914],[-74.786072918,41.167570356],[-74.786034437,41.167603212],[-74.785963893,41.16769512],[-74.785944975,41.167704064],[-74.785923584,41.167724111],[-74.785875159,41.167773371],[-74.785699402,41.167960845],[-74.785556829,41.168107033],[-74.785543706,41.168129524],[-74.785543758,41.168143266],[-74.785546322,41.168152732],[-74.785547131,41.168155729],[-74.785557115,41.168170708],[-74.785558246,41.168171652],[-74.785572032,41.168183143],[-74.785579785,41.168188684],[-74.785585371,41.168204157],[-74.785577669,41.168245873],[-74.785552301,41.168261497],[-74.78554465,41.168266207],[-74.785549841,41.16827164],[-74.785604833,41.168329198],[-74.785586879,41.168339512],[-74.785530716,41.168371775],[-74.785519994,41.168397314],[-74.785488866,41.168419946],[-74.785466561,41.168436165],[-74.785482398,41.168452805],[-74.785400591,41.168514134],[-74.78538968,41.168521534],[-74.78538096,41.168515716],[-74.785361219,41.168502544],[-74.785350928,41.168492444],[-74.785349904,41.16849208],[-74.785335927,41.168487119],[-74.785320951,41.168487156],[-74.785309948,41.168494927],[-74.785301314,41.168503287],[-74.785298189,41.168509847],[-74.785299827,41.168524139],[-74.785306155,41.168528889],[-74.785314867,41.168538398],[-74.785336358,41.168553582],[-74.785341751,41.168557393],[-74.785263356,41.168628976],[-74.785255129,41.168636489],[-74.78524605,41.168639627],[-74.785236144,41.16863903],[-74.785222919,41.168631578],[-74.78522021,41.168631072],[-74.785216254,41.16863032],[-74.785209138,41.168634077],[-74.78520309,41.168637239],[-74.785200775,41.168641665],[-74.785199811,41.168643495],[-74.785199788,41.16864352],[-74.785202323,41.168650319],[-74.785202337,41.168650353],[-74.785218899,41.168663414],[-74.785220579,41.168667787],[-74.785218927,41.168671529],[-74.785206587,41.16868652],[-74.785204984,41.168689045],[-74.785204991,41.168692174],[-74.785210801,41.168700259],[-74.7852133,41.168704627],[-74.785213315,41.168706511],[-74.785205914,41.168712131],[-74.785201775,41.168715895],[-74.785201784,41.168715921],[-74.785202639,41.168718387],[-74.785216885,41.168731472],[-74.785224993,41.168738916],[-74.785199557,41.168755293],[-74.785177243,41.168769647],[-74.785168127,41.168767786],[-74.785142455,41.168747853],[-74.785132521,41.16874412],[-74.785117647,41.168741064],[-74.785110988,41.168738082],[-74.785101079,41.168733624],[-74.785096029,41.168730181],[-74.785091987,41.168727387],[-74.785085251,41.168703064],[-74.785077781,41.168691858],[-74.785066187,41.16868312],[-74.785057045,41.168676312],[-74.785056996,41.16866819],[-74.78506112,41.168657587],[-74.785061422,41.168653731],[-74.785061883,41.168648206],[-74.785060211,41.16864196],[-74.785000479,41.16858407],[-74.784941522,41.168607228],[-74.784928124,41.168607856],[-74.784910736,41.168597178],[-74.784893381,41.168594243],[-74.784881555,41.168593676],[-74.784854756,41.168594338],[-74.784684753,41.168655516],[-74.784670567,41.168656146],[-74.784651326,41.168649846],[-74.784636091,41.16864805],[-74.784613843,41.168663435],[-74.784588651,41.16867124],[-74.784574598,41.168669997],[-74.784566187,41.168670027],[-74.784560584,41.168670044],[-74.784552262,41.168665058],[-74.784538994,41.168650731],[-74.784521647,41.168647043],[-74.784512533,41.168648318],[-74.784504316,41.168652066],[-74.784502666,41.168655195],[-74.784501065,41.168667058],[-74.784496991,41.168673921],[-74.784487869,41.168674587],[-74.784478788,41.168673994],[-74.784447583,41.168678737],[-74.7844027,41.168690165],[-74.784352248,41.168689694],[-74.784294687,41.168685666],[-74.784207985,41.168687667],[-74.784193781,41.168684129],[-74.784170109,41.168678826],[-74.783869352,41.168580688],[-74.783869841,41.168575259],[-74.783843108,41.168566318],[-74.783779361,41.168551126],[-74.783729667,41.168543505],[-74.783709987,41.16854352],[-74.783703848,41.168552586],[-74.783698504,41.16856043],[-74.783690252,41.168564827],[-74.783679525,41.168564853],[-74.783442187,41.168504853],[-74.783289019,41.168467252],[-74.783261066,41.168460385],[-74.78321231,41.16844865],[-74.783175111,41.168443119],[-74.783140398,41.168441961],[-74.783130848,41.16844054],[-74.78311972,41.168438854],[-74.78308252,41.16842899],[-74.782992402,41.168412355],[-74.782984921,41.168411623],[-74.782979986,41.16841112],[-74.782970917,41.168409915],[-74.782955191,41.168404327],[-74.782915544,41.168398975],[-74.782753896,41.168386863],[-74.782545743,41.16837546],[-74.782528417,41.168379077],[-74.78250009,41.16839106],[-74.782425307,41.16841507],[-74.781977572,41.168416167],[-74.781944389,41.168398378],[-74.78192622,41.168389488],[-74.781904115,41.168381798],[-74.781818146,41.168370691],[-74.781754256,41.168361317],[-74.781566565,41.168342119],[-74.781502303,41.168287259],[-74.781309264,41.168266503],[-74.781293375,41.16825672],[-74.781293248,41.168256701],[-74.781254055,41.168259489],[-74.781209918,41.168255666],[-74.781209004,41.168231604],[-74.781201314,41.168231],[-74.781164846,41.168228137],[-74.781154673,41.168245436],[-74.781148394,41.168252004],[-74.781142905,41.16825857],[-74.781135032,41.168260971],[-74.781128732,41.168262178],[-74.781123999,41.168261594],[-74.781119052,41.168253394],[-74.781118375,41.16823659],[-74.781108071,41.16822351],[-74.781045982,41.168168059],[-74.781020191,41.168126311],[-74.78099113,41.168088292],[-74.780986533,41.168081653],[-74.780979519,41.168071453],[-74.780970316,41.168050261],[-74.78096031,41.168025321],[-74.780951135,41.168009117],[-74.780945063,41.168002397],[-74.780935386,41.167991654],[-74.780925602,41.167983191],[-74.780919601,41.167977982],[-74.780904652,41.167958052],[-74.780879647,41.167922778],[-74.780869785,41.167908787],[-74.78085925,41.167888716],[-74.780851033,41.167839936],[-74.780850153,41.167818494],[-74.780851612,41.16779109],[-74.780857769,41.167755931],[-74.780861615,41.167733882],[-74.780863103,41.167713031],[-74.780874802,41.167683814],[-74.780877047,41.167655813],[-74.780876963,41.167636157],[-74.780869633,41.167608727],[-74.780882296,41.16759266],[-74.780897219,41.167580115],[-74.78090664,41.167571157],[-74.780914453,41.167555055],[-74.780916743,41.167537179],[-74.780920594,41.167516322],[-74.780926837,41.167501415],[-74.780945649,41.167476352],[-74.780980176,41.167439932],[-74.781006837,41.167407105],[-74.781023265,41.167377878],[-74.781035,41.167357002],[-74.781044299,41.167319452],[-74.781048946,41.167300379],[-74.781058368,41.167291421],[-74.781068577,41.167282461],[-74.781071687,41.167272327],[-74.781071613,41.167255054],[-74.781066802,41.167236004],[-74.781091252,41.167152386],[-74.781110916,41.167122976],[-74.781129218,41.16708515],[-74.781142448,41.167045208],[-74.781148654,41.167021962],[-74.781154137,41.16701361],[-74.781164984,41.166969504],[-74.7811814,41.166937298],[-74.781202455,41.166884233],[-74.78122284,41.166858569],[-74.781239241,41.16682279],[-74.781259588,41.166788192],[-74.781265791,41.16676435],[-74.781278218,41.166720836],[-74.781278174,41.16671071],[-74.781271779,41.166689878],[-74.781260927,41.166663181],[-74.781262156,41.166651779],[-74.781261292,41.166633911],[-74.781231845,41.166567865],[-74.781238911,41.166561295],[-74.781241226,41.166549972],[-74.781239605,41.166539254],[-74.781227738,41.166529157],[-74.781211932,41.166519665],[-74.781203218,41.16650956],[-74.781202374,41.166496457],[-74.781202326,41.16648514],[-74.781191184,41.166460149],[-74.781158736,41.166429849],[-74.781121627,41.166405672],[-74.781074642,41.166303775],[-74.781024512,41.1661937],[-74.78101651,41.166165723],[-74.78101489,41.1661556],[-74.78101088,41.166139527],[-74.781010809,41.166122849],[-74.781011511,41.166102595],[-74.78100746,41.166076992],[-74.780991487,41.166028186],[-74.780985114,41.166012714],[-74.780976398,41.166002014],[-74.78095429,41.165993133],[-74.780925857,41.165980098],[-74.780902777,41.165962457],[-74.780902762,41.165962431],[-74.780900281,41.165953997],[-74.780898545,41.165948079],[-74.780898519,41.165941958],[-74.780898505,41.165935593],[-74.780934131,41.165887154],[-74.780938039,41.165879401],[-74.78094192,41.165865095],[-74.780952893,41.165850773],[-74.780970176,41.165837031],[-74.780986464,41.165775042],[-74.780997285,41.16572498],[-74.781013717,41.165696348],[-74.781054866,41.165549715],[-74.781037237,41.165537642],[-74.781020548,41.165501471],[-74.781012016,41.165467543],[-74.781009426,41.165430098],[-74.780989893,41.165285995],[-74.780960657,41.165084733],[-74.780957979,41.165011473],[-74.780950643,41.164954903],[-74.780940874,41.164882256],[-74.780912625,41.164727453],[-74.780902806,41.16472596],[-74.78087792,41.164722176],[-74.780867406,41.164659658],[-74.780866558,41.164645364],[-74.780867261,41.164625706],[-74.780872674,41.16460127],[-74.780872878,41.164600248],[-74.780883479,41.164547038],[-74.780892583,41.164464219],[-74.780892107,41.164352831],[-74.78088467,41.164272435],[-74.78088062,41.164246831],[-74.780862751,41.164140437],[-74.780864078,41.164066159],[-74.78086558,41.164029322],[-74.780873925,41.163971056],[-74.780853339,41.163970662],[-74.780846335,41.163970528],[-74.780845626,41.163929707],[-74.780844245,41.163850209],[-74.780839009,41.163850808],[-74.780835051,41.163803593],[-74.780832253,41.163770386],[-74.78083225,41.163770359],[-74.780818355,41.163666556],[-74.780814163,41.163635249],[-74.780802357,41.163631791],[-74.780796011,41.163629932],[-74.780793692,41.163618182],[-74.780790372,41.163601354],[-74.780762546,41.16354543],[-74.780753652,41.163493033],[-74.78074487,41.163466845],[-74.78073131,41.163429352],[-74.780718483,41.163378752],[-74.780705749,41.163350191],[-74.780696238,41.163337705],[-74.780687714,41.16333597],[-74.78068756,41.163335939],[-74.780687328,41.16333525],[-74.780674785,41.163297848],[-74.780677115,41.163289503],[-74.780675447,41.163268064],[-74.780673787,41.16324841],[-74.780668224,41.163237702],[-74.780665,41.163221031],[-74.78066178,41.163205552],[-74.780662507,41.163191254],[-74.780669559,41.163181111],[-74.780682114,41.163167976],[-74.780693871,41.16315246],[-74.780711114,41.163129783],[-74.780712645,41.163119057],[-74.780707047,41.16310001],[-74.780687238,41.16307845],[-74.780682929,41.163037257],[-74.780690117,41.162981719],[-74.780690124,41.16298169],[-74.78069997,41.162962315],[-74.780703984,41.162938584],[-74.780705467,41.162902381],[-74.780706841,41.162867106],[-74.780681519,41.162699586],[-74.780682461,41.162682054],[-74.780698527,41.162581209],[-74.780696132,41.162574066],[-74.78068914,41.162573581],[-74.780689694,41.162543108],[-74.780746495,41.162370227],[-74.780748812,41.162358904],[-74.780743341,41.162345489],[-74.780769742,41.162276652],[-74.780809831,41.162250941],[-74.780826881,41.162182994],[-74.780840875,41.162137689],[-74.780855596,41.162078087],[-74.780864259,41.162076279],[-74.780864142,41.162048878],[-74.780859397,41.162045316],[-74.780854319,41.161963722],[-74.780854984,41.161934534],[-74.780850155,41.161911315],[-74.780845291,41.161879757],[-74.780838106,41.16185833],[-74.780826955,41.161830957],[-74.780822888,41.161801779],[-74.780817247,41.161772606],[-74.78080606,41.161736893],[-74.780811396,41.161694588],[-74.780816868,41.161683853],[-74.780832596,41.161675475],[-74.780864037,41.161655146],[-74.780919888,41.161629397],[-74.781006449,41.161596424],[-74.781026873,41.161580291],[-74.781052017,41.161561765],[-74.781079023,41.161528787],[-74.78115211,41.161560329],[-74.781301058,41.16137114],[-74.78131272,41.161333585],[-74.78134408,41.161294195],[-74.781400645,41.161251169],[-74.781419516,41.1612404],[-74.781443058,41.161216517],[-74.781449326,41.161207566],[-74.78145553,41.161183725],[-74.781463339,41.161167027],[-74.781491488,41.161113945],[-74.781501706,41.161107367],[-74.781503329,41.161100281],[-74.781506349,41.161087103],[-74.781520459,41.161069199],[-74.781528104,41.161067735],[-74.78154251,41.161064975],[-74.781553531,41.16106197],[-74.781564541,41.161055986],[-74.781575532,41.161045833],[-74.781581748,41.16102497],[-74.781581697,41.161013057],[-74.781580021,41.16098983],[-74.781582278,41.160964807],[-74.781576647,41.160938016],[-74.781556116,41.160929131],[-74.781677547,41.160759854],[-74.781690096,41.160742361],[-74.781702666,41.1607328],[-74.781716624,41.160729573],[-74.781736524,41.160724973],[-74.781743592,41.160719],[-74.781749806,41.16069754],[-74.781756024,41.160677272],[-74.781756721,41.160655827],[-74.781747145,41.16062845],[-74.781741521,41.160603446],[-74.781736672,41.160575462],[-74.781723067,41.160527247],[-74.781718162,41.160486158],[-74.781698768,41.160486792],[-74.781697907,41.160484858],[-74.781694407,41.160460602],[-74.7816918,41.160425839],[-74.781682705,41.160304568],[-74.781682626,41.160286102],[-74.781684964,41.16028014],[-74.781689681,41.160277149],[-74.781725155,41.16027885],[-74.781734604,41.160276444],[-74.781742456,41.160269873],[-74.781743987,41.160259147],[-74.781728548,41.160150774],[-74.781713405,41.160111498],[-74.781709344,41.160083511],[-74.781710814,41.16005849],[-74.781710609,41.160010838],[-74.781709655,41.159972122],[-74.781701747,41.159948093],[-74.781708732,41.159940554],[-74.781721301,41.159930992],[-74.781729915,41.159917867],[-74.781730647,41.159904761],[-74.781737667,41.159887469],[-74.78174864,41.159873147],[-74.78175805,41.159861806],[-74.781767466,41.159852253],[-74.781768191,41.159837359],[-74.781765,41.159828432],[-74.781762579,41.159815333],[-74.781760161,41.159802831],[-74.781742758,41.159787981],[-74.781731657,41.159772521],[-74.781730788,41.159753462],[-74.781738614,41.159740338],[-74.781749601,41.15972959],[-74.781769249,41.159716437],[-74.781791264,41.159703874],[-74.781812478,41.159688335],[-74.781823403,41.159662695],[-74.781825699,41.159646606],[-74.781821683,41.159629342],[-74.781819253,41.159613861],[-74.781811261,41.159588267],[-74.781803258,41.159559694],[-74.781785847,41.159543058],[-74.781775481,41.159515088],[-74.781794136,41.159454285],[-74.781788642,41.159385498],[-74.78188559,41.159383713],[-74.781899695,41.159364617],[-74.781890638,41.159350999],[-74.781878515,41.159332305],[-74.781862869,41.159308179],[-74.781845039,41.159276055],[-74.781801464,41.15921558],[-74.781765585,41.159170327],[-74.781752984,41.159046952],[-74.78172876,41.158911796],[-74.781730202,41.158906818],[-74.781730313,41.158906431],[-74.781716675,41.158850473],[-74.781702269,41.15879928],[-74.781702932,41.158770092],[-74.781695731,41.158745091],[-74.781682026,41.158673645],[-74.781658663,41.158555166],[-74.781536717,41.158404071],[-74.78152,41.158383358],[-74.781461412,41.158321552],[-74.781439126,41.158308847],[-74.781447111,41.158294782],[-74.781451542,41.158289334],[-74.781457304,41.158282249],[-74.781458036,41.158269143],[-74.781452483,41.158260816],[-74.781435876,41.158247752],[-74.781423988,41.158232294],[-74.781387798,41.158210581],[-74.781338704,41.158181127],[-74.781239086,41.158121357],[-74.781219395,41.158124383],[-74.781210782,41.158122959],[-74.781183903,41.158118514],[-74.781165652,41.158116385],[-74.781137065,41.158112883],[-74.781117683,41.158115101],[-74.781055405,41.158111679],[-74.781021032,41.158107983],[-74.780990791,41.158113775],[-74.780951247,41.158155329],[-74.780838357,41.158297134],[-74.780789526,41.158298571],[-74.780760847,41.158307331],[-74.780717402,41.158321732],[-74.780687253,41.158348968],[-74.780680551,41.158359562],[-74.780636524,41.158429148],[-74.780630964,41.158456324],[-74.780631038,41.158473479],[-74.780619755,41.158489807],[-74.780612238,41.158500687],[-74.780587897,41.158559359],[-74.7805532,41.158631597],[-74.780546649,41.158645235],[-74.7804923,41.158764024],[-74.780460521,41.158852736],[-74.780405985,41.158920585],[-74.78037472,41.158939396],[-74.780331782,41.158939514],[-74.78031692,41.158942046],[-74.780316918,41.158949518],[-74.780318658,41.158964516],[-74.780382484,41.158997756],[-74.780385498,41.159003025],[-74.780381813,41.159025908],[-74.780353677,41.159081731],[-74.780237034,41.159282783],[-74.780231362,41.159306799],[-74.780220378,41.159318739],[-74.780201495,41.159325131],[-74.780173188,41.159340925],[-74.780154339,41.159356696],[-74.780151991,41.159361793],[-74.780144915,41.159365979],[-74.780134689,41.15937077],[-74.780118143,41.159372001],[-74.780107889,41.15937024],[-74.780092098,41.159363726],[-74.780088717,41.159362197],[-74.780069239,41.159353387],[-74.780059319,41.159353385],[-74.780052712,41.159354663],[-74.780047803,41.159363424],[-74.780047785,41.159363452],[-74.780048499,41.159367538],[-74.78004949,41.159373407],[-74.78006773,41.15939085],[-74.780109123,41.159413196],[-74.780130047,41.159426806],[-74.780077515,41.159528434],[-74.780037919,41.159558552],[-74.779967997,41.159574447],[-74.779933967,41.159578818],[-74.77987069,41.159654393],[-74.779863228,41.159663304],[-74.779879487,41.159676623],[-74.779730643,41.159806617],[-74.779681461,41.159858525],[-74.779685945,41.159861495],[-74.779678887,41.159869851],[-74.7796738,41.159866611],[-74.779626727,41.159836621],[-74.779603069,41.1598337],[-74.779588882,41.159833734],[-74.779573746,41.159846362],[-74.779554931,41.15985565],[-74.779515269,41.159870043],[-74.779407612,41.159908902],[-74.779279184,41.159956391],[-74.779203684,41.159995172],[-74.779092494,41.16005712],[-74.779045388,41.160069896],[-74.779032661,41.160073348],[-74.779025761,41.160077669],[-74.778988421,41.160101054],[-74.778939052,41.160141052],[-74.778927859,41.160150124],[-74.77892783,41.160150148],[-74.778915401,41.160160907],[-74.778843383,41.160230498],[-74.778781184,41.160283543],[-74.778690231,41.160334776],[-74.778664956,41.160324818],[-74.77865221,41.160315512],[-74.778645892,41.160312549],[-74.778638026,41.160316143],[-74.778629399,41.16032629],[-74.778630089,41.160335167],[-74.77858543,41.160366305],[-74.778565777,41.160378266],[-74.778583957,41.160390731],[-74.77849282,41.160459452],[-74.778407154,41.160517439],[-74.778420905,41.160526853],[-74.778403969,41.160546071],[-74.778305957,41.160629224],[-74.778306023,41.160644949],[-74.7783023,41.160659254],[-74.77828724,41.160676445],[-74.778255762,41.160689355],[-74.778243957,41.160693553],[-74.77823071,41.160696669],[-74.77820998,41.160708705],[-74.778236633,41.160786646],[-74.778238392,41.160805679],[-74.778227139,41.160816897],[-74.778224503,41.160822001],[-74.778216975,41.160836578],[-74.778203629,41.160849119],[-74.778166686,41.160873035],[-74.77815796,41.160866271],[-74.778151697,41.160861417],[-74.778144569,41.160861771],[-74.778133534,41.160861797],[-74.778122493,41.160860037],[-74.778116179,41.160858265],[-74.778105918,41.160854715],[-74.778097387,41.160849997],[-74.778083051,41.160852389],[-74.778053502,41.160871434],[-74.778084335,41.160894588],[-74.778097147,41.160904209],[-74.77800099,41.16097878],[-74.777988048,41.160975123],[-74.777931785,41.16094532],[-74.777783754,41.161050784],[-74.777651395,41.161163444],[-74.777697367,41.161199669],[-74.777621966,41.161265237],[-74.777618113,41.161262687],[-74.777585936,41.161241396],[-74.777502975,41.161305927],[-74.777425153,41.161378691],[-74.777367589,41.161408763],[-74.777319866,41.161431973],[-74.777286391,41.161456089],[-74.77729151,41.161462672],[-74.77725891,41.161486749],[-74.777238691,41.16149709],[-74.777230061,41.161501503],[-74.777228783,41.161507558],[-74.777222377,41.161527197],[-74.777203689,41.161541683],[-74.777214506,41.161551159],[-74.77721796,41.161554185],[-74.777186797,41.161582197],[-74.777157765,41.161607224],[-74.777145755,41.161617577],[-74.777108879,41.161649364],[-74.777032187,41.161715869],[-74.777011129,41.161734129],[-74.776923771,41.161810632],[-74.776860975,41.161867733],[-74.776874442,41.161879683],[-74.776876675,41.161881664],[-74.776819082,41.161936245],[-74.776817217,41.161934965],[-74.776791513,41.161917328],[-74.776723512,41.161976233],[-74.776753928,41.161996106],[-74.776760107,41.162000143],[-74.776530689,41.162211766],[-74.776511749,41.162206093],[-74.77650767,41.162205901],[-74.776438114,41.162264313],[-74.776407784,41.162289785],[-74.776407761,41.162289804],[-74.776371017,41.16232831],[-74.776334407,41.162319456],[-74.776304237,41.162342402],[-74.77630468,41.162347952],[-74.776335573,41.162373415],[-74.776363178,41.162396165],[-74.776348067,41.162409455],[-74.776351494,41.162435593],[-74.776299534,41.162476908],[-74.776268663,41.162461939],[-74.77621388,41.162508634],[-74.776139225,41.162568943],[-74.776080299,41.162621709],[-74.776036946,41.162658982],[-74.776004812,41.162664777],[-74.775957531,41.16266775],[-74.775917915,41.162693577],[-74.775969169,41.162736342],[-74.775918281,41.162780782],[-74.775857573,41.162739469],[-74.775819895,41.162776728],[-74.775880729,41.162848063],[-74.775858065,41.162856694],[-74.775812544,41.162828212],[-74.775593732,41.162977413],[-74.775510042,41.162916178],[-74.775437716,41.162961039],[-74.775379445,41.16299719],[-74.775294848,41.16304446],[-74.77522559,41.163080325],[-74.775225555,41.163080341],[-74.775211344,41.163085852],[-74.775188188,41.163094825],[-74.775141505,41.163112918],[-74.775041184,41.163144386],[-74.774979254,41.163173588],[-74.774951251,41.163180319],[-74.774931976,41.163169249],[-74.774917084,41.163174907],[-74.774896716,41.163182637],[-74.774900583,41.163242113],[-74.774851519,41.163270822],[-74.774836369,41.163266584],[-74.774794971,41.16325886],[-74.77477133,41.163258923],[-74.774753638,41.163262315],[-74.774684321,41.163294854],[-74.774662912,41.163303509],[-74.77458699,41.163334173],[-74.774566855,41.163347192],[-74.774561399,41.16335072],[-74.774579895,41.163369026],[-74.774582338,41.163371445],[-74.774520844,41.163400245],[-74.774466325,41.163443848],[-74.774389845,41.163524397],[-74.774281191,41.163589461],[-74.77431957,41.163633776],[-74.774259167,41.163665371],[-74.774228775,41.163635422],[-74.773705763,41.163880805],[-74.77371813,41.163898231],[-74.773565292,41.163958768],[-74.773433268,41.164009943],[-74.773381564,41.164031386],[-74.773362373,41.164040378],[-74.77334385,41.164048839],[-74.773332017,41.164052448],[-74.773315426,41.164052129],[-74.773305932,41.16404857],[-74.773285517,41.16402712],[-74.773275912,41.164027174],[-74.77327371,41.164027181],[-74.773251591,41.164040644],[-74.773266441,41.16406292],[-74.77322371,41.164086459],[-74.773269774,41.164129605],[-74.773266449,41.164131581],[-74.772988422,41.164296842],[-74.772973327,41.164305814],[-74.772920255,41.164253794],[-74.772806646,41.164321865],[-74.772694099,41.164406607],[-74.772657902,41.16443386],[-74.772548919,41.164513383],[-74.772508899,41.164549042],[-74.772483374,41.164565937],[-74.772435153,41.16459578],[-74.772384537,41.164619539],[-74.772358967,41.164625331],[-74.772267388,41.164664759],[-74.772223974,41.164692078],[-74.772181917,41.164718531],[-74.772102894,41.164783837],[-74.772096582,41.164789052],[-74.772096555,41.164789077],[-74.772003836,41.164875251],[-74.771995718,41.164884066],[-74.771993528,41.164886447],[-74.77198771,41.16490432],[-74.771981907,41.164924385],[-74.771981894,41.164924417],[-74.771965725,41.164947913],[-74.771814119,41.165021574],[-74.771702246,41.165075931],[-74.771775758,41.165140875],[-74.771692728,41.165191106],[-74.771628773,41.165131369],[-74.771626707,41.165133415],[-74.77160465,41.165155253],[-74.771595261,41.165165474],[-74.77167752,41.165228678],[-74.771675835,41.165229841],[-74.771655146,41.165244116],[-74.771651999,41.165246289],[-74.771614626,41.165217513],[-74.771614435,41.165217365],[-74.771571619,41.165250134],[-74.771554925,41.165262911],[-74.771590088,41.165290133],[-74.77152688,41.165343034],[-74.771535813,41.165346136],[-74.771552517,41.165374034],[-74.771552701,41.165376082],[-74.771553786,41.165388211],[-74.771512053,41.165417407],[-74.771438003,41.165351821],[-74.771287076,41.165452247],[-74.771281267,41.16545598],[-74.771283476,41.1654598],[-74.771287473,41.16546671],[-74.771174008,41.165536822],[-74.771168938,41.165531621],[-74.771159728,41.16552217],[-74.77112851,41.165535537],[-74.771115197,41.165518414],[-74.77090012,41.165660448],[-74.770832176,41.165699207],[-74.770677421,41.165789635],[-74.770568542,41.165834459],[-74.770549793,41.165841738],[-74.770543918,41.165846521],[-74.770543887,41.16584655],[-74.770536528,41.165855515],[-74.770533583,41.165862187],[-74.77053513,41.165871128],[-74.770541044,41.16587779],[-74.770541058,41.165877813],[-74.770542579,41.165884513],[-74.770541109,41.165888982],[-74.770460116,41.165951654],[-74.770428934,41.165983751],[-74.770405818,41.166007524],[-74.770368265,41.166056264],[-74.770203228,41.166189291],[-74.770198889,41.166192788],[-74.770228843,41.166215641],[-74.770215909,41.166229003],[-74.770172389,41.166268304],[-74.770175006,41.16627214],[-74.770183773,41.166284996],[-74.770191729,41.166295959],[-74.770198444,41.166315286],[-74.770202326,41.166337126],[-74.77019965,41.166377963],[-74.770194498,41.166393377],[-74.770189351,41.166409508],[-74.770183264,41.166427431],[-74.770178092,41.16643783],[-74.770169612,41.166450386],[-74.770162535,41.166458283],[-74.770143608,41.166466207],[-74.770119965,41.166479873],[-74.770099159,41.166491742],[-74.770081206,41.166506111],[-74.770049132,41.166544153],[-74.77001374,41.166582561],[-74.769995318,41.166598005],[-74.769982568,41.166609497],[-74.769962225,41.166618858],[-74.769927738,41.166646518],[-74.769920154,41.166646536],[-74.769901635,41.166638342],[-74.769890281,41.166635413],[-74.769873222,41.166644497],[-74.769863332,41.16666028],[-74.769855327,41.166673193],[-74.769852997,41.16668319],[-74.769873775,41.166703246],[-74.769898126,41.166740711],[-74.769899232,41.1667458],[-74.769782097,41.166846364],[-74.769777801,41.166844215],[-74.769776397,41.166843512],[-74.769592176,41.166998411],[-74.76958887,41.167001191],[-74.769534801,41.166969004],[-74.769485585,41.16701182],[-74.769435956,41.167045963],[-74.769420356,41.167056028],[-74.769411157,41.167057163],[-74.769367955,41.167089342],[-74.769328344,41.167118026],[-74.769286929,41.167168159],[-74.769258015,41.167216103],[-74.769197029,41.167268234],[-74.769180243,41.167285571],[-74.769158796,41.167307722],[-74.769149823,41.167315623],[-74.769097866,41.167360159],[-74.76901994,41.16742911],[-74.768974212,41.167490107],[-74.768955375,41.16751988],[-74.768936076,41.167552877],[-74.768931896,41.167574378],[-74.768931924,41.167581227],[-74.768931949,41.167587273],[-74.76893641,41.167593958],[-74.768936437,41.167600727],[-74.768932038,41.167611913],[-74.768918785,41.167621983],[-74.768895178,41.167629853],[-74.768825882,41.167664627],[-74.768825844,41.16766465],[-74.768766971,41.167706062],[-74.768719903,41.16775306],[-74.768700794,41.167779894],[-74.768700784,41.16777992],[-74.768702409,41.167787313],[-74.768702993,41.167814533],[-74.768694726,41.167854036],[-74.768682142,41.167885506],[-74.76867756,41.167896964],[-74.768592676,41.167957919],[-74.768578087,41.167967549],[-74.768566156,41.167966719],[-74.768449596,41.168052368],[-74.768474632,41.168072237],[-74.768399121,41.168119188],[-74.768394258,41.168122211],[-74.768392418,41.168120777],[-74.768381894,41.168112569],[-74.76835646,41.168127582],[-74.768350213,41.168131268],[-74.768335339,41.168120497],[-74.768327473,41.1681148],[-74.768321803,41.168118363],[-74.76822514,41.168179082],[-74.768199131,41.168161348],[-74.768192903,41.168165257],[-74.768082824,41.16823433],[-74.76800905,41.168275333],[-74.767968059,41.168301119],[-74.767940763,41.168327448],[-74.767936311,41.168338542],[-74.767929275,41.168356468],[-74.767901002,41.168397365],[-74.767817478,41.168489253],[-74.767695604,41.168591617],[-74.767694873,41.168595856],[-74.767708623,41.168606206],[-74.767738106,41.168628324],[-74.767748844,41.168637748],[-74.767696982,41.168678373],[-74.767686842,41.168670626],[-74.767643108,41.16863721],[-74.767643065,41.168637242],[-74.767519855,41.168729311],[-74.767566488,41.168766834],[-74.767505005,41.16881198],[-74.767491115,41.168805418],[-74.767470435,41.168795648],[-74.767396508,41.168837516],[-74.767363845,41.168887803],[-74.767237946,41.168997061],[-74.767220943,41.169011786],[-74.767023784,41.169171867],[-74.767015395,41.169166282],[-74.767006823,41.169160568],[-74.766978937,41.169179974],[-74.766979446,41.169188928],[-74.766969748,41.169202557],[-74.766927504,41.169236127],[-74.766937482,41.169244156],[-74.766951276,41.169255255],[-74.766902603,41.16929226],[-74.766889613,41.169284253],[-74.766876847,41.169276383],[-74.766838199,41.169307095],[-74.766851487,41.169319376],[-74.766856754,41.169324245],[-74.766771363,41.169410801],[-74.766738294,41.169420408],[-74.766700226,41.16941451],[-74.766687904,41.169415254],[-74.766688258,41.169421627],[-74.766689517,41.169444347],[-74.766689,41.1694468],[-74.76665789,41.169494481],[-74.766667577,41.169502241],[-74.76662216,41.169551722],[-74.76661118,41.169561519],[-74.766569712,41.169608228],[-74.766520628,41.169643563],[-74.766526749,41.169650591],[-74.766510833,41.169665532],[-74.766488499,41.169686498],[-74.766491453,41.169713354],[-74.766459885,41.169777789],[-74.766440566,41.169788689],[-74.766359302,41.169854424],[-74.766356779,41.169863949],[-74.7663537,41.169875569],[-74.766346162,41.169887049],[-74.766336336,41.16989826],[-74.766310422,41.169944716],[-74.766282878,41.169966687],[-74.766174769,41.170052922],[-74.766145468,41.170074481],[-74.766114739,41.170094967],[-74.766110497,41.170092428],[-74.766079578,41.170073917],[-74.766023783,41.170108072],[-74.766048253,41.170128593],[-74.766014303,41.170148312],[-74.765975985,41.170171844],[-74.765966524,41.170181994],[-74.765964091,41.170194666],[-74.765946574,41.170206504],[-74.765932156,41.170216248],[-74.765921977,41.170228706],[-74.765926635,41.170241962],[-74.765929176,41.17024919],[-74.765913896,41.170264616],[-74.765903485,41.170275126],[-74.76589338,41.170284051],[-74.765873349,41.170301745],[-74.765830584,41.170300528],[-74.765796844,41.170299569],[-74.765769731,41.170303664],[-74.765750509,41.17031191],[-74.765740228,41.170319724],[-74.765719275,41.170364609],[-74.765674638,41.170434614],[-74.765672477,41.170450078],[-74.765565526,41.170601452],[-74.765547922,41.170633864],[-74.765512655,41.170680845],[-74.765467556,41.170719139],[-74.765469895,41.17072612],[-74.765426873,41.170755458],[-74.76542298,41.170752032],[-74.765398306,41.170730319],[-74.765379677,41.170742796],[-74.765402626,41.170765484],[-74.76540647,41.170769284],[-74.765374968,41.170788175],[-74.765343888,41.170801354],[-74.765341991,41.170799273],[-74.765338081,41.170794982],[-74.765283038,41.170821322],[-74.765287819,41.170826423],[-74.765291525,41.170830376],[-74.765220532,41.170872212],[-74.765216259,41.170868824],[-74.765213395,41.170866852],[-74.765164552,41.170886792],[-74.765038833,41.170969099],[-74.765034648,41.170964531],[-74.765022847,41.170951644],[-74.765000828,41.170966371],[-74.765003,41.170970844],[-74.764986665,41.170980255],[-74.764973714,41.170987715],[-74.764941759,41.171004256],[-74.764905769,41.171013077],[-74.76486671,41.171032994],[-74.764856997,41.1710224],[-74.764843034,41.171007172],[-74.764836956,41.171007797],[-74.764817725,41.171017648],[-74.764781789,41.171039575],[-74.7647685,41.171053049],[-74.764739758,41.171094451],[-74.764607216,41.171203977],[-74.764539788,41.171247484],[-74.764538914,41.171251184],[-74.764392892,41.171326798],[-74.764335169,41.171350455],[-74.764106948,41.171446085],[-74.764095408,41.171445462],[-74.764077142,41.171444473],[-74.764067793,41.171442143],[-74.76403228,41.171459028],[-74.764037793,41.171465648],[-74.764041218,41.171469761],[-74.763966158,41.17149581],[-74.763916851,41.171511047],[-74.763874654,41.171524585],[-74.763795382,41.171546598],[-74.763778249,41.171551356],[-74.763742302,41.171571266],[-74.763730341,41.171583056],[-74.763706835,41.171599577],[-74.763690477,41.171615124],[-74.763666073,41.171638319],[-74.763626631,41.171673696],[-74.763590643,41.171708874],[-74.76351382,41.171757741],[-74.763513241,41.171760661],[-74.763481597,41.171774175],[-74.763524464,41.171833667],[-74.763525588,41.171835227],[-74.763503313,41.171844396],[-74.76349187,41.171849106],[-74.763447847,41.171787024],[-74.763418092,41.171798182],[-74.763464191,41.171866449],[-74.76347001,41.171875066],[-74.763469308,41.171877347],[-74.763466008,41.1718794],[-74.76345801,41.171881435],[-74.763453434,41.171881445],[-74.763449168,41.17187559],[-74.763426888,41.171884195],[-74.763428737,41.171888003],[-74.763430475,41.17189158],[-74.763411206,41.171899021],[-74.763399834,41.171903412],[-74.763399127,41.171912393],[-74.763398988,41.171914169],[-74.763405047,41.17192816],[-74.763405055,41.171928186],[-74.76342891,41.171985046],[-74.763455795,41.172063117],[-74.763474871,41.172096115],[-74.763498953,41.172137813],[-74.763545182,41.172225667],[-74.763579314,41.172290588],[-74.763656705,41.172426585],[-74.763686314,41.172484775],[-74.763667433,41.172508045],[-74.763691236,41.172551533],[-74.763720388,41.17255546],[-74.763869728,41.172862586],[-74.763878549,41.172878832],[-74.763889085,41.172898271],[-74.764003649,41.173101005],[-74.764118314,41.173328655],[-74.764129977,41.173349656],[-74.764183781,41.173446855],[-74.764211163,41.17348129],[-74.764212564,41.17348218],[-74.764224389,41.173489693],[-74.764239637,41.173496559],[-74.764257914,41.173499583],[-74.76426907,41.173498024],[-74.764281217,41.173491096],[-74.764295427,41.17349183],[-74.764305583,41.173494106],[-74.764315752,41.17349945],[-74.764324937,41.173512463],[-74.764339186,41.173523165],[-74.764348336,41.173527744],[-74.764357469,41.173527723],[-74.764366573,41.173520802],[-74.764371619,41.17351389],[-74.764366511,41.173505467],[-74.764361379,41.173490912],[-74.764353848,41.173477721],[-74.764414974,41.173444786],[-74.764453443,41.173422463],[-74.76448688,41.173410119],[-74.764504099,41.173402412],[-74.764542516,41.173372322],[-74.764567645,41.173373384],[-74.764588318,41.173369985],[-74.764603062,41.173361016],[-74.764623645,41.173334182],[-74.764650991,41.173312089],[-74.764670733,41.173296119],[-74.764672923,41.173295045],[-74.764725308,41.173269194],[-74.764806385,41.173225465],[-74.764825562,41.173213151],[-74.764832781,41.173210402],[-74.764851532,41.173211263],[-74.764864779,41.173211946],[-74.76487896,41.173209769],[-74.764893121,41.173202589],[-74.764898754,41.173191854],[-74.764893321,41.173164988],[-74.764900652,41.17315462],[-74.764952412,41.173126685],[-74.765046828,41.173080721],[-74.765087479,41.173074194],[-74.765110211,41.173068423],[-74.765261222,41.1729823],[-74.765322572,41.17294761],[-74.765333038,41.172924126],[-74.765415936,41.172888306],[-74.765521629,41.172824445],[-74.765569729,41.172788595],[-74.765574408,41.172775718],[-74.765584698,41.172747102],[-74.765644187,41.172720518],[-74.765658306,41.172702616],[-74.765747002,41.172646657],[-74.765864581,41.172584521],[-74.765894121,41.172578847],[-74.765915454,41.172578793],[-74.765916263,41.172578791],[-74.76594437,41.172578726],[-74.765965935,41.172579199],[-74.765966395,41.17257869],[-74.765983201,41.172560099],[-74.765983148,41.172546995],[-74.765964084,41.172511299],[-74.766171847,41.172423852],[-74.766190306,41.172451565],[-74.766234792,41.17243405],[-74.766369975,41.172383516],[-74.766437984,41.172345801],[-74.766420558,41.172325589],[-74.766489795,41.172292072],[-74.766494298,41.172299384],[-74.766499317,41.172307537],[-74.766629858,41.17226527],[-74.766641258,41.172252883],[-74.766731069,41.1722325],[-74.766752805,41.172233326],[-74.766766074,41.172239729],[-74.766777522,41.17226329],[-74.766856998,41.17226668],[-74.766870074,41.172225192],[-74.766910756,41.172226527],[-74.766949588,41.172237873],[-74.76701782,41.172267737],[-74.767041519,41.172279834],[-74.767076412,41.172278874],[-74.767104419,41.172292498],[-74.767104447,41.172292522],[-74.767121925,41.172312191],[-74.767103247,41.17232639],[-74.767150514,41.172364921],[-74.767150531,41.172364952],[-74.76717279,41.172392797],[-74.767202446,41.172418391],[-74.767202472,41.172418411],[-74.76723207,41.172435085],[-74.767266108,41.172448397],[-74.767282401,41.172458417],[-74.767340308,41.172530847],[-74.76737609,41.172608904],[-74.767388126,41.172640948],[-74.767409315,41.172782225],[-74.767417994,41.172840098],[-74.76742635,41.172981641],[-74.767447778,41.173163521],[-74.767447781,41.173163552],[-74.767449905,41.173324311],[-74.767450128,41.17338346],[-74.767452321,41.173416055],[-74.767452325,41.173416085],[-74.767452791,41.173422837],[-74.767453298,41.173430348],[-74.767465308,41.173478319],[-74.767497507,41.17354118],[-74.767506996,41.173559719],[-74.767524863,41.173592052],[-74.767582193,41.173658904],[-74.767621365,41.173704582],[-74.767649559,41.173735765],[-74.767649585,41.173735787],[-74.767683649,41.173762467],[-74.767723637,41.17378472],[-74.767910236,41.173894791],[-74.76792633,41.173902997],[-74.767951649,41.173915921],[-74.767972996,41.173931279],[-74.767988722,41.173942619],[-74.768061391,41.174010531],[-74.768184464,41.174183532],[-74.768472741,41.174583859],[-74.768495766,41.174591568],[-74.768502729,41.174599225],[-74.768508551,41.174605628],[-74.768508578,41.174605658],[-74.76855604,41.174659112],[-74.768578386,41.174707049],[-74.768591774,41.174727117],[-74.768637051,41.174774451],[-74.768662992,41.17480453],[-74.768683049,41.174831855],[-74.768685978,41.174839796],[-74.768688572,41.174846883],[-74.768706976,41.174897068],[-74.768715898,41.174912693],[-74.768715916,41.174912722],[-74.768721082,41.174916032],[-74.768721116,41.174916055],[-74.768734392,41.174917117],[-74.768749902,41.174916524],[-74.768758784,41.174919312],[-74.768896136,41.175268386],[-74.768903595,41.175287331],[-74.768935529,41.175511653],[-74.768942517,41.17565779],[-74.768950105,41.175816381],[-74.768949839,41.175835932],[-74.76894384,41.175846254],[-74.768922666,41.175858036],[-74.76898511,41.176022258],[-74.769002712,41.176085356],[-74.769017015,41.176112723],[-74.769053164,41.17613198],[-74.769090993,41.176228254],[-74.769118951,41.1762662],[-74.769180319,41.176332736],[-74.769276894,41.176429007],[-74.769332214,41.176481116],[-74.769418707,41.176562587],[-74.769643982,41.17677033],[-74.769667703,41.17678813],[-74.769749381,41.176825519],[-74.769849772,41.17687145],[-74.770176466,41.177000943],[-74.770250498,41.177039723],[-74.770303838,41.177067664],[-74.770331674,41.177075779],[-74.770384109,41.177103509],[-74.770508488,41.177171305],[-74.770508516,41.177171321],[-74.77078253,41.177342587],[-74.770889191,41.177411534],[-74.770902342,41.177419148],[-74.770902379,41.177419363],[-74.77105236,41.177510537],[-74.771135819,41.177522844],[-74.771152592,41.177511393],[-74.771242852,41.177536858]],[[-74.788607387,41.166022043],[-74.788640457,41.166028192],[-74.788657045,41.166040646],[-74.788663725,41.166059318],[-74.788663729,41.166059349],[-74.788662127,41.166076843],[-74.788645774,41.166106848],[-74.788626065,41.166134324],[-74.788626046,41.166134346],[-74.788612924,41.166145588],[-74.788606053,41.166148222],[-74.788599709,41.166150649],[-74.788568326,41.166156974],[-74.788546916,41.166164519],[-74.788517237,41.166182056],[-74.788476003,41.166199648],[-74.788431453,41.166210986],[-74.78840506,41.166221046],[-74.788388601,41.166236059],[-74.788377132,41.166257319],[-74.788375597,41.166286042],[-74.788365788,41.166307253],[-74.788349691,41.166327967],[-74.788339509,41.166341053],[-74.788293464,41.166391117],[-74.788198044,41.166479988],[-74.788148723,41.166535044],[-74.788099324,41.16657386],[-74.788030127,41.166607725],[-74.78803009,41.166607743],[-74.787993817,41.166626568],[-74.787993789,41.166626587],[-74.787965844,41.16664911],[-74.787948988,41.166662843],[-74.787919722,41.166686653],[-74.787857146,41.166728031],[-74.787857118,41.16672805],[-74.787815978,41.166756847],[-74.787788427,41.16677082],[-74.787766525,41.16678193],[-74.787744048,41.166792079],[-74.787722022,41.166802024],[-74.787721981,41.166802046],[-74.787684105,41.166822089],[-74.787629723,41.166852187],[-74.787629692,41.166852201],[-74.787585188,41.166867253],[-74.787585162,41.166867278],[-74.787557132,41.166883587],[-74.787542384,41.166904845],[-74.787534202,41.166929844],[-74.787535989,41.166958529],[-74.787536071,41.166978521],[-74.787531034,41.166989303],[-74.787527913,41.166995983],[-74.787527896,41.166996011],[-74.787490056,41.16703106],[-74.787472531,41.167046394],[-74.787457132,41.16705986],[-74.787444059,41.167088597],[-74.787439225,41.167116084],[-74.787427727,41.16713233],[-74.787406852,41.167144798],[-74.787404652,41.167146127],[-74.787368379,41.16716371],[-74.787318939,41.167191289],[-74.787239905,41.167245181],[-74.787152674,41.167330296],[-74.787152651,41.167330318],[-74.787108258,41.167372845],[-74.78708026,41.167390396],[-74.787040647,41.167401724],[-74.787010932,41.167406787],[-74.786982855,41.167405586],[-74.78685225,41.167388465],[-74.786838437,41.167383516],[-74.786814209,41.167374824],[-74.786784395,41.167352448],[-74.786784371,41.16735242],[-74.786779322,41.167332457],[-74.786782514,41.167307519],[-74.786782517,41.167307488],[-74.786784121,41.167288786],[-74.786775735,41.167268792],[-74.786767387,41.167248849],[-74.786767328,41.167236386],[-74.786767335,41.167236359],[-74.786780511,41.167222588],[-74.786803558,41.167208802],[-74.786803589,41.167208789],[-74.786841522,41.167196252],[-74.786905867,41.167184842],[-74.787001588,41.167159653],[-74.78700162,41.167159627],[-74.787120246,41.167091917],[-74.787326121,41.166942843],[-74.787415049,41.166867926],[-74.787464388,41.166826391],[-74.78754841,41.166773745],[-74.787681803,41.166677281],[-74.787729527,41.166633463],[-74.787748211,41.166621473],[-74.787782255,41.166599652],[-74.787841586,41.166570776],[-74.787871118,41.166554909],[-74.787881879,41.16654912],[-74.787897602,41.166540658],[-74.787976664,41.166480528],[-74.787996689,41.166466885],[-74.788024454,41.166447986],[-74.788052387,41.166420437],[-74.788070451,41.166395399],[-74.788085575,41.16638198],[-74.78811984,41.166351589],[-74.788169231,41.166314012],[-74.78816926,41.166313989],[-74.788208732,41.166281458],[-74.788238336,41.16625392],[-74.7882518,41.166231324],[-74.788254746,41.166226413],[-74.788266184,41.166196444],[-74.788290855,41.16616892],[-74.788409456,41.166091194],[-74.78846214,41.166053614],[-74.788498391,41.166036056],[-74.788498421,41.166036043],[-74.788499699,41.166035633],[-74.788514455,41.16603092],[-74.788529781,41.166025981],[-74.788566122,41.166020919],[-74.788607387,41.166022043]]]},"properties":{"OBJECTID":7729,"COMID":null,"PERMANENT_IDENTIFIER":"120022890","GNIS_ID":"00875777","GNIS_NAME":"Culvers Lake","AREASQKM":2.0814538300000001,"REACHCODE":"02040105001394","FTYPE_DISPLAY":"Lake/Pond","HU8":"02040105","WATERBODY_NAME":"Culvers Lake","FEATURE_ID":875777,"FEATURE_NAME":"Culvers Lake","FEATURE_CLASS":"Reservoir","LEVELELEV":null,"GLOBALID":"{5F411D23-E793-43E2-987B-C1C5326B9935}"}}]}