{"type":"FeatureCollection","features":[{"type":"Feature","id":97444,"geometry":{"type":"Polygon","coordinates":[[[-74.919851312,42.700710713,0.0],[-74.919833918,42.700698361,0.0],[-74.919557929,42.70069342,0.0],[-74.919557838,42.700692867,0.0],[-74.919460627,42.700691679,0.0],[-74.919458242,42.700698614,364.2],[-74.919451409,42.700728426,364.2],[-74.91944587,42.700757542,364.2],[-74.919437227,42.700782206,364.2],[-74.919425933,42.700803026,364.2],[-74.919412169,42.700823429,364.2],[-74.91938887,42.70084764,364.2],[-74.91935469,42.700876079,364.2],[-74.919314461,42.700905348,364.2],[-74.919272554,42.700930919,364.2],[-74.919233002,42.700948702,364.2],[-74.919197886,42.70095669,364.2],[-74.919152606,42.700961561,364.2],[-74.919083842,42.700969991,364.2],[-74.919007151,42.700975667,364.2],[-74.918933217,42.70097632,364.2],[-74.918863287,42.70097534,364.2],[-74.918799119,42.700974005,364.2],[-74.918740933,42.700972461,364.2],[-74.918685538,42.700970487,364.2],[-74.918625772,42.700970219,364.2],[-74.918557107,42.700974596,364.2],[-74.918489066,42.700984643,364.2],[-74.91842726,42.700998852,364.2],[-74.918370489,42.701013641,364.2],[-74.918316561,42.70102619,364.2],[-74.918262579,42.70103665,364.2],[-74.918204844,42.701049862,364.2],[-74.918139981,42.701070702,364.2],[-74.918067089,42.70110171,364.2],[-74.917992421,42.701138794,364.2],[-74.917924602,42.701175619,364.2],[-74.917871221,42.701205913,364.2],[-74.91782754,42.701229824,364.2],[-74.917786811,42.701249984,364.2],[-74.917747294,42.70126916,364.2],[-74.917709952,42.701289847,364.2],[-74.9176759,42.701313105,364.2],[-74.917642068,42.701335836,364.2],[-74.91760894,42.701356788,364.2],[-74.917581815,42.701377091,364.2],[-74.917564239,42.701393295,364.2],[-74.917555968,42.701403463,364.2],[-74.917550954,42.701412113,364.2],[-74.917544764,42.701420713,364.2],[-74.917535165,42.701428555,364.2],[-74.917521916,42.70143679,364.2],[-74.917501341,42.701448431,364.2],[-74.917465762,42.701467984,364.2],[-74.91741212,42.701498415,364.2],[-74.917344818,42.701538312,364.2],[-74.917279048,42.701579024,364.2],[-74.917221791,42.701618861,364.2],[-74.917173405,42.701660184,364.2],[-74.917136084,42.701698452,364.2],[-74.917109781,42.70173156,364.2],[-74.917090937,42.70176203,364.2],[-74.917075995,42.701787589,364.2],[-74.917061784,42.701806529,364.2],[-74.917045774,42.701823497,364.2],[-74.917025334,42.701842663,364.2],[-74.916999255,42.701866584,364.2],[-74.91697273,42.701895576,364.2],[-74.916949965,42.701929177,364.2],[-74.916931156,42.7019666,364.2],[-74.916912998,42.702006726,364.2],[-74.916890463,42.702051357,364.2],[-74.916858405,42.702108823,364.2],[-74.916817417,42.702174936,364.2],[-74.916771243,42.702238504,364.2],[-74.916716446,42.702306895,364.2],[-74.91665133,42.702385983,364.2],[-74.916580343,42.702471067,364.2],[-74.91651432,42.70254949,364.2],[-74.916463242,42.702610769,364.2],[-74.916426782,42.702659419,364.2],[-74.916394242,42.702705917,364.2],[-74.916352809,42.702760282,364.2],[-74.916315902,42.702815449,364.2],[-74.916293379,42.702864233,364.2],[-74.916277368,42.702907757,364.2],[-74.916255593,42.702954591,364.2],[-74.916218362,42.703014015,364.2],[-74.916167327,42.703087343,364.2],[-74.916107759,42.703174048,364.2],[-74.916045439,42.703272126,364.2],[-74.915980799,42.703374441,364.2],[-74.915917794,42.703469319,364.2],[-74.91586741,42.703542223,364.2],[-74.915827329,42.703596769,364.2],[-74.915788961,42.703645055,364.2],[-74.915748838,42.703693181,364.2],[-74.915709071,42.703744201,364.2],[-74.915674874,42.703799785,364.2],[-74.915643498,42.703864455,364.2],[-74.915613039,42.70393739,364.2],[-74.915586957,42.704007986,364.2],[-74.915560766,42.704076248,364.2],[-74.915528983,42.704147701,364.2],[-74.91549846,42.704223054,364.2],[-74.915468772,42.704297073,364.2],[-74.915431443,42.704361002,364.2],[-74.915389685,42.704415835,364.2],[-74.915348562,42.704464291,364.2],[-74.915308351,42.704506294,364.2],[-74.915266443,42.704548177,364.2],[-74.915220788,42.704597409,364.2],[-74.915176112,42.704651067,364.2],[-74.915135719,42.704705008,364.2],[-74.915100506,42.704756324,364.2],[-74.915075642,42.704803493,364.2],[-74.915062968,42.704845329,364.2],[-74.915054962,42.704880372,364.2],[-74.915047688,42.704907714,364.2],[-74.915039605,42.704928769,364.2],[-74.915026338,42.704951663,364.2],[-74.914999248,42.70498308,364.2],[-74.914949644,42.705025232,364.2],[-74.914896505,42.705073308,364.2],[-74.914853199,42.705125264,364.2],[-74.914800348,42.705189542,364.2],[-74.914741543,42.705264129,364.2],[-74.914694501,42.705343305,364.2],[-74.914657225,42.705438532,364.2],[-74.914629785,42.70554197,364.2],[-74.914618035,42.705622004,364.2],[-74.91460942,42.705683442,364.2],[-74.91458959,42.705740267,364.2],[-74.914573555,42.705764408,364.2],[-74.914556363,42.705779697,364.2],[-74.914541323,42.705790239,364.2],[-74.914525026,42.705799659,364.2],[-74.914514754,42.705807482,364.2],[-74.91450565,42.705815618,364.2],[-74.914498062,42.705823489,364.2],[-74.914491436,42.705830117,364.2],[-74.914484909,42.705835843,364.2],[-74.914476871,42.705844426,364.2],[-74.914465787,42.70585974,364.2],[-74.914452254,42.705880921,364.2],[-74.914438165,42.705904205,364.2],[-74.914424756,42.705926941,364.2],[-74.914411823,42.705948893,364.2],[-74.914398907,42.705970292,364.2],[-74.914384895,42.705992716,364.2],[-74.914368363,42.706018405,364.2],[-74.914348813,42.706048506,364.2],[-74.914327332,42.706082285,364.2],[-74.914305224,42.706118705,364.2],[-74.91428416,42.70615591,364.2],[-74.914265917,42.706191762,364.2],[-74.91425019,42.706226524,364.2],[-74.914233745,42.706263827,364.2],[-74.914213569,42.706307333,364.2],[-74.914188988,42.706359542,364.2],[-74.914160177,42.706422346,364.2],[-74.91412992,42.706490746,364.2],[-74.914104002,42.706551767,364.2],[-74.914086856,42.706595243,364.2],[-74.91407644,42.706624746,364.2],[-74.914069041,42.706647394,364.2],[-74.914061556,42.706668616,364.2],[-74.914051465,42.706692214,364.2],[-74.914037514,42.70672088,364.2],[-74.914022647,42.706753746,364.2],[-74.914010543,42.706789118,364.2],[-74.914002472,42.706824207,364.2],[-74.91399782,42.706855365,364.2],[-74.913995554,42.706880422,364.2],[-74.913993635,42.706901298,364.2],[-74.913989914,42.706920544,364.2],[-74.913982905,42.706939977,364.2],[-74.913971545,42.706960946,364.2],[-74.913955522,42.706984307,364.2],[-74.913936151,42.707009849,364.2],[-74.913914997,42.707037317,364.2],[-74.913893916,42.707067315,364.2],[-74.913874913,42.707100872,364.2],[-74.91385971,42.707136792,364.2],[-74.913849518,42.707169843,364.2],[-74.913845156,42.707195086,364.2],[-74.913845062,42.707212555,364.2],[-74.913846661,42.707224433,364.2],[-74.913847811,42.707233046,364.2],[-74.91384702,42.70724092,364.2],[-74.913842993,42.707250481,364.2],[-74.913835252,42.707263508,364.2],[-74.913823629,42.707281529,364.2],[-74.913808694,42.707305219,364.2],[-74.913791926,42.70733422,364.2],[-74.91377466,42.707368117,364.2],[-74.913757334,42.707406545,364.2],[-74.913740144,42.707449118,364.2],[-74.913723282,42.707494669,364.2],[-74.913706941,42.707541256,364.2],[-74.913691402,42.707587726,364.2],[-74.913677267,42.707635892,364.2],[-74.913665105,42.707688076,364.2],[-74.913653938,42.707744122,364.2],[-74.913641512,42.707801829,364.2],[-74.913626948,42.707858562,364.2],[-74.913613452,42.707910633,364.2],[-74.91360453,42.707954754,364.2],[-74.913598374,42.707995052,364.2],[-74.913589592,42.708040663,364.2],[-74.913575295,42.70809549,364.2],[-74.913558573,42.708151048,364.2],[-74.913543067,42.708198091,364.2],[-74.913529527,42.708236819,364.2],[-74.913517107,42.708272662,364.2],[-74.913505436,42.708308633,364.2],[-74.913495083,42.708343066,364.2],[-74.913486584,42.708374211,364.2],[-74.913479444,42.708403608,364.2],[-74.91347272,42.708434248,364.2],[-74.913466281,42.708466881,364.2],[-74.913461267,42.708498771,364.2],[-74.913458664,42.708527364,364.2],[-74.913457894,42.70855295,364.2],[-74.913457807,42.708576914,364.2],[-74.913457163,42.708602146,364.2],[-74.913454624,42.708633467,364.2],[-74.913449289,42.708673844,364.2],[-74.913442366,42.708716923,364.2],[-74.913435649,42.708753873,364.2],[-74.913429985,42.708782933,364.2],[-74.913425219,42.708809753,364.2],[-74.913420682,42.708839431,364.2],[-74.913413918,42.708873623,364.2],[-74.913402209,42.708913113,364.2],[-74.913385587,42.708957563,364.2],[-74.913366462,42.709005664,364.2],[-74.913347059,42.709055785,364.2],[-74.913328782,42.70910541,364.2],[-74.91331285,42.70915189,364.2],[-74.913300113,42.709193049,364.2],[-74.913291152,42.709227048,364.2],[-74.913286063,42.709254034,364.2],[-74.913283771,42.709278998,364.2],[-74.913283151,42.709307088,364.2],[-74.913284391,42.709337597,364.2],[-74.913288433,42.709366414,364.2],[-74.913294808,42.709391287,364.2],[-74.913300209,42.709413742,364.2],[-74.913301437,42.709435694,364.2],[-74.913298813,42.709458574,364.2],[-74.913294323,42.709483581,364.2],[-74.913289144,42.709511349,364.2],[-74.913283113,42.709541611,364.2],[-74.91327606,42.709573777,364.2],[-74.913268563,42.709605805,364.2],[-74.913261462,42.709635117,364.2],[-74.91325454,42.709660662,364.2],[-74.91324617,42.709683425,364.2],[-74.913234819,42.70970466,364.2],[-74.913219899,42.709726222,364.2],[-74.913201179,42.709750126,364.2],[-74.91318009,42.709777419,364.2],[-74.913159891,42.709808089,364.2],[-74.913142991,42.70984188,364.2],[-74.913128036,42.709877776,364.2],[-74.913112776,42.709914595,364.2],[-74.913095872,42.709951506,364.2],[-74.913076818,42.709988003,364.2],[-74.913054956,42.710024685,364.2],[-74.913029051,42.710065653,364.2],[-74.912998058,42.710115151,364.2],[-74.912965218,42.710169421,364.2],[-74.912936974,42.71021873,364.2],[-74.912917064,42.710257035,364.2],[-74.912902029,42.710288192,364.2],[-74.912887588,42.710317494,364.2],[-74.91287298,42.710348669,364.2],[-74.9128596,42.71038448,364.2],[-74.912847768,42.710426328,364.2],[-74.912835479,42.710472803,364.2],[-74.912820799,42.710521917,364.2],[-74.912804867,42.71056981,364.2],[-74.91279034,42.710611725,364.2],[-74.912778463,42.710645703,364.2],[-74.912768033,42.710674592,364.2],[-74.912757738,42.710701621,364.2],[-74.912747127,42.710729433,364.2],[-74.912736113,42.710760377,364.2],[-74.91272518,42.710794437,364.2],[-74.912715611,42.710828258,364.2],[-74.912708242,42.710859461,364.2],[-74.912701177,42.710892131,364.2],[-74.912691697,42.710932303,364.2],[-74.912678911,42.710980725,364.2],[-74.912664044,42.711032015,364.2],[-74.912648433,42.711081499,364.2],[-74.912633339,42.711128927,364.2],[-74.912619976,42.711175174,364.2],[-74.912608954,42.711220178,364.2],[-74.912600292,42.711262987,364.2],[-74.912593542,42.71130318,364.2],[-74.912586725,42.711342252,364.2],[-74.912577702,42.711381944,364.2],[-74.912566791,42.711421386,364.2],[-74.912556242,42.711457672,364.2],[-74.912547598,42.711489102,364.2],[-74.912540345,42.711517426,364.2],[-74.912533588,42.711544875,364.2],[-74.912526105,42.711572548,364.2],[-74.912516468,42.711600806,364.2],[-74.912504448,42.71162974,364.2],[-74.912492468,42.711658863,364.2],[-74.912482951,42.711687833,364.2],[-74.91247511,42.71171828,364.2],[-74.912466483,42.711752847,364.2],[-74.912456097,42.711791507,364.2],[-74.912445687,42.711829393,364.2],[-74.912436857,42.711861858,364.2],[-74.91242828,42.71188927,364.2],[-74.912417388,42.711914185,364.2],[-74.912402412,42.711940356,364.2],[-74.912382766,42.711973292,364.2],[-74.912358677,42.712016793,364.2],[-74.912334331,42.712064296,364.2],[-74.912315176,42.712105823,364.2],[-74.912302647,42.712137546,364.2],[-74.91229329,42.712163108,364.2],[-74.912283938,42.712186121,364.2],[-74.912273972,42.712208038,364.2],[-74.912263487,42.712229672,364.2],[-74.912252579,42.712251132,364.2],[-74.912241342,42.712271812,364.2],[-74.912229697,42.712291483,364.2],[-74.912216922,42.712311372,364.2],[-74.912202222,42.712332941,364.2],[-74.91218596,42.712356095,364.2],[-74.912169448,42.712379462,364.2],[-74.912153899,42.71240182,364.2],[-74.912140147,42.71242251,364.2],[-74.912128786,42.712441245,364.2],[-74.91211824,42.712461253,364.2],[-74.91210547,42.712488123,364.2],[-74.912089301,42.712523532,364.2],[-74.912072954,42.712559957,364.2],[-74.912059914,42.712589518,364.2],[-74.912050267,42.712613361,364.2],[-74.912042214,42.712637612,364.2],[-74.912035048,42.712664756,364.2],[-74.91203017,42.712690274,364.2],[-74.912028797,42.712709592,364.2],[-74.912029002,42.712723509,364.2],[-74.912027456,42.712735244,364.2],[-74.912022137,42.712747276,364.2],[-74.912013062,42.712760907,364.2],[-74.912000504,42.712777188,364.2],[-74.911985236,42.712796301,364.2],[-74.911968215,42.712818097,364.2],[-74.911950318,42.71284207,364.2],[-74.911932317,42.71286726,364.2],[-74.911914793,42.712892908,364.2],[-74.911897434,42.712919331,364.2],[-74.911879693,42.712947115,364.2],[-74.911861838,42.712975662,364.2],[-74.91184498,42.713003124,364.2],[-74.911829915,42.71302808,364.2],[-74.911816097,42.713050942,364.2],[-74.911802676,42.713072585,364.2],[-74.911788995,42.713094351,364.2],[-74.911774566,42.713117995,364.2],[-74.911758823,42.71314548,364.2],[-74.91174095,42.713179375,364.2],[-74.911720302,42.713221823,364.2],[-74.911699164,42.713267759,364.2],[-74.911681907,42.713306996,364.2],[-74.91167048,42.713334097,364.2],[-74.911660798,42.713355533,364.2],[-74.911648205,42.713379192,364.2],[-74.911631449,42.713409208,364.2],[-74.911611274,42.713447491,364.2],[-74.911589104,42.713492651,364.2],[-74.911567669,42.713536773,364.2],[-74.911549538,42.713572298,364.2],[-74.911534763,42.713600591,364.2],[-74.911522198,42.713627234,364.2],[-74.911510966,42.71365495,364.2],[-74.911500647,42.713681771,364.2],[-74.911490991,42.713705601,364.2],[-74.911482545,42.713726262,364.2],[-74.911476148,42.713744313,364.2],[-74.911471662,42.713760143,364.2],[-74.911467645,42.713773909,364.2],[-74.911462705,42.713785841,364.2],[-74.911456142,42.713796645,364.2],[-74.911447507,42.713807173,364.2],[-74.911437133,42.713818509,364.2],[-74.911426217,42.713831981,364.2],[-74.911415879,42.713848592,364.2],[-74.911406722,42.713867977,364.2],[-74.911399191,42.713889432,364.2],[-74.911393007,42.713912287,364.2],[-74.911387237,42.713935905,364.2],[-74.91138124,42.713959722,364.2],[-74.91137539,42.713983411,364.2],[-74.91137026,42.714006712,364.2],[-74.911366423,42.714029714,364.2],[-74.911364458,42.714052764,364.2],[-74.911364575,42.714075682,364.2],[-74.911366064,42.714096922,364.2],[-74.911368096,42.714114859,364.2],[-74.911370175,42.714129387,364.2],[-74.91137201,42.714141342,364.2],[-74.911373369,42.714151381,364.2],[-74.911374141,42.714159762,364.2],[-74.911374196,42.714166805,364.2],[-74.911373107,42.714173691,364.2],[-74.911370297,42.714182039,364.2],[-74.911365361,42.714193176,364.2],[-74.911358171,42.714207927,364.2],[-74.911348568,42.714227487,364.2],[-74.911335952,42.714255809,364.2],[-74.911319573,42.714297876,364.2],[-74.911299591,42.714354161,364.2],[-74.91127745,42.714418782,364.2],[-74.911254741,42.714485416,364.2],[-74.911233304,42.714547933,364.2],[-74.911214977,42.714600509,364.2],[-74.911198996,42.714645003,364.2],[-74.911181586,42.71469215,364.2],[-74.911159863,42.714749994,364.2],[-74.911135432,42.714813122,364.2],[-74.911111036,42.714872724,364.2],[-74.911088377,42.714923317,364.2],[-74.911068168,42.714962584,364.2],[-74.911050947,42.714989885,364.2],[-74.911036806,42.715009833,364.2],[-74.91102569,42.715027951,364.2],[-74.911016888,42.715046746,364.2],[-74.911009169,42.715066349,364.2],[-74.911001447,42.715086884,364.2],[-74.910993076,42.715108607,364.2],[-74.910983497,42.715131831,364.2],[-74.910972374,42.715157236,364.2],[-74.910959512,42.715185737,364.2],[-74.910944857,42.715218433,364.2],[-74.91092865,42.715256826,364.2],[-74.910911285,42.715302044,364.2],[-74.910894085,42.715351394,364.2],[-74.910878865,42.715400172,364.2],[-74.910866547,42.715444696,364.2],[-74.910856439,42.715483143,364.2],[-74.910847664,42.715514413,364.2],[-74.910839215,42.715541082,364.2],[-74.910830058,42.715567271,364.2],[-74.910820329,42.715595056,364.2],[-74.910811902,42.715623481,364.2],[-74.910806298,42.71565151,364.2],[-74.910802275,42.715679033,364.2],[-74.91079766,42.715706273,364.2],[-74.910791315,42.715733881,364.2],[-74.910783354,42.715763024,364.2],[-74.910773651,42.715795012,364.2],[-74.910760682,42.715831616,364.2],[-74.910742659,42.715874576,364.2],[-74.91072083,42.715921774,364.2],[-74.910699481,42.715967235,364.2],[-74.910681757,42.716006405,364.2],[-74.910666274,42.716040412,364.2],[-74.910650746,42.716071651,364.2],[-74.910634689,42.716102448,364.2],[-74.910619107,42.716135061,364.2],[-74.910604901,42.716170675,364.2],[-74.910592534,42.71620737,364.2],[-74.910582349,42.716242752,364.2],[-74.910574149,42.716275383,364.2],[-74.910567365,42.716304478,364.2],[-74.910560946,42.716330928,364.2],[-74.910552744,42.71635948,364.2],[-74.910540735,42.716394734,364.2],[-74.910525607,42.716434634,364.2],[-74.910509548,42.716473455,364.2],[-74.910493804,42.716508013,364.2],[-74.910477805,42.716540025,364.2],[-74.910460793,42.716571489,364.2],[-74.910442066,42.716602446,364.2],[-74.910420974,42.716632064,364.2],[-74.910397782,42.716660187,364.2],[-74.910374187,42.716687714,364.2],[-74.910351775,42.716715565,364.2],[-74.910330762,42.716744247,364.2],[-74.910310846,42.716774071,364.2],[-74.910291121,42.716803774,364.2],[-74.910269918,42.716830097,364.2],[-74.910246163,42.71685055,364.2],[-74.910221823,42.716866913,364.2],[-74.910199675,42.716882213,364.2],[-74.910180121,42.716899177,364.2],[-74.910161073,42.716920221,364.2],[-74.910140629,42.716947,364.2],[-74.910118038,42.716978345,364.2],[-74.910092875,42.717012478,364.2],[-74.91006565,42.717048753,364.2],[-74.910037677,42.71708749,364.2],[-74.910009922,42.717129105,364.2],[-74.909982215,42.717174197,364.2],[-74.909954215,42.717223283,364.2],[-74.90992617,42.717275269,364.2],[-74.909898745,42.717327925,364.2],[-74.909872209,42.71737945,364.2],[-74.909845849,42.717429182,364.2],[-74.909819027,42.717476406,364.2],[-74.909793376,42.717518197,364.2],[-74.909771835,42.717550362,364.2],[-74.90975487,42.717572159,364.2],[-74.909737983,42.717589759,364.2],[-74.909716762,42.717609347,364.2],[-74.909692177,42.717630736,364.2],[-74.909667745,42.717650724,364.2],[-74.909645934,42.717667912,364.2],[-74.909627476,42.717683864,364.2],[-74.909612529,42.71770038,364.2],[-74.909598649,42.717719031,364.2],[-74.909582431,42.717741284,364.2],[-74.909562181,42.717768121,364.2],[-74.909538506,42.717799871,364.2],[-74.909512336,42.717836333,364.2],[-74.909485431,42.717874872,364.2],[-74.909470418,42.717901575,364.2],[-74.909463246,42.717913178,364.2],[-74.909460368,42.717923466,364.2],[-74.909460355,42.717933227,364.2],[-74.909463557,42.717945367,364.2],[-74.909464968,42.717958295,364.2],[-74.909464265,42.717964671,364.2],[-74.909452452,42.717984145,364.2],[-74.909448624,42.717996921,364.2],[-74.909447658,42.71801097,364.2],[-74.909448838,42.718029545,364.2],[-74.909452338,42.718051597,364.2],[-74.909456657,42.718073142,364.2],[-74.909458672,42.718088691,364.2],[-74.909457935,42.718100485,364.2],[-74.909454484,42.718113673,364.2],[-74.909445831,42.718130717,364.2],[-74.909431841,42.718152063,364.2],[-74.909416181,42.718175988,364.2],[-74.909402488,42.718198855,364.2],[-74.909392888,42.718217346,364.2],[-74.90938424,42.718233575,364.2],[-74.90937372,42.718249838,364.2],[-74.909361199,42.718266475,364.2],[-74.909346731,42.718283236,364.2],[-74.909330716,42.718299881,364.2],[-74.909315571,42.71831778,364.2],[-74.909303004,42.718337961,364.2],[-74.909292036,42.718359649,364.2],[-74.909282944,42.718380911,364.2],[-74.909277086,42.718399646,364.2],[-74.9092734,42.718418205,364.2],[-74.909270385,42.718438692,364.2],[-74.909267967,42.71845811,364.2],[-74.909266689,42.718476193,364.2],[-74.90926743,42.718496262,364.2],[-74.909270156,42.718518308,364.2],[-74.909273893,42.718540836,364.2],[-74.909276187,42.718563295,364.2],[-74.90927636,42.718586077,364.2],[-74.909276434,42.718610409,364.2],[-74.909276569,42.718635347,364.2],[-74.909275472,42.718659648,364.2],[-74.909271172,42.718686514,364.2],[-74.909263771,42.718715933,364.2],[-74.909256949,42.71874096,364.2],[-74.909250414,42.718762855,364.2],[-74.909241445,42.7187884,364.2],[-74.909232029,42.718817543,364.2],[-74.90922323,42.718847269,364.2],[-74.909210896,42.71887348,364.2],[-74.909192943,42.718898994,364.2],[-74.909170014,42.71893162,364.2],[-74.909143692,42.718967741,364.2],[-74.909116056,42.719001359,364.2],[-74.90908954,42.719033091,364.2],[-74.909065064,42.719065237,364.2],[-74.909041527,42.719100876,364.2],[-74.909016165,42.719144047,364.2],[-74.908988397,42.719195475,364.2],[-74.908967674,42.719243183,364.2],[-74.90895755,42.719280585,364.2],[-74.908950212,42.719312842,364.2],[-74.908939739,42.719346568,364.2],[-74.908923029,42.719388374,364.2],[-74.908901402,42.719443347,364.2],[-74.908874727,42.719513194,364.2],[-74.908838799,42.719593919,364.2],[-74.908799394,42.719674777,364.2],[-74.908768751,42.719742176,364.2],[-74.908749094,42.719793877,364.2],[-74.908737324,42.719832053,364.2],[-74.908726434,42.719860147,364.2],[-74.908711458,42.719886212,364.2],[-74.908690939,42.719920807,364.2],[-74.90867036,42.719961392,364.2],[-74.908655464,42.720000545,364.2],[-74.908644503,42.720033291,364.2],[-74.90863452,42.72005987,364.2],[-74.908622824,42.72008604,364.2],[-74.908607972,42.720115171,364.2],[-74.908590149,42.720147748,364.2],[-74.908572889,42.720179333,364.2],[-74.908556981,42.720210028,364.2],[-74.908538326,42.720247863,364.2],[-74.908516621,42.720295359,364.2],[-74.908493956,42.720350563,364.2],[-74.908470601,42.720409948,364.2],[-74.908445801,42.720470182,364.2],[-74.908418122,42.720529085,364.2],[-74.908390171,42.720585009,364.2],[-74.908366996,42.720636692,364.2],[-74.908348071,42.720683252,364.2],[-74.908332041,42.720724764,364.2],[-74.908320208,42.720763115,364.2],[-74.908312087,42.720797952,364.2],[-74.908305037,42.720826824,364.2],[-74.90829679,42.720850494,364.2],[-74.908285417,42.720872231,364.2],[-74.908269364,42.720898233,364.2],[-74.908249096,42.72093356,364.2],[-74.908227281,42.72098073,364.2],[-74.908204451,42.721037835,364.2],[-74.90817963,42.721102501,364.2],[-74.908151033,42.721179256,364.2],[-74.908121051,42.721260609,364.2],[-74.908098186,42.721319959,364.2],[-74.90808289,42.72135568,364.2],[-74.90806989,42.721384037,364.2],[-74.908054997,42.721418365,364.2],[-74.908035758,42.721465074,364.2],[-74.908012326,42.721519701,364.2],[-74.907984096,42.721587638,364.2],[-74.907950901,42.721678103,364.2],[-74.907920728,42.721766273,364.2],[-74.907900234,42.72182974,364.2],[-74.907885516,42.721882521,364.2],[-74.907869448,42.721939732,364.2],[-74.907845166,42.722009157,364.2],[-74.90782126,42.722076805,364.2],[-74.907808564,42.722127538,364.2],[-74.907802817,42.722173057,364.2],[-74.907798693,42.722224873,364.2],[-74.907793532,42.722286556,364.2],[-74.907788029,42.722350713,364.2],[-74.907784686,42.722409264,364.2],[-74.907785768,42.722474685,364.2],[-74.907789831,42.722550055,364.2],[-74.907789984,42.722616618,364.2],[-74.907785135,42.722672159,364.2],[-74.907778717,42.722724975,364.2],[-74.907774103,42.722769487,364.2],[-74.90777383,42.722801902,364.2],[-74.907778449,42.722830984,364.2],[-74.907781068,42.722871542,364.2],[-74.907771006,42.722937442,364.2],[-74.907754076,42.72301132,364.2],[-74.907738418,42.723075648,364.2],[-74.907721908,42.72314242,364.2],[-74.907704466,42.723214409,364.2],[-74.90768972,42.72328028,364.2],[-74.907679269,42.7233367,364.2],[-74.90767251,42.723385214,364.2],[-74.907665331,42.723429401,364.2],[-74.907655095,42.723474155,364.2],[-74.907642068,42.723524907,364.2],[-74.907626436,42.723579778,364.2],[-74.907608973,42.723632582,364.2],[-74.907593465,42.723677797,364.2],[-74.9075805,42.723717481,364.2],[-74.907564585,42.723764997,364.2],[-74.907547269,42.723819394,364.2],[-74.907534261,42.723870574,364.2],[-74.907523297,42.723920573,364.2],[-74.907511519,42.723972189,364.2],[-74.907500032,42.724021719,364.2],[-74.907487014,42.724068101,364.2],[-74.907468218,42.724114251,364.2],[-74.907444201,42.724168277,364.2],[-74.907417383,42.724233562,364.2],[-74.907389808,42.724296216,364.2],[-74.907361395,42.724351319,364.2],[-74.907330376,42.724406635,364.2],[-74.907300514,42.724464407,364.2],[-74.907274578,42.724527161,364.2],[-74.907242888,42.724608294,364.2],[-74.907204597,42.724702318,364.2],[-74.90717352,42.724777083,364.2],[-74.907149068,42.724832924,364.2],[-74.907122797,42.724887431,364.2],[-74.907094174,42.724939744,364.2],[-74.907067301,42.724988137,364.2],[-74.907049992,42.725037659,364.2],[-74.90704021,42.725089802,364.2],[-74.907028763,42.725143298,364.2],[-74.907010635,42.725199627,364.2],[-74.906985518,42.725258717,364.2],[-74.906959991,42.725315268,364.2],[-74.906937787,42.72536761,364.2],[-74.906918453,42.72541867,364.2],[-74.906897308,42.725474657,364.2],[-74.906871706,42.725537003,364.2],[-74.90684894,42.725591072,364.2],[-74.906831036,42.725634241,364.2],[-74.906812329,42.725679845,364.2],[-74.906791367,42.725729018,364.2],[-74.906769509,42.725775911,364.2],[-74.906749306,42.725814494,364.2],[-74.906732963,42.725845601,364.2],[-74.906721614,42.725879176,364.2],[-74.906713995,42.725914843,364.2],[-74.906707059,42.725946518,364.2],[-74.906696537,42.725974638,364.2],[-74.906678341,42.726001337,364.2],[-74.906649433,42.726028598,364.2],[-74.906608894,42.726059685,364.2],[-74.906558105,42.726097727,364.2],[-74.906518809,42.726126973,364.2],[-74.906502172,42.726139356,364.2],[-74.906446267,42.726180888,364.2],[-74.906392728,42.726222984,364.2],[-74.906341669,42.726265541,364.2],[-74.906291949,42.726307343,364.2],[-74.906246395,42.72634879,364.2],[-74.906208713,42.726389268,364.2],[-74.906180029,42.726423449,364.2],[-74.906157939,42.726452262,364.2],[-74.906136671,42.726484416,364.2],[-74.906113932,42.726520517,364.2],[-74.906090733,42.726556676,364.2],[-74.906072593,42.726589797,364.2],[-74.906060469,42.72662149,364.2],[-74.90604753,42.726659421,364.2],[-74.906034341,42.72670193,364.2],[-74.906025345,42.726741708,364.2],[-74.906017784,42.726776093,364.2],[-74.906007885,42.726805301,364.2],[-74.905994094,42.726832333,364.2],[-74.905978542,42.726859228,364.2],[-74.90596539,42.726887199,364.2],[-74.905953886,42.726918763,364.2],[-74.905941335,42.72695534,364.2],[-74.9059249,42.726994641,364.2],[-74.905906044,42.727034026,364.2],[-74.905890162,42.727072025,364.2],[-74.905878819,42.727114515,364.2],[-74.905870053,42.727166599,364.2],[-74.905857035,42.727221417,364.2],[-74.905837809,42.727275598,364.2],[-74.905817585,42.727332565,364.2],[-74.905800223,42.727391815,364.2],[-74.905787596,42.727450195,364.2],[-74.90577801,42.727503915,364.2],[-74.90577025,42.727550284,364.2],[-74.905765016,42.727588961,364.2],[-74.905761326,42.727624925,364.2],[-74.905756791,42.727665299,364.2],[-74.905748515,42.727710269,364.2],[-74.905735944,42.727757357,364.2],[-74.905723184,42.727802928,364.2],[-74.905711359,42.727843219,364.2],[-74.905698993,42.727875584,364.2],[-74.905687322,42.727904226,364.2],[-74.905679578,42.727935333,364.2],[-74.905681078,42.727973433,364.2],[-74.905692041,42.728017334,364.2],[-74.905707456,42.728060466,364.2],[-74.905726482,42.728099857,364.2],[-74.90574984,42.728134971,364.2],[-74.905776612,42.728167108,364.2],[-74.905807136,42.728196211,364.2],[-74.90584396,42.728220489,364.2],[-74.905891129,42.728243114,364.2],[-74.905947412,42.728267463,364.2],[-74.905988192,42.728286109,364.2],[-74.906001001,42.728295848,364.2],[-74.906001698,42.728304246,364.2],[-74.905996874,42.728313566,364.2],[-74.90598521,42.728321637,364.2],[-74.905969041,42.728327071,364.2],[-74.905946134,42.72833024,364.2],[-74.905903459,42.728334436,364.2],[-74.905843731,42.72834143,364.2],[-74.905783083,42.728351082,364.2],[-74.905725667,42.728361857,364.2],[-74.905671249,42.728374224,364.2],[-74.905620907,42.72839484,364.2],[-74.905576398,42.728424343,364.2],[-74.905539853,42.728456287,364.2],[-74.90551215,42.728489413,364.2],[-74.905491599,42.728525093,364.2],[-74.905470388,42.728564255,364.2],[-74.905445626,42.728604115,364.2],[-74.905422119,42.728637671,364.2],[-74.905397351,42.728665482,364.2],[-74.905366024,42.728692041,364.2],[-74.905331058,42.728718276,364.2],[-74.905292418,42.728744056,364.2],[-74.905242579,42.728768812,364.2],[-74.905189137,42.728789005,364.2],[-74.905145623,42.728801019,364.2],[-74.905094215,42.728812309,364.2],[-74.905016917,42.728828645,364.2],[-74.90491723,42.72884489,364.2],[-74.90480728,42.728859172,364.2],[-74.904702571,42.728873961,364.2],[-74.904604394,42.728891751,364.2],[-74.904510239,42.728913555,364.2],[-74.904422901,42.728936685,364.2],[-74.904341628,42.728960351,364.2],[-74.904261565,42.72898625,364.2],[-74.904186211,42.729012773,364.2],[-74.904121675,42.729037633,364.2],[-74.904068005,42.729062168,364.2],[-74.904015868,42.729089502,364.2],[-74.90394681,42.729123652,364.2],[-74.903868661,42.729162348,364.2],[-74.903799955,42.729201452,364.2],[-74.903731889,42.729246055,364.2],[-74.903646945,42.729305875,364.2],[-74.903527761,42.729392336,364.2],[-74.903396694,42.729484724,364.2],[-74.903298556,42.72954566,364.2],[-74.903231051,42.72958468,364.2],[-74.903176503,42.729621675,364.2],[-74.903119432,42.729663866,364.2],[-74.903057418,42.729711326,364.2],[-74.902999946,42.729758922,364.2],[-74.902953586,42.729802021,364.2],[-74.90292,42.729839109,364.2],[-74.902891464,42.729876274,364.2],[-74.902862539,42.729917067,364.2],[-74.902832392,42.729960345,364.2],[-74.902800001,42.730003899,364.2],[-74.90276253,42.730046031,364.2],[-74.902711835,42.730088322,364.2],[-74.902645546,42.730135245,364.2],[-74.902571482,42.730193534,364.2],[-74.902497866,42.730259111,364.2],[-74.902431798,42.730321381,364.2],[-74.902376594,42.730373069,364.2],[-74.902331743,42.730414116,364.2],[-74.902291967,42.730455276,364.2],[-74.902256849,42.730498111,364.2],[-74.902229647,42.73053671,364.2],[-74.902209726,42.730570591,364.2],[-74.902194686,42.730600939,364.2],[-74.902181159,42.730628275,364.2],[-74.902162123,42.730654099,364.2],[-74.902129758,42.730680749,364.2],[-74.902096131,42.730708836,364.2],[-74.902075148,42.730736333,364.2],[-74.902060741,42.730756092,364.2],[-74.902045105,42.730767019,364.2],[-74.902023325,42.730776277,364.2],[-74.901996318,42.730787836,364.2],[-74.901967529,42.730803531,364.2],[-74.901938272,42.730824894,364.2],[-74.901912236,42.730851356,364.2],[-74.901896481,42.730879262,364.2],[-74.90188577,42.730905113,364.2],[-74.901868535,42.730926662,364.2],[-74.901843725,42.730946202,364.2],[-74.901812964,42.730968778,364.2],[-74.901776878,42.731001952,364.2],[-74.901732296,42.731049584,364.2],[-74.901675306,42.731110235,364.2],[-74.901615874,42.731171111,364.2],[-74.901564813,42.731221476,364.2],[-74.901522713,42.731265232,364.2],[-74.901486303,42.731308311,364.2],[-74.901450925,42.731354989,364.2],[-74.901420275,42.731397653,364.2],[-74.90139753,42.731428767,364.2],[-74.901372879,42.73145721,364.2],[-74.901338821,42.731492495,364.2],[-74.901294989,42.731539636,364.2],[-74.901251643,42.731589662,364.2],[-74.901220939,42.73162956,364.2],[-74.901200092,42.731660733,364.2],[-74.901180587,42.731686659,364.2],[-74.901151278,42.731708831,364.2],[-74.901111503,42.731730972,364.2],[-74.901067261,42.731757683,364.2],[-74.901019973,42.731789606,364.2],[-74.900968354,42.73182641,364.2],[-74.900909135,42.731868008,364.2],[-74.900848418,42.731910332,364.2],[-74.900796903,42.731948263,364.2],[-74.900741899,42.731991783,364.2],[-74.900671024,42.732049814,364.2],[-74.900594693,42.732114544,364.2],[-74.900522206,42.732180028,364.2],[-74.900457397,42.732244824,364.2],[-74.900399884,42.732305614,364.2],[-74.900347161,42.732359826,364.2],[-74.900295983,42.732410436,364.2],[-74.900240767,42.732464865,364.2],[-74.900174904,42.732532793,364.2],[-74.900111338,42.732600816,364.2],[-74.900067235,42.732649762,364.2],[-74.900030338,42.73269227,364.2],[-74.899989979,42.73273935,364.2],[-74.89994976,42.73278673,364.2],[-74.899909043,42.732835273,364.2],[-74.899864269,42.732889321,364.2],[-74.89981787,42.732946361,364.2],[-74.899772874,42.733002832,364.2],[-74.899729758,42.733057327,364.2],[-74.899691496,42.733105228,364.2],[-74.899661911,42.73313987,364.2],[-74.899633861,42.733161739,364.2],[-74.899601498,42.733174473,364.2],[-74.899573155,42.733182553,364.2],[-74.899548685,42.733194497,364.2],[-74.899517369,42.733221289,364.2],[-74.899480163,42.733258183,364.2],[-74.89944194,42.733296645,364.2],[-74.899400501,42.733341395,364.2],[-74.899352869,42.733395965,364.2],[-74.899297364,42.733458392,364.2],[-74.899236595,42.733525135,364.2],[-74.899175381,42.733592491,364.2],[-74.899116931,42.733659065,364.2],[-74.899062556,42.733720942,364.2],[-74.899011211,42.733769984,364.2],[-74.898964394,42.733813917,364.2],[-74.898924525,42.733867758,364.2],[-74.898887717,42.733919422,364.2],[-74.898847538,42.73395705,364.2],[-74.898797228,42.733988239,364.2],[-74.89874368,42.734020094,364.2],[-74.898703649,42.734056238,364.2],[-74.898673376,42.734095755,364.2],[-74.898642796,42.734136245,364.2],[-74.898608216,42.734176263,364.2],[-74.898569879,42.734216178,364.2],[-74.898531363,42.734258456,364.2],[-74.898496249,42.734307019,364.2],[-74.898468613,42.734364425,364.2],[-74.898454424,42.734426228,364.2],[-74.898455413,42.734484681,364.2],[-74.89846687,42.734530716,364.2],[-74.898486394,42.734569943,364.2],[-74.898511787,42.734613338,364.2],[-74.898533999,42.734654203,364.2],[-74.898546348,42.734685862,364.2],[-74.89854969,42.734710226,364.2],[-74.898546083,42.734730563,364.2],[-74.898537061,42.734750642,364.2],[-74.898519492,42.734774913,364.2],[-74.898491972,42.734804793,364.2],[-74.898460237,42.73483475,364.2],[-74.898426135,42.734864611,364.2],[-74.898387906,42.734898607,364.2],[-74.89835169,42.734928783,364.2],[-74.89831441,42.734947961,364.2],[-74.89823908,42.734965741,364.2],[-74.898130464,42.734986436,364.2],[-74.898045001,42.735005207,364.2],[-74.897988315,42.735023601,364.2],[-74.897941364,42.735046998,364.2],[-74.897900255,42.735081049,364.2],[-74.897860957,42.735126253,364.2],[-74.897814534,42.735175901,364.2],[-74.897756406,42.73522944,364.2],[-74.897687316,42.735289298,364.2],[-74.897617673,42.735351121,364.2],[-74.897558211,42.735410626,364.2],[-74.897514967,42.735466933,364.2],[-74.897488183,42.735514797,364.2],[-74.897473347,42.735547851,364.2],[-74.897463701,42.735575585,364.2],[-74.897452842,42.735608432,364.2],[-74.897436965,42.735645919,364.2],[-74.897413393,42.735685384,364.2],[-74.8973813,42.735724062,364.2],[-74.897347831,42.735763273,364.2],[-74.897319734,42.735806933,364.2],[-74.89729251,42.735860878,364.2],[-74.897264966,42.735921635,364.2],[-74.897241872,42.735975109,364.2],[-74.897221495,42.736021001,364.2],[-74.897200082,42.736066185,364.2],[-74.897180566,42.736114261,364.2],[-74.897164054,42.73617097,364.2],[-74.897147036,42.736244812,364.2],[-74.897133409,42.736322086,364.2],[-74.897130533,42.736380683,364.2],[-74.897136747,42.736431633,364.2],[-74.897146892,42.736486353,364.2],[-74.897154534,42.736538536,364.2],[-74.897158853,42.736585742,364.2],[-74.897163154,42.736629936,364.2],[-74.897166034,42.736669383,364.2],[-74.897165075,42.73670209,364.2],[-74.897159758,42.736728858,364.2],[-74.89715046,42.736751541,364.2],[-74.897138021,42.736772466,364.2],[-74.897121807,42.736792381,364.2],[-74.897101066,42.736811028,364.2],[-74.897076781,42.736827428,364.2],[-74.897049262,42.736842411,364.2],[-74.897018059,42.73685902,364.2],[-74.896988038,42.736877079,364.2],[-74.896964357,42.736896227,364.2],[-74.896941385,42.736922857,364.2],[-74.896915438,42.736961283,364.2],[-74.896889846,42.737009315,364.2],[-74.896864613,42.737056684,364.2],[-74.89683753,42.737091468,364.2],[-74.896809473,42.737119921,364.2],[-74.896780385,42.737152163,364.2],[-74.896746653,42.737194464,364.2],[-74.896708583,42.737244478,364.2],[-74.896669119,42.737295132,364.2],[-74.896623703,42.737354891,364.2],[-74.896570855,42.737428302,364.2],[-74.896523695,42.737495547,364.2],[-74.896486581,42.737549332,364.2],[-74.896452446,42.737599127,364.2],[-74.896418784,42.737646731,364.2],[-74.896384794,42.737690712,364.2],[-74.896347234,42.737732518,364.2],[-74.896303238,42.737775884,364.2],[-74.896246389,42.737830702,364.2],[-74.896156528,42.73788454,364.2],[-74.896012456,42.73813371,364.2],[-74.895911535,42.738282434,364.2],[-74.895853095,42.738361971,364.2],[-74.89581423,42.738415017,364.2],[-74.895782282,42.738461339,364.2],[-74.895753821,42.738503194,364.2],[-74.89572918,42.738540738,364.2],[-74.895711109,42.738573842,364.2],[-74.895696195,42.738605983,364.2],[-74.895678045,42.738642338,364.2],[-74.895657091,42.738684076,364.2],[-74.895635558,42.738730731,364.2],[-74.895611833,42.738781817,364.2],[-74.895584881,42.738834177,364.2],[-74.895557309,42.738878385,364.2],[-74.89552944,42.738914061,364.2],[-74.895497461,42.738955589,364.2],[-74.895461481,42.739008048,364.2],[-74.895425532,42.739066045,364.2],[-74.895390762,42.73912272,364.2],[-74.895355666,42.739172801,364.2],[-74.895314087,42.739225474,364.2],[-74.895263679,42.739288203,364.2],[-74.895224018,42.739339486,364.2],[-74.895208806,42.739363412,364.2],[-74.895205182,42.739374024,364.2],[-74.895202403,42.739383114,364.2],[-74.895198717,42.739392449,364.2],[-74.895192795,42.739401741,364.2],[-74.895183124,42.739409696,364.2],[-74.895169654,42.739417187,364.2],[-74.895153381,42.739426219,364.2],[-74.895136168,42.739437283,364.2],[-74.895119266,42.739450595,364.2],[-74.895100304,42.739467639,364.2],[-74.895078209,42.739488753,364.2],[-74.89505693,42.739510918,364.2],[-74.895038894,42.739532821,364.2],[-74.89502313,42.739556365,364.2],[-74.895007083,42.739582827,364.2],[-74.894987394,42.739612486,364.2],[-74.894965526,42.739643977,364.2],[-74.894945626,42.739674656,364.2],[-74.894929933,42.739699978,364.2],[-74.894919333,42.739717051,364.2],[-74.89491247,42.739731922,364.2],[-74.894908239,42.7397496,364.2],[-74.894907313,42.739767864,364.2],[-74.894909895,42.739785813,364.2],[-74.894915081,42.739805784,364.2],[-74.894920842,42.739825981,364.2],[-74.89492436,42.739840957,364.2],[-74.894924758,42.739850619,364.2],[-74.894922428,42.739857863,364.2],[-74.894918179,42.739863444,364.2],[-74.894912554,42.739867427,364.2],[-74.894904521,42.739870401,364.2],[-74.894892841,42.739873162,364.2],[-74.894876662,42.739876696,364.2],[-74.894858007,42.739881472,364.2],[-74.894842713,42.7398872,364.2],[-74.894831468,42.73989435,364.2],[-74.894820147,42.739904096,364.2],[-74.89480745,42.739917038,364.2],[-74.894793731,42.739933333,364.2],[-74.894778388,42.739952621,364.2],[-74.894760988,42.739974251,364.2],[-74.894743019,42.739997202,364.2],[-74.894726746,42.740020394,364.2],[-74.894715121,42.740042809,364.2],[-74.894708773,42.740064115,364.2],[-74.894704942,42.740084864,364.2],[-74.894702209,42.740104026,364.2],[-74.89470046,42.740119447,364.2],[-74.894697933,42.74013296,364.2],[-74.894692419,42.740147878,364.2],[-74.894685117,42.740162059,364.2],[-74.894677489,42.740172691,364.2],[-74.894667358,42.740181886,364.2],[-74.894653496,42.740191441,364.2],[-74.894638551,42.740200009,364.2],[-74.894623973,42.740207585,364.2],[-74.894608837,42.740216552,364.2],[-74.894593548,42.740227263,364.2],[-74.894579766,42.740238211,364.2],[-74.894568059,42.740249404,364.2],[-74.894558456,42.740261563,364.2],[-74.894551749,42.740274132,364.2],[-74.89454861,42.740286114,364.2],[-74.894548287,42.74029662,364.2],[-74.894550049,42.740305328,364.2],[-74.894553895,42.740313102,364.2],[-74.894559497,42.740320743,364.2],[-74.894565899,42.740328727,364.2],[-74.894571454,42.740337149,364.2],[-74.894574137,42.740345876,364.2],[-74.894573938,42.740355703,364.2],[-74.894571804,42.740367763,364.2],[-74.894567439,42.740382009,364.2],[-74.894560296,42.740398326,364.2],[-74.894550541,42.74041785,364.2],[-74.894538769,42.740440133,364.2],[-74.894526158,42.740460767,364.2],[-74.894513442,42.740477543,364.2],[-74.894500604,42.740491903,364.2],[-74.894486798,42.740504051,364.2],[-74.894470863,42.740513011,364.2],[-74.894455206,42.740519377,364.2],[-74.894443637,42.740524612,364.2],[-74.894436372,42.740529885,364.2],[-74.89443235,42.74053595,364.2],[-74.894430553,42.740542491,364.2],[-74.894430472,42.740549529,364.2],[-74.8944327,42.740558349,364.2],[-74.89443841,42.740572126,364.2],[-74.894449157,42.740595939,364.2],[-74.894462672,42.740627009,364.2],[-74.894473855,42.740656438,364.2],[-74.89448279,42.740683743,364.2],[-74.894491698,42.740712351,364.2],[-74.894498033,42.740740415,364.2],[-74.894499273,42.740764685,364.2],[-74.894498683,42.740783502,364.2],[-74.894499622,42.74079761,364.2],[-74.894503044,42.740812002,364.2],[-74.8945081,42.740828063,364.2],[-74.894512047,42.740841777,364.2],[-74.89451392,42.740852014,364.2],[-74.894514382,42.740860433,364.2],[-74.894513858,42.740868546,364.2],[-74.894512458,42.740877576,364.2],[-74.894509415,42.740887833,364.2],[-74.894504304,42.740899232,364.2],[-74.894498861,42.740911401,364.2],[-74.894494558,42.740924088,364.2],[-74.894491367,42.740937389,364.2],[-74.894489211,42.740950899,364.2],[-74.894488234,42.740963594,364.2],[-74.894489419,42.74097636,364.2],[-74.894494556,42.740991876,364.2],[-74.894506423,42.741014069,364.2],[-74.894526828,42.741045523,364.2],[-74.894549379,42.741077943,364.2],[-74.894567392,42.741102503,364.2],[-74.894582457,42.7411209,364.2],[-74.894595897,42.741136232,364.2],[-74.894605056,42.741150034,364.2],[-74.894609261,42.741163813,364.2],[-74.894610992,42.741179232,364.2],[-74.894611507,42.741196857,364.2],[-74.894610901,42.741216164,364.2],[-74.894609832,42.741235174,364.2],[-74.894609401,42.741251891,364.2],[-74.89461149,42.741268414,364.2],[-74.894617344,42.741286836,364.2],[-74.894625319,42.741304771,364.2],[-74.894634487,42.741321091,364.2],[-74.89464649,42.741338982,364.2],[-74.894660564,42.741359191,364.2],[-74.894672594,42.741378778,364.2],[-74.89468069,42.741396697,364.2],[-74.894684994,42.741413635,364.2],[-74.894685651,42.741429902,364.2],[-74.894682911,42.741445501,364.2],[-74.894677806,42.74146002,364.2],[-74.894671419,42.741472857,364.2],[-74.894664205,42.741483258,364.2],[-74.894656282,42.7414909,364.2],[-74.894647375,42.741496393,364.2],[-74.89463721,42.741500754,364.2],[-74.894625637,42.741505363,364.2],[-74.894613691,42.741511331,364.2],[-74.894603297,42.741519456,364.2],[-74.894595692,42.741529803,364.2],[-74.894591818,42.741542252,364.2],[-74.894593032,42.741557666,364.2],[-74.89460052,42.741577014,364.2],[-74.894614471,42.741600589,364.2],[-74.894633974,42.741628547,364.2],[-74.894656307,42.741660961,364.2],[-74.894677232,42.741694856,364.2],[-74.894691146,42.741723871,364.2],[-74.894696855,42.741748276,364.2],[-74.894696773,42.741773143,364.2],[-74.894693113,42.741796946,364.2],[-74.894689735,42.741808167,364.2],[-74.894687464,42.741815713,364.2],[-74.894679072,42.741830861,364.2],[-74.894666324,42.741845025,364.2],[-74.894647265,42.741859223,364.2],[-74.894621562,42.741873413,364.2],[-74.894592079,42.741886175,364.2],[-74.894559079,42.741898417,364.2],[-74.894519656,42.741913822,364.2],[-74.894478808,42.741931461,364.2],[-74.894446772,42.741947094,364.2],[-74.89442309,42.741961014,364.2],[-74.894402219,42.741975707,364.2],[-74.894380941,42.74199279,364.2],[-74.89435701,42.742013327,364.2],[-74.894328878,42.742037503,364.2],[-74.894298356,42.742063443,364.2],[-74.894273191,42.742085768,364.2],[-74.894253579,42.742102904,364.2],[-74.894230211,42.742118297,364.2],[-74.894202131,42.742133546,364.2],[-74.894174929,42.742148476,364.2],[-74.894149844,42.742162279,364.2],[-74.894125257,42.742174298,364.2],[-74.894096696,42.742186118,364.2],[-74.894060876,42.742199562,364.2],[-74.894020783,42.742215048,364.2],[-74.89398028,42.74223215,364.2],[-74.893942609,42.742249356,364.2],[-74.893909599,42.742265715,364.2],[-74.893881283,42.742281173,364.2],[-74.893855015,42.742296916,364.2],[-74.893826686,42.742314938,364.2],[-74.893796764,42.742336391,364.2],[-74.893767741,42.742361852,364.2],[-74.893740783,42.742391217,364.2],[-74.893716617,42.742423406,364.2],[-74.893695905,42.742455064,364.2],[-74.893679294,42.742483492,364.2],[-74.893667414,42.742508054,364.2],[-74.893660448,42.742530161,364.2],[-74.893657965,42.742553168,364.2],[-74.893658262,42.742577248,364.2],[-74.893658714,42.742600194,364.2],[-74.893656829,42.742621202,364.2],[-74.89365029,42.742640532,364.2],[-74.893637244,42.742660115,364.2],[-74.893618065,42.742680661,364.2],[-74.89359925,42.742697777,364.2],[-74.893584644,42.742709297,364.2],[-74.893571193,42.742718815,364.2],[-74.893557101,42.742729302,364.2],[-74.893542888,42.74274219,364.2],[-74.893528663,42.742757663,364.2],[-74.893514362,42.742774965,364.2],[-74.893501908,42.742792785,364.2],[-74.893493297,42.742810485,364.2],[-74.893486265,42.742831927,364.2],[-74.893478163,42.742862069,364.2],[-74.893468944,42.742905108,364.2],[-74.893459035,42.742961258,364.2],[-74.893448869,42.743023773,364.2],[-74.89343864,42.743085585,364.2],[-74.89342837,42.743140279,364.2],[-74.893419518,42.743183833,364.2],[-74.893414254,42.743214686,364.2],[-74.893411759,42.743236827,364.2],[-74.893410328,42.743256369,364.2],[-74.893410805,42.743277084,364.2],[-74.89341418,42.743301041,364.2],[-74.893419696,42.743327431,364.2],[-74.893426244,42.743356432,364.2],[-74.893432678,42.743390784,364.2],[-74.893438657,42.743429426,364.2],[-74.893444712,42.743466883,364.2],[-74.893450424,42.743501126,364.2],[-74.893454929,42.743533153,364.2],[-74.893459684,42.743566145,364.2],[-74.893466466,42.743603031,364.2],[-74.893473444,42.743640921,364.2],[-74.893478255,42.743676313,364.2],[-74.893480003,42.743708784,364.2],[-74.893478554,42.743741027,364.2],[-74.89347468,42.743780048,364.2],[-74.893469838,42.74382552,364.2],[-74.893466036,42.743868659,364.2],[-74.893463785,42.743905323,364.2],[-74.893462293,42.743935587,364.2],[-74.893459395,42.743963266,364.2],[-74.893452704,42.74399385,364.2],[-74.893441681,42.744032734,364.2],[-74.89342723,42.744081246,364.2],[-74.893412762,42.744129577,364.2],[-74.893399921,42.744173357,364.2],[-74.893386562,42.744220823,364.2],[-74.893371712,42.744274152,364.2],[-74.89335621,42.744327482,364.2],[-74.893341807,42.744376863,364.2],[-74.893330583,42.744420432,364.2],[-74.893322609,42.744459233,364.2],[-74.893316934,42.744495927,364.2],[-74.893312172,42.744534547,364.2],[-74.893307945,42.744576284,364.2],[-74.893306936,42.744613578,364.2],[-74.893310867,42.744644657,364.2],[-74.893318857,42.744679962,364.2],[-74.893328618,42.744722407,364.2],[-74.893336872,42.744765516,364.2],[-74.893344071,42.744806169,364.2],[-74.893352791,42.744844047,364.2],[-74.893361354,42.744879284,364.2],[-74.89336673,42.74491269,364.2],[-74.893368592,42.744947277,364.2],[-74.893367519,42.74498596,364.2],[-74.893364503,42.745029658,364.2],[-74.89336009,42.745076169,364.2],[-74.893353967,42.745118776,364.2],[-74.893346217,42.745156888,364.2],[-74.893337535,42.745196645,364.2],[-74.893329848,42.745238743,364.2],[-74.893325467,42.745280448,364.2],[-74.893323335,42.745323721,364.2],[-74.893321371,42.745370017,364.2],[-74.893319648,42.745409258,364.2],[-74.893318296,42.745435718,364.2],[-74.89331603,42.745463623,364.2],[-74.893311792,42.745499926,364.2],[-74.893305318,42.745534126,364.2],[-74.893296398,42.745561465,364.2],[-74.893284896,42.745585128,364.2],[-74.893271761,42.745608082,364.2],[-74.893258797,42.745632034,364.2],[-74.893248653,42.745652686,364.2],[-74.89324321,42.745665807,364.2],[-74.893239484,42.745678813,364.2],[-74.893235242,42.745698307,364.2],[-74.893233639,42.745720476,364.2],[-74.893235751,42.745740701,364.2],[-74.893237837,42.745755983,364.2],[-74.893237674,42.74576705,364.2],[-74.893235195,42.745778237,364.2],[-74.893230916,42.745791309,364.2],[-74.893225669,42.745806456,364.2],[-74.893220149,42.745826034,364.2],[-74.893215099,42.745852094,364.2],[-74.893211691,42.745881334,364.2],[-74.893209934,42.745910671,364.2],[-74.893206533,42.745941276,364.2],[-74.893199966,42.745972579,364.2],[-74.893192342,42.746000222,364.2],[-74.893183004,42.746023684,364.2],[-74.893168116,42.746046727,364.2],[-74.893144783,42.74607172,364.2],[-74.893111331,42.746099686,364.2],[-74.893069513,42.746129823,364.2],[-74.893022439,42.746160786,364.2],[-74.892972794,42.746192166,364.2],[-74.892924666,42.746223174,364.2],[-74.892885891,42.746251461,364.2],[-74.892856482,42.746279141,364.2],[-74.892823297,42.7463157,364.2],[-74.892782465,42.746365599,364.2],[-74.89274074,42.746426754,364.2],[-74.892702484,42.746489193,364.2],[-74.892669254,42.746540372,364.2],[-74.892636678,42.746585074,364.2],[-74.892599269,42.746633949,364.2],[-74.892557264,42.74669156,364.2],[-74.892513912,42.746755921,364.2],[-74.892476286,42.746812627,364.2],[-74.892447751,42.746854145,364.2],[-74.892424912,42.746886823,364.2],[-74.892405591,42.746914924,364.2],[-74.892389389,42.746939537,364.2],[-74.892374761,42.746964246,364.2],[-74.892359818,42.746993336,364.2],[-74.892345824,42.747023951,364.2],[-74.892334442,42.747052102,364.2],[-74.892323612,42.74708124,364.2],[-74.892311721,42.747114035,364.2],[-74.892300589,42.747146508,364.2],[-74.892291616,42.747176613,364.2],[-74.892284665,42.747206882,364.2],[-74.892278349,42.74723874,364.2],[-74.892270198,42.747272174,364.2],[-74.892258307,42.747308006,364.2],[-74.892241022,42.747347974,364.2],[-74.892215733,42.747396058,364.2],[-74.892181216,42.747454917,364.2],[-74.8921434,42.747518278,364.2],[-74.892109224,42.747577954,364.2],[-74.892083646,42.747626639,364.2],[-74.892067915,42.747661622,364.2],[-74.89205807,42.747687092,364.2],[-74.892051862,42.747707148,364.2],[-74.892049179,42.747725117,364.2],[-74.892049885,42.74774316,364.2],[-74.892053669,42.747762515,364.2],[-74.892059606,42.747783146,364.2],[-74.892066248,42.747804365,364.2],[-74.892071082,42.747824961,364.2],[-74.892072573,42.747844176,364.2],[-74.89207219,42.747862658,364.2],[-74.892071125,42.747880557,364.2],[-74.892069442,42.747896958,364.2],[-74.892066385,42.747911352,364.2],[-74.892060287,42.747923893,364.2],[-74.892047222,42.747936708,364.2],[-74.89202285,42.747952736,364.2],[-74.891989293,42.747972151,364.2],[-74.89195113,42.747993812,364.2],[-74.891912441,42.748015786,364.2],[-74.891875614,42.748037386,364.2],[-74.891839308,42.748061288,364.2],[-74.891804145,42.748087456,364.2],[-74.891774333,42.748111227,364.2],[-74.891750013,42.748132328,364.2],[-74.891727373,42.748154751,364.2],[-74.891705854,42.748178335,364.2],[-74.891686753,42.748201036,364.2],[-74.891669593,42.748226116,364.2],[-74.891653713,42.748256977,364.2],[-74.891640456,42.748289517,364.2],[-74.891630397,42.748320064,364.2],[-74.891621183,42.748350193,364.2],[-74.891610523,42.748380435,364.2],[-74.89159694,42.748408734,364.2],[-74.891580634,42.748434908,364.2],[-74.89156333,42.748460462,364.2],[-74.891546513,42.748483634,364.2],[-74.89153096,42.74850141,364.2],[-74.891514184,42.74851595,364.2],[-74.891493788,42.748530779,364.2],[-74.891472515,42.748546956,364.2],[-74.891453475,42.748564172,364.2],[-74.891437792,42.748580368,364.2],[-74.891425356,42.748595641,364.2],[-74.891414672,42.748613587,364.2],[-74.891404239,42.748636686,364.2],[-74.891392863,42.748665642,364.2],[-74.891381556,42.748696268,364.2],[-74.891372228,42.748722377,364.2],[-74.891364095,42.748743673,364.2],[-74.891355222,42.748762077,364.2],[-74.891343247,42.748779362,364.2],[-74.891327013,42.748796822,364.2],[-74.891308315,42.748814782,364.2],[-74.891287368,42.748834709,364.2],[-74.891261685,42.748859802,364.2],[-74.891232265,42.748890874,364.2],[-74.891203595,42.748925923,364.2],[-74.891180433,42.748958224,364.2],[-74.891166458,42.748980145,364.2],[-74.891158319,42.748995481,364.2],[-74.891150808,42.749011045,364.2],[-74.89114164,42.749028881,364.2],[-74.891129484,42.749049157,364.2],[-74.891113619,42.749070324,364.2],[-74.891093745,42.749092048,364.2],[-74.891069938,42.749116097,364.2],[-74.891040275,42.749145106,364.2],[-74.891000913,42.749182465,364.2],[-74.890947363,42.74923266,364.2],[-74.890877758,42.749297944,364.2],[-74.890808005,42.749363362,364.2],[-74.890754744,42.749414146,364.2],[-74.890713359,42.749459381,364.2],[-74.890676045,42.749508465,364.2],[-74.890638761,42.749559461,364.2],[-74.890601998,42.749609148,364.2],[-74.890571594,42.749654968,364.2],[-74.890546399,42.749700313,364.2],[-74.8905193,42.749752642,364.2],[-74.890491072,42.749805987,364.2],[-74.890466491,42.749848187,364.2],[-74.890445914,42.749877566,364.2],[-74.890427895,42.749897678,364.2],[-74.890423736,42.74990225,364.2],[-74.890393009,42.74993842,364.2],[-74.89038217,42.749958622,364.2],[-74.890374582,42.749980476,364.2],[-74.890367707,42.750008626,364.2],[-74.890362337,42.75003811,364.2],[-74.890356526,42.750065256,364.2],[-74.89034634,42.75009041,364.2],[-74.890330545,42.750117292,364.2],[-74.890309988,42.750144776,364.2],[-74.890287765,42.750168923,364.2],[-74.890269346,42.750189691,364.2],[-74.890253756,42.750211065,364.2],[-74.890236769,42.750239599,364.2],[-74.890217791,42.750281051,364.2],[-74.890200103,42.750325494,364.2],[-74.890187009,42.750361065,364.2],[-74.890177465,42.750391382,364.2],[-74.890168514,42.750418963,364.2],[-74.890155548,42.750450928,364.2],[-74.890132918,42.750503495,364.2],[-74.890100462,42.750572634,364.2],[-74.89006332,42.750646527,364.2],[-74.890029912,42.750717654,364.2],[-74.890001138,42.750781456,364.2],[-74.889975664,42.750839557,364.2],[-74.889953575,42.750899148,364.2],[-74.889934079,42.750955629,364.2],[-74.889917328,42.751004345,364.2],[-74.889904822,42.75104634,364.2],[-74.889896049,42.751081307,364.2],[-74.889890154,42.751108885,364.2],[-74.889886965,42.751131007,364.2],[-74.889887611,42.751157256,364.2],[-74.889895151,42.75119995,364.2],[-74.889900274,42.751226589,364.2],[-74.889907509,42.751251115,364.2],[-74.889917024,42.751271482,364.2],[-74.889926595,42.75128665,364.2],[-74.889932284,42.751296742,364.2],[-74.889933782,42.751303785,364.2],[-74.889932658,42.751310486,364.2],[-74.889929561,42.751317547,364.2],[-74.889924382,42.751325186,364.2],[-74.889915558,42.751334345,364.2],[-74.889902499,42.751345264,364.2],[-74.889887269,42.751356438,364.2],[-74.889871375,42.751367997,364.2],[-74.889855211,42.751382363,364.2],[-74.889839917,42.751399072,364.2],[-74.889827106,42.751415392,364.2],[-74.889816076,42.751431691,364.2],[-74.889805201,42.751449864,364.2],[-74.889794694,42.751470633,364.2],[-74.889785394,42.751493844,364.2],[-74.889778064,42.751517772,364.2],[-74.889773233,42.751540773,364.2],[-74.889770944,42.751562072,364.2],[-74.88977079,42.751582463,364.2],[-74.889771888,42.751604529,364.2],[-74.88977415,42.75162882,364.2],[-74.889778189,42.751654087,364.2],[-74.889784504,42.751679357,364.2],[-74.88979329,42.751703851,364.2],[-74.889803479,42.751726839,364.2],[-74.889814067,42.751747913,364.2],[-74.889825683,42.751767657,364.2],[-74.889838463,42.751786179,364.2],[-74.889850969,42.751802267,364.2],[-74.889864229,42.75181622,364.2],[-74.88988232,42.751830338,364.2],[-74.889902743,42.751844259,364.2],[-74.889918082,42.75185559,364.2],[-74.889927703,42.751864652,364.2],[-74.889934275,42.751872976,364.2],[-74.889938396,42.751880651,364.2],[-74.889939432,42.751888482,364.2],[-74.88993505,42.751901101,364.2],[-74.889924871,42.751919593,364.2],[-74.889912987,42.751936521,364.2],[-74.88990066,42.751948448,364.2],[-74.889884913,42.751958261,364.2],[-74.889863672,42.751967819,364.2],[-74.88983591,42.751977849,364.2],[-74.889801276,42.751989627,364.2],[-74.889759688,42.752004291,364.2],[-74.889710642,42.752020697,364.2],[-74.889656776,42.752036901,364.2],[-74.889611075,42.752050828,364.2],[-74.889581349,42.752061568,364.2],[-74.889561199,42.752070568,364.2],[-74.889545321,42.752079424,364.2],[-74.889531923,42.752089461,364.2],[-74.889520122,42.752100287,364.2],[-74.88950955,42.752110231,364.2],[-74.889499598,42.752118497,364.2],[-74.889489723,42.752124775,364.2],[-74.88948044,42.752128814,364.2],[-74.889471339,42.752130672,364.2],[-74.889458051,42.752131347,364.2],[-74.889435572,42.752131868,364.2],[-74.889399411,42.752132972,364.2],[-74.88935414,42.752135342,364.2],[-74.889314623,42.752139583,364.2],[-74.889281616,42.752145615,364.2],[-74.889245016,42.752152931,364.2],[-74.889203246,42.752162031,364.2],[-74.889160155,42.752173468,364.2],[-74.889124156,42.752185411,364.2],[-74.889100326,42.752196525,364.2],[-74.889079005,42.752209358,364.2],[-74.889070522,42.752214685,364.2],[-74.888966569,42.752297315,364.2],[-74.888915089,42.752346418,364.2],[-74.888877191,42.752387809,364.2],[-74.888840656,42.752431035,364.2],[-74.888807884,42.752474994,364.2],[-74.888779917,42.752516396,364.2],[-74.888754396,42.752552291,364.2],[-74.888728218,42.752581207,364.2],[-74.888699623,42.752604789,364.2],[-74.888667491,42.752627479,364.2],[-74.888631081,42.752654658,364.2],[-74.88859685,42.752682234,364.2],[-74.888568562,42.752708016,364.2],[-74.88854103,42.752740282,364.2],[-74.888517224,42.752784186,364.2],[-74.888498485,42.752836384,364.2],[-74.888479276,42.752886701,364.2],[-74.888454414,42.752937831,364.2],[-74.888404623,42.753015136,364.2],[-74.88838773,42.753033449,364.2],[-74.888363892,42.753054099,364.2],[-74.88833614,42.753079365,364.2],[-74.88830702,42.753109608,364.2],[-74.888284384,42.753136086,364.2],[-74.888270415,42.753155693,364.2],[-74.888262385,42.753170017,364.2],[-74.888260515,42.753172813,364.2],[-74.888259545,42.753174134,364.2],[-74.888257109,42.753177441,364.2],[-74.88825371,42.753181685,364.2],[-74.8882517,42.753183628,364.2],[-74.88824972,42.753185266,364.2],[-74.888237734,42.753193733,364.2],[-74.888215681,42.753209048,364.2],[-74.8881894,42.753230074,364.2],[-74.888156021,42.753258088,364.2],[-74.888115819,42.753291822,364.2],[-74.888075957,42.753326009,364.2],[-74.888039705,42.753358939,364.2],[-74.888005423,42.753393078,364.2],[-74.887975785,42.753426026,364.2],[-74.887955828,42.753452444,364.2],[-74.88794295,42.753473122,364.2],[-74.887931296,42.753491452,364.2],[-74.887916556,42.753509479,364.2],[-74.887896298,42.753529265,364.2],[-74.887872076,42.753553975,364.2],[-74.887846328,42.753583987,364.2],[-74.887821745,42.753614531,364.2],[-74.88779922,42.753642343,364.2],[-74.887777379,42.753666809,364.2],[-74.887752011,42.75369257,364.2],[-74.887718693,42.753726077,364.2],[-74.887686361,42.753759366,364.2],[-74.88766643,42.753781503,364.2],[-74.887653647,42.753798307,364.2],[-74.887640679,42.753817518,364.2],[-74.887627451,42.753839127,364.2],[-74.887614175,42.753862039,364.2],[-74.887599471,42.753885608,364.2],[-74.887583547,42.753909979,364.2],[-74.887568418,42.753936059,364.2],[-74.887554419,42.753963698,364.2],[-74.887540681,42.753991958,364.2],[-74.887526771,42.754019835,364.2],[-74.887512575,42.754046477,364.2],[-74.887498403,42.754071827,364.2],[-74.88748437,42.754096383,364.2],[-74.887469763,42.754121557,364.2],[-74.887453832,42.754148262,364.2],[-74.887436115,42.754176245,364.2],[-74.887418568,42.754203882,364.2],[-74.887405336,42.754228494,364.2],[-74.887394904,42.754251638,364.2],[-74.887381955,42.754277982,364.2],[-74.887363182,42.754312861,364.2],[-74.887338019,42.754358318,364.2],[-74.887313842,42.75440076,364.2],[-74.887296246,42.754429558,364.2],[-74.88728026,42.754453499,364.2],[-74.887261969,42.754480089,364.2],[-74.887242207,42.75450921,364.2],[-74.887222211,42.754538524,364.2],[-74.887203048,42.754564373,364.2],[-74.887184219,42.754586678,364.2],[-74.887163936,42.754608572,364.2],[-74.88713896,42.754638033,364.2],[-74.887107795,42.754680789,364.2],[-74.88707924,42.754723678,364.2],[-74.887059588,42.754756315,364.2],[-74.887041213,42.754789052,364.2],[-74.88701967,42.754826727,364.2],[-74.886999321,42.754859679,364.2],[-74.886978424,42.754884866,364.2],[-74.886947654,42.754909912,364.2],[-74.886907234,42.754949004,364.2],[-74.886887374,42.754975221,364.2],[-74.886876138,42.75500327,364.2],[-74.886863479,42.755035734,364.2],[-74.886846646,42.75507435,364.2],[-74.886825634,42.755119712,364.2],[-74.886802976,42.755169216,364.2],[-74.886781341,42.755218828,364.2],[-74.886762851,42.755263112,364.2],[-74.886747891,42.755299142,364.2],[-74.886734936,42.755327112,364.2],[-74.886721043,42.755351449,364.2],[-74.88670298,42.755378204,364.2],[-74.886681873,42.755405357,364.2],[-74.886660382,42.755429119,364.2],[-74.886639732,42.755452948,364.2],[-74.886620558,42.755480658,364.2],[-74.886602948,42.755512073,364.2],[-74.886586906,42.755545133,364.2],[-74.886572424,42.755575948,364.2],[-74.886559191,42.75560512,364.2],[-74.886546437,42.755637726,364.2],[-74.886531812,42.755674409,364.2],[-74.886512265,42.755713062,364.2],[-74.886487179,42.755754037,364.2],[-74.886458013,42.755797165,364.2],[-74.886430516,42.755835723,364.2],[-74.886408876,42.755865093,364.2],[-74.886390503,42.755890291,364.2],[-74.886372179,42.75591606,364.2],[-74.886351474,42.755944196,364.2],[-74.886328411,42.755973559,364.2],[-74.8863053,42.756000649,364.2],[-74.886282729,42.756026654,364.2],[-74.886259967,42.75605556,364.2],[-74.886235588,42.756088836,364.2],[-74.88620866,42.756126095,364.2],[-74.886181478,42.756163744,364.2],[-74.886156236,42.756199262,364.2],[-74.886132856,42.756234829,364.2],[-74.886111063,42.756272574,364.2],[-74.886090819,42.756313283,364.2],[-74.8860717,42.756355,364.2],[-74.88605274,42.756393629,364.2],[-74.886031354,42.756431092,364.2],[-74.886004351,42.756472639,364.2],[-74.88597156,42.756519043,364.2],[-74.88593497,42.756567874,364.2],[-74.885900298,42.756611348,364.2],[-74.885871673,42.756645096,364.2],[-74.885847042,42.756676425,364.2],[-74.885824929,42.756710039,364.2],[-74.885806147,42.756743969,364.2],[-74.885790375,42.756778609,364.2],[-74.885775971,42.756817342,364.2],[-74.885761484,42.756864134,364.2],[-74.885745909,42.756921448,364.2],[-74.885730194,42.756979903,364.2],[-74.88571636,42.757028513,364.2],[-74.885707543,42.757069014,364.2],[-74.885705406,42.757105759,364.2],[-74.885707408,42.757141789,364.2],[-74.885713096,42.757180426,364.2],[-74.885725928,42.757225417,364.2],[-74.885744043,42.757273786,364.2],[-74.885760461,42.757316562,364.2],[-74.885773388,42.757352413,364.2],[-74.885784435,42.757384788,364.2],[-74.885787805,42.757394584,364.2],[-74.885794993,42.757415484,364.2],[-74.885806494,42.757445422,364.2],[-74.885820935,42.757474786,364.2],[-74.885839429,42.757503659,364.2],[-74.885860615,42.757532321,364.2],[-74.885882536,42.757560722,364.2],[-74.885902919,42.757588292,364.2],[-74.8859206,42.757614797,364.2],[-74.885935579,42.757640496,364.2],[-74.885948393,42.757666941,364.2],[-74.885959741,42.757695664,364.2],[-74.885969371,42.757722916,364.2],[-74.885976944,42.757744706,364.2],[-74.885983246,42.757764124,364.2],[-74.885988534,42.757783641,364.2],[-74.885991185,42.757800236,364.2],[-74.885990722,42.757812906,364.2],[-74.885988705,42.757824834,364.2],[-74.88598503,42.757838884,364.2],[-74.885977919,42.757857115,364.2],[-74.885966435,42.757879618,364.2],[-74.885950276,42.757905145,364.2],[-74.885929664,42.757931567,364.2],[-74.885905336,42.757957932,364.2],[-74.885875581,42.757986575,364.2],[-74.885830003,42.75802602,364.2],[-74.885777449,42.758074831,364.2],[-74.885732967,42.758117888,364.2],[-74.885699231,42.75815032,364.2],[-74.885674372,42.758174326,364.2],[-74.885653561,42.758197374,364.2],[-74.885636223,42.758220075,364.2],[-74.885624024,42.758239417,364.2],[-74.885615884,42.758256768,364.2],[-74.88561027,42.758274585,364.2],[-74.885607929,42.758293015,364.2],[-74.885609583,42.758311882,364.2],[-74.885614664,42.758331491,364.2],[-74.885622465,42.758351115,364.2],[-74.885632393,42.758368579,364.2],[-74.885644917,42.758384589,364.2],[-74.885661359,42.758402408,364.2],[-74.885681709,42.758422681,364.2],[-74.885705074,42.758444295,364.2],[-74.885730282,42.758465447,364.2],[-74.88575591,42.758484586,364.2],[-74.885780045,42.758501992,364.2],[-74.885801217,42.758518421,364.2],[-74.885819234,42.758534738,364.2],[-74.88583337,42.758552408,364.2],[-74.885841951,42.758573639,364.2],[-74.885844725,42.758598864,364.2],[-74.885842713,42.758627076,364.2],[-74.885835917,42.758660042,364.2],[-74.885823743,42.758701058,364.2],[-74.885805868,42.75875252,364.2],[-74.885784042,42.758812208,364.2],[-74.885767153,42.758862399,364.2],[-74.885760246,42.758892845,364.2],[-74.885756239,42.758917721,364.2],[-74.885749846,42.758946792,364.2],[-74.885740661,42.75897887,364.2],[-74.885727899,42.759012482,364.2],[-74.885710506,42.759046643,364.2],[-74.885691708,42.759080204,364.2],[-74.885676157,42.75911241,364.2],[-74.885661983,42.759145474,364.2],[-74.88564633,42.759180424,364.2],[-74.885631482,42.759210118,364.2],[-74.885618848,42.759230177,364.2],[-74.885605366,42.759246303,364.2],[-74.885587211,42.759263427,364.2],[-74.885560357,42.759283557,364.2],[-74.885521412,42.759309512,364.2],[-74.885468797,42.759344154,364.2],[-74.885413431,42.759381404,364.2],[-74.885370661,42.759411781,364.2],[-74.885339568,42.759436326,364.2],[-74.885314569,42.759459077,364.2],[-74.885294564,42.759481084,364.2],[-74.885279321,42.759502192,364.2],[-74.885268346,42.759521079,364.2],[-74.885261233,42.759537344,364.2],[-74.885257722,42.759552087,364.2],[-74.88525697,42.759567038,364.2],[-74.885257776,42.759584253,364.2],[-74.885260714,42.759604444,364.2],[-74.885267378,42.759627809,364.2],[-74.88527937,42.759656086,364.2],[-74.885296889,42.759689346,364.2],[-74.885315238,42.759719971,364.2],[-74.885330183,42.759742949,364.2],[-74.885340773,42.759762443,364.2],[-74.885347391,42.759783171,364.2],[-74.885351584,42.759808684,364.2],[-74.885353632,42.759836884,364.2],[-74.885352542,42.759861873,364.2],[-74.885346496,42.759888537,364.2],[-74.885334193,42.759925454,364.2],[-74.885319821,42.759967186,364.2],[-74.885308088,42.7600054,364.2],[-74.885298858,42.760038893,364.2],[-74.885291425,42.760069173,364.2],[-74.885286073,42.760100177,364.2],[-74.885282786,42.760132508,364.2],[-74.885280995,42.760162035,364.2],[-74.885280583,42.760187511,364.2],[-74.885281671,42.760210335,364.2],[-74.885282667,42.760230382,364.2],[-74.885281172,42.760247282,364.2],[-74.885275687,42.760264272,364.2],[-74.885264898,42.760284176,364.2],[-74.88524709,42.760304169,364.2],[-74.885221893,42.760321694,364.2],[-74.885191836,42.760337248,364.2],[-74.885156011,42.760352129,364.2],[-74.88510891,42.760368097,364.2],[-74.885052894,42.760385329,364.2],[-74.884996674,42.760402801,364.2],[-74.884942545,42.76042114,364.2],[-74.884889915,42.760441373,364.2],[-74.884842373,42.760461534,364.2],[-74.884802187,42.760480447,364.2],[-74.884762412,42.760502967,364.2],[-74.884720197,42.760530058,364.2],[-74.884684901,42.760552253,364.2],[-74.884660639,42.760566393,364.2],[-74.884642793,42.760579013,364.2],[-74.884628761,42.76059251,364.2],[-74.884617915,42.760605823,364.2],[-74.884607491,42.760623579,364.2],[-74.884594246,42.760652204,364.2],[-74.884578887,42.760690793,364.2],[-74.884563411,42.760735608,364.2],[-74.884549673,42.760781762,364.2],[-74.884539112,42.760825408,364.2],[-74.884532346,42.760865318,364.2],[-74.884529409,42.760901859,364.2],[-74.884529707,42.760937001,364.2],[-74.884532771,42.760972052,364.2],[-74.884538211,42.761007479,364.2],[-74.884545061,42.761042052,364.2],[-74.884552616,42.761074028,364.2],[-74.884555333,42.761082537,364.2],[-74.884559101,42.761093714,364.2],[-74.884563276,42.761103683,364.2],[-74.884572812,42.76112166,364.2],[-74.884575357,42.761126642,364.2],[-74.884577699,42.761132138,364.2],[-74.884582742,42.76114426,364.2],[-74.884584545,42.761149757,364.2],[-74.884586183,42.761155254,364.2],[-74.884587165,42.761158716,364.2],[-74.884587656,42.761161095,364.2],[-74.884587939,42.761163574,364.2],[-74.884588178,42.761167856,364.2],[-74.884587853,42.76118762,364.2],[-74.884587644,42.761193613,364.2],[-74.884586841,42.761199947,364.2],[-74.884581255,42.761235053,364.2],[-74.884572191,42.76128414,364.2],[-74.884562755,42.761331003,364.2],[-74.884552517,42.761369945,364.2],[-74.884539087,42.761399556,364.2],[-74.884521953,42.76142186,364.2],[-74.884501822,42.761440532,364.2],[-74.8844804,42.761458745,364.2],[-74.884460207,42.761479451,364.2],[-74.884445289,42.761505457,364.2],[-74.884436514,42.761540265,364.2],[-74.884427941,42.761588611,364.2],[-74.88441699,42.761647378,364.2],[-74.884406249,42.761704141,364.2],[-74.884396982,42.761759115,364.2],[-74.884389166,42.761821813,364.2],[-74.884383361,42.761888478,364.2],[-74.884379465,42.761951988,364.2],[-74.884372335,42.762024407,364.2],[-74.88435743,42.762116313,364.2],[-74.884337257,42.762214032,364.2],[-74.884315634,42.76230284,364.2],[-74.884296156,42.762375453,364.2],[-74.884279704,42.762431794,364.2],[-74.88426387,42.762479457,364.2],[-74.884247233,42.762522194,364.2],[-74.884229299,42.762560271,364.2],[-74.884209275,42.762593955,364.2],[-74.884186708,42.762623684,364.2],[-74.884163758,42.76265052,364.2],[-74.884142417,42.762676807,364.2],[-74.884121573,42.762708189,364.2],[-74.884100737,42.76274795,364.2],[-74.884081775,42.762793617,364.2],[-74.884066265,42.762842868,364.2],[-74.88405498,42.762894316,364.2],[-74.884046597,42.762945623,364.2],[-74.884038692,42.762994289,364.2],[-74.884033256,42.763043221,364.2],[-74.884033624,42.7630955,364.2],[-74.8840385,42.763141182,364.2],[-74.884044888,42.763170913,364.2],[-74.884047981,42.763183476,364.2],[-74.884048716,42.763187061,364.2],[-74.884049062,42.763189679,364.2],[-74.884049159,42.763192709,364.2],[-74.884048984,42.763198234,364.2],[-74.884048731,42.763201695,364.2],[-74.884048193,42.763203788,364.2],[-74.884047237,42.763206915,364.2],[-74.884045253,42.763210739,364.2],[-74.884043516,42.763213774,364.2],[-74.884041433,42.76321681,364.2],[-74.884028799,42.76323059,364.2],[-74.884011255,42.763245195,364.2],[-74.883992094,42.763259998,364.2],[-74.883975675,42.763274259,364.2],[-74.883960196,42.763290135,364.2],[-74.883941971,42.763310424,364.2],[-74.883923396,42.763333867,364.2],[-74.883907846,42.76336008,364.2],[-74.883895917,42.763395071,364.2],[-74.883886243,42.763440634,364.2],[-74.883874883,42.763488598,364.2],[-74.883861956,42.763535927,364.2],[-74.883852521,42.763586635,364.2],[-74.883847348,42.763638467,364.2],[-74.883843786,42.763684969,364.2],[-74.8838402,42.763727749,364.2],[-74.883835478,42.763771521,364.2],[-74.883828375,42.763816426,364.2],[-74.883818178,42.763863058,364.2],[-74.883805842,42.76391747,364.2],[-74.883792367,42.763983225,364.2],[-74.883778319,42.764057228,364.2],[-74.883766657,42.764130363,364.2],[-74.883762937,42.764188289,364.2],[-74.883768336,42.764232244,364.2],[-74.883780401,42.764274499,364.2],[-74.883795275,42.764318236,364.2],[-74.883808292,42.764361473,364.2],[-74.88381393,42.764399376,364.2],[-74.883808143,42.764429411,364.2],[-74.883791938,42.764458237,364.2],[-74.883768517,42.76449133,364.2],[-74.883743364,42.764528901,364.2],[-74.883720514,42.764569416,364.2],[-74.883701849,42.764610113,364.2],[-74.883686815,42.764650468,364.2],[-74.883683544,42.764660599,364.2],[-74.883702447,42.764669086,364.2],[-74.88373021,42.764737616,364.2],[-74.883705524,42.76475278,364.2],[-74.883692953,42.76477451,364.2],[-74.883693693,42.764810847,364.2],[-74.88369523,42.764853737,364.2],[-74.883680222,42.764881123,364.2],[-74.883664958,42.764899516,364.2],[-74.883669236,42.76491983,364.2],[-74.883665135,42.764951397,364.2],[-74.88365534,42.765001126,364.2],[-74.883638721,42.765025234,364.2],[-74.883617485,42.765044679,364.2],[-74.883620445,42.765065769,364.2],[-74.883625053,42.765095798,364.2],[-74.88362189,42.765115951,364.2],[-74.883617662,42.765134224,364.2],[-74.883612356,42.765150401,364.2],[-74.883604941,42.765165287,364.2],[-74.883596957,42.765180063,364.2],[-74.883590571,42.765196464,364.2],[-74.883585113,42.765218055,364.2],[-74.883580013,42.765247487,364.2],[-74.88357735,42.765283293,364.2],[-74.883577513,42.765324366,364.2],[-74.883577116,42.765371244,364.2],[-74.883574695,42.765416299,364.2],[-74.883571269,42.765444327,364.2],[-74.883565838,42.765466953,364.2],[-74.883556417,42.765511999,364.2],[-74.883545735,42.765577348,364.2],[-74.883538638,42.765649098,364.2],[-74.883539538,42.765724487,364.2],[-74.883548025,42.765801594,364.2],[-74.883550649,42.765871876,364.2],[-74.883540246,42.765933459,364.2],[-74.883534968,42.766000762,364.2],[-74.883525614,42.766066819,364.2],[-74.883517574,42.766134821,364.2],[-74.88350162,42.766204759,364.2],[-74.883467157,42.766299938,364.2],[-74.883435364,42.766377632,364.2],[-74.883396944,42.766472805,364.2],[-74.883367096,42.766560418,364.2],[-74.883358921,42.76662942,364.2],[-74.883353273,42.7666834,364.2],[-74.883324411,42.766762573,364.2],[-74.883290804,42.766841022,364.2],[-74.8832693,42.766940877,364.2],[-74.883258735,42.767018837,364.2],[-74.883239333,42.767073142,364.2],[-74.883216467,42.767119821,364.2],[-74.883191849,42.767166848,364.2],[-74.883165396,42.767217597,364.2],[-74.883137592,42.767272064,364.2],[-74.883108818,42.767331192,364.2],[-74.883078774,42.767400949,364.2],[-74.883048538,42.76747954,364.2],[-74.883021633,42.767550865,364.2],[-74.882998679,42.767609784,364.2],[-74.882977181,42.767664171,364.2],[-74.882959007,42.767714874,364.2],[-74.882948473,42.767758299,364.2],[-74.882944275,42.767798294,364.2],[-74.882943073,42.767840175,364.2],[-74.882943814,42.767880769,364.2],[-74.882946026,42.767916422,364.2],[-74.88294911,42.767948501,364.2],[-74.882954163,42.767978658,364.2],[-74.882965018,42.768007665,364.2],[-74.882981149,42.768037512,364.2],[-74.882997139,42.768071371,364.2],[-74.883008875,42.768109574,364.2],[-74.883013935,42.768150521,364.2],[-74.883014247,42.768193271,364.2],[-74.883013305,42.768236928,364.2],[-74.883013036,42.768279445,364.2],[-74.883014205,42.768319964,364.2],[-74.883015634,42.768361584,364.2],[-74.883016276,42.76840555,364.2],[-74.88301593,42.768449036,364.2],[-74.883016335,42.768491152,364.2],[-74.883020832,42.768533395,364.2],[-74.883027572,42.768575776,364.2],[-74.883031397,42.768617236,364.2],[-74.883029523,42.768656893,364.2],[-74.883020963,42.768694473,364.2],[-74.883007874,42.768731911,364.2],[-74.882993145,42.768770597,364.2],[-74.882979362,42.768808999,364.2],[-74.882966776,42.768847802,364.2],[-74.882952011,42.768891876,364.2],[-74.882934947,42.768940478,364.2],[-74.8829191,42.768986773,364.2],[-74.882905985,42.769027092,364.2],[-74.882895073,42.769060636,364.2],[-74.88288185,42.769090261,364.2],[-74.882861589,42.769119653,364.2],[-74.882835843,42.769149465,364.2],[-74.882807178,42.769179618,364.2],[-74.882776543,42.769210208,364.2],[-74.882747398,42.769239032,364.2],[-74.882727391,42.769260422,364.2],[-74.882716929,42.769275615,364.2],[-74.882708807,42.76929275,364.2],[-74.882699949,42.76931228,364.2],[-74.882690251,42.769330046,364.2],[-74.882679241,42.769347323,364.2],[-74.88266648,42.769366392,364.2],[-74.882652386,42.769383974,364.2],[-74.882635921,42.769397824,364.2],[-74.882611839,42.769411946,364.2],[-74.882580368,42.769427847,364.2],[-74.882551207,42.769441601,364.2],[-74.882526332,42.769452123,364.2],[-74.882499351,42.769461834,364.2],[-74.882469442,42.769474039,364.2],[-74.882439661,42.76949199,364.2],[-74.882416515,42.769511944,364.2],[-74.882411606,42.769532554,364.2],[-74.882408749,42.76954655,364.2],[-74.882388923,42.769556061,364.2],[-74.882375505,42.769566835,364.2],[-74.882368537,42.769587376,364.2],[-74.882368471,42.769603272,364.2],[-74.882373412,42.769615346,364.2],[-74.882380964,42.769625046,364.2],[-74.882391737,42.76963575,364.2],[-74.882408695,42.769652158,364.2],[-74.88242614,42.769672097,364.2],[-74.882434157,42.769689749,364.2],[-74.882433138,42.769705284,364.2],[-74.882427501,42.769721174,364.2],[-74.882420529,42.769739055,364.2],[-74.88241483,42.769758908,364.2],[-74.882412042,42.769777216,364.2],[-74.882412704,42.769792776,364.2],[-74.882415891,42.769808719,364.2],[-74.882421173,42.769825918,364.2],[-74.882428974,42.769842905,364.2],[-74.882441266,42.769860085,364.2],[-74.88244244,42.769861726,364.2],[-74.882466896,42.769887057,364.2],[-74.882510582,42.769925539,364.2],[-74.88257836,42.769980979,364.2],[-74.882656994,42.770042753,364.2],[-74.882731004,42.770099134,364.2],[-74.88279056,42.770144514,364.2],[-74.882832278,42.770177087,364.2],[-74.882861341,42.770199515,364.2],[-74.882882022,42.770215719,364.2],[-74.882896849,42.770230187,364.2],[-74.882907115,42.770244125,364.2],[-74.882913445,42.770256862,364.2],[-74.882916926,42.770269265,364.2],[-74.882918425,42.770282616,364.2],[-74.882917164,42.770297362,364.2],[-74.882912109,42.770314159,364.2],[-74.882902573,42.770334682,364.2],[-74.882888691,42.770361197,364.2],[-74.882871817,42.770396372,364.2],[-74.882854871,42.770436774,364.2],[-74.882841825,42.77047394,364.2],[-74.88283248,42.770510298,364.2],[-74.882824148,42.770554017,364.2],[-74.882815292,42.770605191,364.2],[-74.882805253,42.770659852,364.2],[-74.882794946,42.770710886,364.2],[-74.882785148,42.770754148,364.2],[-74.882775399,42.770794248,364.2],[-74.882765881,42.77083128,364.2],[-74.882757851,42.770857162,364.2],[-74.882749197,42.77087425,364.2],[-74.882734821,42.77089465,364.2],[-74.882713496,42.770919532,364.2],[-74.882686305,42.770943789,364.2],[-74.882653253,42.770967204,364.2],[-74.882614246,42.77099104,364.2],[-74.882570464,42.77101478,364.2],[-74.882518959,42.771038771,364.2],[-74.882446686,42.77106631,364.2],[-74.882353622,42.771098728,364.2],[-74.882260739,42.771133768,364.2],[-74.88218128,42.77116794,364.2],[-74.882118914,42.771197348,364.2],[-74.882070942,42.771223302,364.2],[-74.882031358,42.771249841,364.2],[-74.881996465,42.771277982,364.2],[-74.881964462,42.771307682,364.2],[-74.881937257,42.771339314,364.2],[-74.881916454,42.771372787,364.2],[-74.88190096,42.771406739,364.2],[-74.881890537,42.771441452,364.2],[-74.881886724,42.77147978,364.2],[-74.881890684,42.771522841,364.2],[-74.881902735,42.77156949,364.2],[-74.88191955,42.771613978,364.2],[-74.881936008,42.771649459,364.2],[-74.881949437,42.771679178,364.2],[-74.881958457,42.771708417,364.2],[-74.88196299,42.771735739,364.2],[-74.881963793,42.771759732,364.2],[-74.881962836,42.771782536,364.2],[-74.881962348,42.771804336,364.2],[-74.881964679,42.771821996,364.2],[-74.881972069,42.771836579,364.2],[-74.881986034,42.771852748,364.2],[-74.882001538,42.771869557,364.2],[-74.88201111,42.771883623,364.2],[-74.882016117,42.771897574,364.2],[-74.882019933,42.771914891,364.2],[-74.882021098,42.771933909,364.2],[-74.882017896,42.771952272,364.2],[-74.882010515,42.771968752,364.2],[-74.882000154,42.771983382,364.2],[-74.881989074,42.771997726,364.2],[-74.881979407,42.772012447,364.2],[-74.881972891,42.77202741,364.2],[-74.881969234,42.772043937,364.2],[-74.881967297,42.77206424,364.2],[-74.881968015,42.772090653,364.2],[-74.881971971,42.772123396,364.2],[-74.88197571,42.772154985,364.2],[-74.881976531,42.772180154,364.2],[-74.881975379,42.772202388,364.2],[-74.881971237,42.772226278,364.2],[-74.881960045,42.772256168,364.2],[-74.881945293,42.772293307,364.2],[-74.881936658,42.77233594,364.2],[-74.881934989,42.772380098,364.2],[-74.88193616,42.772421071,364.2],[-74.881937714,42.772457018,364.2],[-74.881937749,42.772488064,364.2],[-74.881934079,42.772517575,364.2],[-74.881925595,42.772546963,364.2],[-74.881913667,42.772571893,364.2],[-74.881898878,42.772591914,364.2],[-74.88188005,42.772612953,364.2],[-74.881851998,42.772640136,364.2],[-74.881807687,42.772676451,364.2],[-74.881756228,42.772715004,364.2],[-74.881713372,42.772745411,364.2],[-74.881679367,42.772769721,364.2],[-74.881649607,42.772793395,364.2],[-74.881622127,42.772818115,364.2],[-74.881597231,42.772843133,364.2],[-74.881578769,42.772864343,364.2],[-74.881567615,42.772881432,364.2],[-74.881559964,42.772899697,364.2],[-74.881552493,42.772921167,364.2],[-74.881542879,42.772944512,364.2],[-74.881531443,42.772967351,364.2],[-74.881519577,42.772987404,364.2],[-74.881506302,42.773005996,364.2],[-74.881491054,42.773024571,364.2],[-74.881477608,42.773040611,364.2],[-74.881468333,42.773053078,364.2],[-74.881460684,42.773065864,364.2],[-74.881453215,42.77308132,364.2],[-74.881446772,42.773098925,364.2],[-74.881441272,42.773118995,364.2],[-74.88143566,42.773142505,364.2],[-74.881428723,42.773168004,364.2],[-74.881419385,42.773193142,364.2],[-74.881407677,42.773218242,364.2],[-74.881393985,42.773244134,364.2],[-74.88137855,42.773270183,364.2],[-74.881360757,42.773295676,364.2],[-74.88133825,42.773320445,364.2],[-74.881308547,42.773346438,364.2],[-74.881269745,42.773377837,364.2],[-74.881228338,42.773409768,364.2],[-74.881196519,42.773430986,364.2],[-74.881172253,42.773444969,364.2],[-74.881147383,42.773461444,364.2],[-74.881123952,42.773479054,364.2],[-74.881106091,42.773494007,364.2],[-74.881093096,42.77350721,364.2],[-74.881083702,42.773520414,364.2],[-74.881077565,42.773535034,364.2],[-74.88107402,42.773550689,364.2],[-74.881071758,42.773564834,364.2],[-74.881068202,42.773577123,364.2],[-74.881060143,42.773589055,364.2],[-74.881048091,42.773600571,364.2],[-74.881034329,42.773610851,364.2],[-74.88101968,42.773619684,364.2],[-74.881004917,42.773627165,364.2],[-74.880992287,42.773633705,364.2],[-74.880981774,42.773639902,364.2],[-74.880968218,42.773646602,364.2],[-74.880949516,42.773655289,364.2],[-74.880928402,42.77366799,364.2],[-74.88090832,42.773682714,364.2],[-74.880892579,42.773694629,364.2],[-74.880880185,42.773704108,364.2],[-74.880867884,42.773714323,364.2],[-74.880853895,42.773726908,364.2],[-74.88083825,42.773741602,364.2],[-74.88082109,42.773758033,364.2],[-74.880802556,42.773775826,364.2],[-74.880782787,42.773794608,364.2],[-74.880761927,42.773814003,364.2],[-74.880740112,42.773833642,364.2],[-74.880717486,42.773853146,364.2],[-74.8806931,42.773872743,364.2],[-74.880656222,42.773898047,364.2],[-74.880594969,42.773935671,364.2],[-74.880518808,42.773982427,364.2],[-74.880439744,42.774033346,364.2],[-74.880355389,42.774088079,364.2],[-74.88027099,42.774141742,364.2],[-74.880212094,42.774178966,364.2],[-74.880184612,42.774196533,364.2],[-74.880167218,42.774207767,364.2],[-74.88014937,42.774219245,364.2],[-74.880130802,42.774231123,364.2],[-74.880111552,42.77424337,364.2],[-74.880091659,42.774255957,364.2],[-74.880079716,42.77426347,364.2],[-74.880080818,42.774272496,364.2],[-74.880069644,42.774281062,364.2],[-74.88006898,42.774290235,364.2],[-74.880065887,42.774300476,364.2],[-74.880066353,42.774310842,364.2],[-74.880076207,42.774315855,364.2],[-74.880077802,42.774327414,364.2],[-74.88007488,42.774333248,364.2],[-74.880075993,42.77434278,364.2],[-74.880078886,42.774352314,364.2],[-74.880072238,42.774361123,364.2],[-74.880064792,42.774365166,364.2],[-74.88005573,42.774368611,364.2],[-74.88004666,42.774375512,364.2],[-74.880039213,42.774379912,364.2],[-74.880031774,42.774379309,364.2],[-74.880023846,42.774381801,364.2],[-74.880003774,42.774391549,364.2],[-74.879989213,42.774395347,364.2],[-74.87997804,42.77440296,364.2],[-74.879976739,42.774406651,364.2],[-74.879981334,42.774415121,364.2],[-74.879981244,42.774418332,364.2],[-74.879967819,42.774419986,364.2],[-74.879959695,42.77441869,364.2],[-74.879945122,42.774428683,364.2],[-74.879935393,42.774442253,364.2],[-74.879918412,42.774442593,364.2],[-74.879893159,42.774456148,364.2],[-74.879879549,42.774469,364.2],[-74.879848553,42.774441804,364.2],[-74.879819955,42.774428551,364.2],[-74.879796643,42.77444175,364.2],[-74.879780614,42.774451384,364.2],[-74.879775255,42.774463529,364.2],[-74.879783465,42.77448248,364.2],[-74.879759644,42.774507832,364.2],[-74.879729543,42.774519237,364.2],[-74.879714468,42.774537448,364.2],[-74.879683404,42.774545636,364.2],[-74.879681433,42.774561002,364.2],[-74.879617291,42.774614188,364.2],[-74.879583773,42.774635954,364.2],[-74.879566262,42.774659883,364.2],[-74.879520099,42.774698076,364.2],[-74.879473549,42.774685518,364.2],[-74.879459632,42.77468991,364.2],[-74.879430104,42.774715678,364.2],[-74.879438542,42.774725153,364.2],[-74.879450159,42.774739104,364.2],[-74.879453999,42.774759838,364.2],[-74.879448158,42.774770196,364.2],[-74.8794656,42.774782009,364.2],[-74.879474802,42.774790239,364.2],[-74.879445628,42.774824162,364.2],[-74.879422332,42.774828425,364.2],[-74.879377698,42.774828378,364.2],[-74.879366994,42.77484445,364.2],[-74.879341237,42.774867297,364.2],[-74.8793257,42.774873357,364.2],[-74.879316447,42.774891933,364.2],[-74.879296541,42.774899774,364.2],[-74.879278062,42.774922271,364.2],[-74.879259622,42.774924039,364.2],[-74.879196355,42.77497092,364.2],[-74.87919255,42.774986514,364.2],[-74.879171668,42.774997214,364.2],[-74.879160666,42.775028597,364.2],[-74.879135938,42.775083562,364.2],[-74.879118624,42.775124432,364.2],[-74.879105558,42.775150434,364.2],[-74.879089244,42.775174847,364.2],[-74.879062285,42.77520431,364.2],[-74.87905978,42.775206549,364.2],[-74.879073392,42.775216044,364.2],[-74.879074153,42.77522405,364.2],[-74.879073621,42.775230912,364.2],[-74.87906947,42.775236817,364.2],[-74.879031296,42.775283284,364.2],[-74.879025641,42.775297288,364.2],[-74.879010681,42.775306422,364.2],[-74.879004834,42.775319425,364.2],[-74.878996475,42.775326708,364.2],[-74.878989268,42.775340424,364.2],[-74.878985178,42.775348425,364.2],[-74.878985737,42.775360149,364.2],[-74.878981653,42.775364576,364.2],[-74.878982215,42.775374585,364.2],[-74.878984514,42.77539017,364.2],[-74.878987796,42.775398608,364.2],[-74.878995735,42.775407909,364.2],[-74.878993968,42.7754182,364.2],[-74.878993555,42.775431352,364.2],[-74.878991208,42.775440785,364.2],[-74.878982259,42.775451784,364.2],[-74.878977581,42.775462501,364.2],[-74.878970195,42.775468212,364.2],[-74.878969407,42.775474787,364.2],[-74.878966291,42.775480216,364.2],[-74.878958122,42.7754895,364.2],[-74.878942772,42.775499348,364.2],[-74.878932678,42.775501482,364.2],[-74.878926064,42.775509052,364.2],[-74.878914991,42.775515188,364.2],[-74.878898683,42.77551903,364.2],[-74.878888768,42.775527597,364.2],[-74.878886225,42.775537888,364.2],[-74.878870482,42.775550595,364.2],[-74.878864064,42.775557593,364.2],[-74.878865507,42.775571872,364.2],[-74.878879339,42.775586488,364.2],[-74.878877422,42.775596277,364.2],[-74.878879994,42.775604483,364.2],[-74.878881262,42.77561377,364.2],[-74.87888163,42.775619341,364.2],[-74.878881163,42.775622393,364.2],[-74.878880331,42.775626642,364.2],[-74.878879005,42.775630102,364.2],[-74.878876804,42.775633926,364.2],[-74.878868757,42.775643754,364.2],[-74.878861468,42.775651572,364.2],[-74.878828084,42.775679995,364.2],[-74.878781908,42.775718123,364.2],[-74.878742823,42.775754462,364.2],[-74.87871542,42.775786228,364.2],[-74.878692578,42.775817511,364.2],[-74.878672705,42.775850141,364.2],[-74.878656863,42.775883984,364.2],[-74.878645145,42.775915127,364.2],[-74.878637678,42.775941132,364.2],[-74.878635547,42.775967189,364.2],[-74.878638891,42.77599594,364.2],[-74.878645756,42.776022913,364.2],[-74.878652637,42.776046752,364.2],[-74.878654593,42.776071023,364.2],[-74.878648324,42.776104776,364.2],[-74.878632493,42.776158772,364.2],[-74.878611025,42.776225826,364.2],[-74.878589944,42.776290801,364.2],[-74.878573294,42.776342067,364.2],[-74.878562817,42.776373303,364.2],[-74.878555325,42.776390487,364.2],[-74.878547741,42.776400497,364.2],[-74.878538864,42.776407797,364.2],[-74.878529774,42.776415134,364.2],[-74.878523791,42.776423473,364.2],[-74.878521687,42.776432568,364.2],[-74.878522442,42.776441455,364.2],[-74.878526728,42.776450141,364.2],[-74.878535553,42.776459005,364.2],[-74.878547659,42.776468013,364.2],[-74.878561165,42.776477259,364.2],[-74.878574327,42.776487549,364.2],[-74.878585066,42.776499084,364.2],[-74.878590711,42.776510775,364.2],[-74.878589963,42.776522821,364.2],[-74.878583062,42.776537291,364.2],[-74.878569042,42.776560061,364.2],[-74.878546949,42.776597509,364.2],[-74.878523337,42.776638618,364.2],[-74.878506227,42.776668691,364.2],[-74.878494085,42.776693838,364.2],[-74.878484599,42.776723349,364.2],[-74.878481044,42.776758468,364.2],[-74.878484915,42.776798336,364.2],[-74.878492955,42.776840949,364.2],[-74.878504397,42.776886666,364.2],[-74.878521508,42.7769382,364.2],[-74.878542147,42.776992158,364.2],[-74.878561445,42.777041448,364.2],[-74.878579144,42.777085512,364.2],[-74.878596628,42.777125734,364.2],[-74.878612882,42.777158374,364.2],[-74.878627406,42.777181195,364.2],[-74.878643015,42.777200186,364.2],[-74.878660899,42.777221458,364.2],[-74.878678469,42.777248653,364.2],[-74.878693784,42.777279258,364.2],[-74.878706335,42.777304964,364.2],[-74.878719505,42.777328209,364.2],[-74.878738404,42.777357732,364.2],[-74.878760484,42.777389838,364.2],[-74.87878059,42.777416598,364.2],[-74.878797671,42.777436882,364.2],[-74.878812111,42.77745223,364.2],[-74.878825041,42.777466218,364.2],[-74.878836206,42.777480583,364.2],[-74.878839089,42.777485488,364.2],[-74.878842846,42.777493383,364.2],[-74.878843764,42.777496909,364.2],[-74.878844294,42.77750037,364.2],[-74.878844386,42.77750404,364.2],[-74.878843948,42.777508234,364.2],[-74.878843408,42.7775113,364.2],[-74.878842714,42.777513735,364.2],[-74.878842123,42.77751485,364.2],[-74.878841295,42.777516246,364.2],[-74.878839932,42.777518097,364.2],[-74.878837969,42.777520509,364.2],[-74.87883688,42.777521813,364.2],[-74.878835945,42.777522557,364.2],[-74.878834708,42.777523299,364.2],[-74.878831324,42.777524934,364.2],[-74.878828438,42.777525873,364.2],[-74.878824615,42.777526574,364.2],[-74.878809474,42.777528738,364.2],[-74.878796354,42.777530212,364.2],[-74.878784387,42.777533325,364.2],[-74.878777991,42.77753631,364.2],[-74.878772762,42.777539191,364.2],[-74.8787685,42.77754225,364.2],[-74.878765107,42.777545358,364.2],[-74.878764608,42.777546315,364.2],[-74.878764235,42.77754727,364.2],[-74.878763904,42.777548287,364.2],[-74.878763757,42.777549243,364.2],[-74.878763698,42.777550702,364.2],[-74.87876402,42.777551779,364.2],[-74.87876554,42.777554544,364.2],[-74.878767259,42.777557297,364.2],[-74.878774029,42.777566009,364.2],[-74.878782275,42.777576062,364.2],[-74.878792713,42.77758673,364.2],[-74.878807473,42.777597723,364.2],[-74.878826557,42.777611245,364.2],[-74.878848963,42.777630038,364.2],[-74.878873554,42.77765438,364.2],[-74.878899122,42.777683374,364.2],[-74.878924431,42.777714832,364.2],[-74.878950332,42.777749288,364.2],[-74.878980929,42.777791829,364.2],[-74.879013748,42.777838222,364.2],[-74.879039627,42.777874864,364.2],[-74.879058383,42.777902077,364.2],[-74.879075609,42.777929249,364.2],[-74.879092088,42.777959367,364.2],[-74.879106733,42.777992041,364.2],[-74.879119741,42.778024827,364.2],[-74.879131492,42.778055898,364.2],[-74.879141946,42.77808649,364.2],[-74.879151224,42.778118114,364.2],[-74.879159803,42.778151837,364.2],[-74.879167597,42.778186854,364.2],[-74.879173945,42.778220543,364.2],[-74.879178817,42.77825174,364.2],[-74.879182545,42.778280284,364.2],[-74.879184861,42.778305579,364.2],[-74.879185265,42.778327061,364.2],[-74.879183394,42.77834511,364.2],[-74.879178013,42.77836095,364.2],[-74.879165552,42.778377321,364.2],[-74.879143754,42.778396389,364.2],[-74.879113279,42.778418852,364.2],[-74.879079058,42.778442007,364.2],[-74.879049441,42.778460149,364.2],[-74.879023266,42.778472852,364.2],[-74.878993862,42.778483113,364.2],[-74.878961668,42.778492293,364.2],[-74.878930055,42.778501068,364.2],[-74.878901755,42.778510268,364.2],[-74.878877137,42.778520742,364.2],[-74.878851019,42.778533279,364.2],[-74.878820278,42.778548551,364.2],[-74.878786349,42.778567152,364.2],[-74.878746844,42.77859219,364.2],[-74.878695569,42.778628764,364.2],[-74.878633143,42.778674653,364.2],[-74.878566296,42.778722071,364.2],[-74.878511767,42.778758867,364.2],[-74.878483382,42.778775792,364.2],[-74.878465814,42.778782911,364.2],[-74.878443232,42.778791112,364.2],[-74.87841739,42.77880085,364.2],[-74.878391281,42.778812145,364.2],[-74.878365544,42.778826833,364.2],[-74.878340818,42.778845717,364.2],[-74.87831788,42.77886813,364.2],[-74.878296594,42.778890377,364.2],[-74.878276234,42.778907655,364.2],[-74.878256046,42.778920888,364.2],[-74.878234571,42.778933494,364.2],[-74.878207486,42.778949379,364.2],[-74.878169049,42.7789732,364.2],[-74.878111928,42.779011075,364.2],[-74.878036585,42.779062921,364.2],[-74.877956175,42.779118521,364.2],[-74.877749906,42.77925841,364.2],[-74.877722847,42.779282873,364.2],[-74.87770481,42.779299467,364.2],[-74.877688932,42.779312993,364.2],[-74.877674757,42.779323539,364.2],[-74.877661833,42.779331785,364.2],[-74.877649871,42.779337905,364.2],[-74.877637592,42.779341911,364.2],[-74.877623233,42.779345557,364.2],[-74.877604799,42.779352497,364.2],[-74.877580527,42.779364368,364.2],[-74.877549015,42.77938026,364.2],[-74.877504838,42.779403952,364.2],[-74.877457225,42.779432553,364.2],[-74.877417187,42.779459803,364.2],[-74.87738182,42.779486408,364.2],[-74.877344442,42.779519376,364.2],[-74.877305998,42.779558533,364.2],[-74.877271224,42.779596795,364.2],[-74.877238613,42.779621134,364.2],[-74.877200679,42.779634632,364.2],[-74.877154987,42.779644696,364.2],[-74.877103239,42.779661334,364.2],[-74.877033853,42.779694947,364.2],[-74.876937384,42.779746899,364.2],[-74.876812877,42.77980911,364.2],[-74.876679283,42.779871736,364.2],[-74.876543912,42.779935032,364.2],[-74.876411983,42.77999901,364.2],[-74.876287012,42.780058059,364.2],[-74.876161084,42.78011681,364.2],[-74.87603568,42.780176313,364.2],[-74.875925133,42.780229062,364.2],[-74.875895273,42.780244798,364.2],[-74.875826642,42.780273316,364.2],[-74.875816505,42.78029637,364.2],[-74.875813636,42.780307613,364.2],[-74.875826292,42.780319064,364.2],[-74.875815705,42.780335263,364.2],[-74.875755172,42.780364845,364.2],[-74.875742103,42.780364339,364.2],[-74.875693924,42.780388114,364.2],[-74.875677352,42.780393623,364.2],[-74.875665965,42.780394373,364.2],[-74.875634449,42.780383498,364.2],[-74.875589075,42.780400287,364.2],[-74.875512731,42.780445936,364.2],[-74.875420621,42.780495819,364.2],[-74.8753053,42.780548393,364.2],[-74.875168537,42.780604594,364.2],[-74.875055753,42.78065321,364.2],[-74.87498695,42.780689515,364.2],[-74.874956131,42.780714263,364.2],[-74.874940646,42.780730585,364.2],[-74.874924181,42.780741516,364.2],[-74.874906717,42.780747267,364.2],[-74.874891199,42.780747693,364.2],[-74.874871875,42.780745682,364.2],[-74.874848062,42.780744863,364.2],[-74.874815045,42.780748358,364.2],[-74.874767117,42.780755896,364.2],[-74.874707673,42.780770795,364.2],[-74.874629448,42.780797527,364.2],[-74.874535104,42.780831828,364.2],[-74.874448324,42.780866551,364.2],[-74.874363986,42.780907425,364.2],[-74.874270022,42.780958751,364.2],[-74.874175394,42.781015239,364.2],[-74.87409391,42.781067968,364.2],[-74.874033119,42.781107192,364.2],[-74.8739851,42.781132807,364.2],[-74.873906287,42.781170029,364.2],[-74.873797255,42.781223391,364.2],[-74.873680267,42.781283279,364.2],[-74.873575709,42.781338093,364.2],[-74.873472198,42.781387961,364.2],[-74.87337631,42.78142949,364.2],[-74.873307795,42.781457237,364.2],[-74.873237599,42.781484577,364.2],[-74.873153546,42.781514017,364.2],[-74.873062721,42.781539652,364.2],[-74.872978074,42.78155864,364.2],[-74.872893949,42.781572996,364.2],[-74.872802588,42.78158322,364.2],[-74.872705918,42.781587642,364.2],[-74.872605273,42.781585543,364.2],[-74.872515553,42.781580758,364.2],[-74.872438984,42.781577383,364.2],[-74.872355374,42.781573951,364.2],[-74.872262565,42.781570174,364.2],[-74.872171556,42.781567491,364.2],[-74.872085507,42.781567646,364.2],[-74.871995334,42.781571701,364.2],[-74.871906619,42.781576496,364.2],[-74.871828167,42.781580817,364.2],[-74.871753178,42.781588995,364.2],[-74.871673004,42.781600321,364.2],[-74.871591493,42.781612936,364.2],[-74.871519579,42.781626549,364.2],[-74.871444254,42.781642928,364.2],[-74.871358034,42.781662967,364.2],[-74.871259329,42.781688019,364.2],[-74.871151985,42.781719183,364.2],[-74.871053594,42.781753268,364.2],[-74.870975641,42.781790341,364.2],[-74.870905019,42.781833857,364.2],[-74.870845313,42.781877737,364.2],[-74.870794245,42.781922745,364.2],[-74.870737017,42.781977595,364.2],[-74.870665537,42.782045416,364.2],[-74.870605624,42.78210587,364.2],[-74.87057258,42.782149107,364.2],[-74.870552705,42.782186763,364.2],[-74.870540045,42.782215946,364.2],[-74.870531348,42.7822359,364.2],[-74.870524494,42.782250325,364.2],[-74.87051774,42.782262065,364.2],[-74.870509688,42.782271867,364.2],[-74.870498643,42.782279752,364.2],[-74.8704823,42.782286961,364.2],[-74.870462157,42.782292934,364.2],[-74.870438403,42.782296676,364.2],[-74.870410663,42.782297363,364.2],[-74.870380698,42.782295183,364.2],[-74.870343036,42.782291391,364.2],[-74.870298369,42.782288824,364.2],[-74.870263236,42.782289488,364.2],[-74.870240079,42.782293458,364.2],[-74.870222187,42.78230085,364.2],[-74.870202481,42.782310715,364.2],[-74.870182115,42.782320301,364.2],[-74.870163956,42.78232672,364.2],[-74.870148729,42.782329816,364.2],[-74.870135611,42.782330336,364.2],[-74.870122303,42.782327242,364.2],[-74.870107119,42.782320422,364.2],[-74.870089035,42.782310446,364.2],[-74.870066246,42.782298873,364.2],[-74.870041897,42.782287971,364.2],[-74.870019656,42.782279421,364.2],[-74.869999999,42.782274171,364.2],[-74.86997989,42.782270918,364.2],[-74.869954903,42.782269444,364.2],[-74.869923309,42.782270894,364.2],[-74.869896003,42.782275132,364.2],[-74.869872612,42.78228217,364.2],[-74.869846949,42.782291755,364.2],[-74.869821683,42.782302663,364.2],[-74.869787365,42.782314514,364.2],[-74.8697366,42.782327646,364.2],[-74.869676548,42.782343377,364.2],[-74.869601871,42.782365003,364.2],[-74.869515699,42.782390191,364.2],[-74.869438419,42.782411292,364.2],[-74.869391231,42.782423543,364.2],[-74.869359157,42.782429386,364.2],[-74.86932015,42.782434193,364.2],[-74.86927703,42.782439357,364.2],[-74.869233235,42.782446624,364.2],[-74.86918852,42.782456224,364.2],[-74.869140084,42.782468166,364.2],[-74.869085973,42.782483203,364.2],[-74.86903082,42.782499161,364.2],[-74.868978997,42.782515455,364.2],[-74.868929803,42.782535735,364.2],[-74.868876397,42.782562668,364.2],[-74.868821738,42.782595546,364.2],[-74.868775931,42.782629772,364.2],[-74.86873478,42.782661637,364.2],[-74.868694236,42.782689404,364.2],[-74.868652475,42.78271445,364.2],[-74.868609841,42.782741405,364.2],[-74.868565362,42.782772466,364.2],[-74.868518684,42.782806049,364.2],[-74.868470211,42.78283955,364.2],[-74.868417846,42.78287626,364.2],[-74.868363528,42.782922601,364.2],[-74.868311722,42.782978144,364.2],[-74.868265463,42.78303541,364.2],[-74.868228315,42.78308561,364.2],[-74.868197115,42.783133942,364.2],[-74.868166513,42.783192982,364.2],[-74.868136286,42.783261562,364.2],[-74.868108678,42.78332834,364.2],[-74.868085128,42.783390088,364.2],[-74.868065157,42.783457933,364.2],[-74.868049853,42.783528728,364.2],[-74.868037764,42.783597011,364.2],[-74.868023737,42.783665439,364.2],[-74.868009633,42.783741314,364.2],[-74.867999318,42.783810734,364.2],[-74.867993587,42.783857673,364.2],[-74.867986286,42.783903627,364.2],[-74.867973293,42.783961015,364.2],[-74.86795731,42.784027632,364.2],[-74.867946284,42.784090486,364.2],[-74.867942828,42.784141747,364.2],[-74.867945262,42.784188986,364.2],[-74.867950057,42.784242289,364.2],[-74.867956023,42.784296178,364.2],[-74.867959912,42.784354526,364.2],[-74.867961168,42.784413717,364.2],[-74.867961402,42.784457372,364.2],[-74.867955717,42.784488302,364.2],[-74.867942156,42.78451613,364.2],[-74.867924195,42.784545753,364.2],[-74.867910964,42.78458163,364.2],[-74.867904805,42.78462044,364.2],[-74.867904577,42.784656978,364.2],[-74.867908713,42.784690626,364.2],[-74.867915535,42.784731588,364.2],[-74.867921378,42.784784907,364.2],[-74.86792213,42.784848361,364.2],[-74.867921424,42.784919213,364.2],[-74.867923483,42.784984339,364.2],[-74.867930508,42.785034095,364.2],[-74.867939602,42.785080497,364.2],[-74.867945412,42.785129085,364.2],[-74.86794898,42.785173775,364.2],[-74.867955877,42.78520765,364.2],[-74.86796402,42.785237784,364.2],[-74.867973669,42.785274787,364.2],[-74.867985269,42.785325652,364.2],[-74.867995118,42.785393586,364.2],[-74.868000572,42.785458735,364.2],[-74.868001178,42.785465498,364.2],[-74.868005374,42.785512349,364.2],[-74.868015782,42.785567218,364.2],[-74.868031808,42.785635589,364.2],[-74.868051057,42.785697943,364.2],[-74.868073462,42.785734562,364.2],[-74.868098834,42.785760411,364.2],[-74.868119677,42.785786026,364.2],[-74.868128254,42.785813067,364.2],[-74.86812182,42.785842265,364.2],[-74.868104838,42.78587428,364.2],[-74.868087663,42.785906028,364.2],[-74.868080978,42.785932562,364.2],[-74.868082202,42.785954672,364.2],[-74.868094048,42.785976352,364.2],[-74.868115789,42.786000284,364.2],[-74.868139593,42.786026207,364.2],[-74.868163394,42.786058808,364.2],[-74.868182077,42.786096834,364.2],[-74.868188582,42.7861352,364.2],[-74.868177839,42.786173451,364.2],[-74.86816259,42.786202477,364.2],[-74.86815571,42.786225513,364.2],[-74.868158169,42.78625918,364.2],[-74.868165314,42.786297027,364.2],[-74.868169788,42.786329537,364.2],[-74.868166269,42.78635496,364.2],[-74.86815575,42.78637677,364.2],[-74.868138899,42.786400773,364.2],[-74.868113609,42.786429387,364.2],[-74.868079458,42.786461143,364.2],[-74.868040847,42.786499288,364.2],[-74.868006508,42.786544162,364.2],[-74.867984808,42.786589937,364.2],[-74.867971254,42.786633027,364.2],[-74.867964481,42.786677073,364.2],[-74.867963199,42.786721402,364.2],[-74.867963134,42.786723682,364.2],[-74.867965077,42.786766421,364.2],[-74.867978134,42.786805286,364.2],[-74.868001182,42.786839338,364.2],[-74.868027065,42.78686626,364.2],[-74.868066008,42.786887639,364.2],[-74.868114368,42.786902778,364.2],[-74.868119637,42.786903592,364.2],[-74.868167059,42.786910913,364.2],[-74.868233943,42.786912186,364.2],[-74.868300954,42.786904397,364.2],[-74.868352738,42.786892222,364.2],[-74.868389495,42.786883058,364.2],[-74.868429567,42.786873385,364.2],[-74.868473378,42.786862216,364.2],[-74.868511053,42.786853862,364.2],[-74.868541802,42.786853163,364.2],[-74.8685661,42.786858536,364.2],[-74.868580919,42.786867125,364.2],[-74.86858379,42.786877795,364.2],[-74.868577853,42.786893692,364.2],[-74.868562402,42.786914324,364.2],[-74.868539152,42.786936771,364.2],[-74.868517431,42.78696169,364.2],[-74.868504756,42.786986226,364.2],[-74.868500574,42.787008747,364.2],[-74.868499088,42.787031255,364.2],[-74.86850396,42.787052044,364.2],[-74.868515234,42.787071958,364.2],[-74.868529047,42.787092776,364.2],[-74.868544977,42.787112159,364.2],[-74.868557103,42.787128676,364.2],[-74.86856242,42.787142595,364.2],[-74.868563461,42.787154043,364.2],[-74.868562062,42.787163511,364.2],[-74.868559329,42.787171664,364.2],[-74.868555767,42.787178828,364.2],[-74.868551371,42.787185321,364.2],[-74.868546056,42.787191451,364.2],[-74.86853955,42.787197454,364.2],[-74.868531658,42.78720361,364.2],[-74.868521715,42.787210075,364.2],[-74.868501104,42.787216155,364.2],[-74.868462623,42.787220247,364.2],[-74.868417268,42.787221445,364.2],[-74.868371788,42.787221361,364.2],[-74.868324891,42.787224725,364.2],[-74.868274114,42.787235348,364.2],[-74.868233622,42.787253495,364.2],[-74.868210333,42.787280748,364.2],[-74.868194413,42.787319814,364.2],[-74.86817738,42.787370335,364.2],[-74.868160777,42.787422678,364.2],[-74.868149984,42.787474049,364.2],[-74.868144419,42.787536186,364.2],[-74.868132489,42.787607879,364.2],[-74.868117725,42.787678109,364.2],[-74.868119282,42.787736887,364.2],[-74.868141438,42.787786565,364.2],[-74.868173969,42.787827746,364.2],[-74.868211532,42.78785783,364.2],[-74.86825792,42.787880913,364.2],[-74.868299953,42.787903558,364.2],[-74.868320424,42.787931941,364.2],[-74.868302982,42.787951877,364.2],[-74.868265373,42.787963155,364.2],[-74.868221245,42.787967283,364.2],[-74.868177708,42.78797832,364.2],[-74.868125398,42.788001161,364.2],[-74.868050555,42.78803575,364.2],[-74.867966645,42.788079742,364.2],[-74.867904858,42.788130519,364.2],[-74.867869904,42.788181967,364.2],[-74.867858561,42.78821552,364.2],[-74.867852514,42.788233408,364.2],[-74.86784633,42.788291113,364.2],[-74.867852275,42.788361675,364.2],[-74.86786601,42.788432405,364.2],[-74.867884253,42.788490047,364.2],[-74.867911106,42.788531729,364.2],[-74.867951014,42.788565943,364.2],[-74.86798979,42.788596142,364.2],[-74.868006772,42.788621133,364.2],[-74.868005392,42.788645568,364.2],[-74.867987343,42.788667882,364.2],[-74.867954768,42.788685088,364.2],[-74.867922429,42.788699439,364.2],[-74.867898745,42.788712648,364.2],[-74.867884902,42.788728277,364.2],[-74.867878579,42.788749872,364.2],[-74.867882764,42.788774724,364.2],[-74.867896164,42.788794516,364.2],[-74.867913205,42.788806621,364.2],[-74.867931222,42.788819198,364.2],[-74.867946712,42.788834627,364.2],[-74.867956702,42.78884993,364.2],[-74.867961312,42.788862703,364.2],[-74.86796357,42.78887483,364.2],[-74.867967815,42.788886808,364.2],[-74.867976174,42.788899236,364.2],[-74.86798913,42.788914866,364.2],[-74.868005553,42.788930344,364.2],[-74.868021532,42.788943051,364.2],[-74.868031793,42.788954329,364.2],[-74.868035567,42.788967489,364.2],[-74.86802625,42.788979972,364.2],[-74.867996491,42.788986667,364.2],[-74.867984773,42.788991633,364.2],[-74.867974078,42.788996841,364.2],[-74.867962718,42.789002647,364.2],[-74.867950438,42.789009356,364.2],[-74.867937061,42.789017189,364.2],[-74.867922242,42.78902655,364.2],[-74.867906419,42.789037122,364.2],[-74.867890503,42.789048162,364.2],[-74.867875487,42.789059018,364.2],[-74.867862273,42.789070129,364.2],[-74.86785205,42.789083934,364.2],[-74.867848432,42.789105989,364.2],[-74.867853212,42.789135736,364.2],[-74.867866648,42.789170871,364.2],[-74.867893419,42.789220502,364.2],[-74.867944114,42.789307394,364.2],[-74.868008919,42.789416389,364.2],[-74.86806047,42.789496987,364.2],[-74.868111949,42.789568344,364.2],[-74.868174316,42.789655077,364.2],[-74.86824249,42.789754466,364.2],[-74.868304,42.789838079,364.2],[-74.868354683,42.789904511,364.2],[-74.868406404,42.789976769,364.2],[-74.868476699,42.790074269,364.2],[-74.868549071,42.790172601,364.2],[-74.868611648,42.790254503,364.2],[-74.868670862,42.790327627,364.2],[-74.86873417,42.790400506,364.2],[-74.868813741,42.790484551,364.2],[-74.868910168,42.790582397,364.2],[-74.869010628,42.790684084,364.2],[-74.869112408,42.790781056,364.2],[-74.869220522,42.790875678,364.2],[-74.869337687,42.790974194,364.2],[-74.869457691,42.79107369,364.2],[-74.869577688,42.791174662,364.2],[-74.869690582,42.791271465,364.2],[-74.869773802,42.79134242,364.2],[-74.86982484,42.791386799,364.2],[-74.869858369,42.791415971,364.2],[-74.869889247,42.791439035,364.2],[-74.869912666,42.791455095,364.2],[-74.869929525,42.791464972,364.2],[-74.869944582,42.791471362,364.2],[-74.869957942,42.791475805,364.2],[-74.869972459,42.791477958,364.2],[-74.869987733,42.791477163,364.2],[-74.870000617,42.791474391,364.2],[-74.870015646,42.791470788,364.2],[-74.870032412,42.791466656,364.2],[-74.8700469,42.791462974,364.2],[-74.870060043,42.791462112,364.2],[-74.87007407,42.791465921,364.2],[-74.87009379,42.79147687,364.2],[-74.870125605,42.791498364,364.2],[-74.870177982,42.79153293,364.2],[-74.870249541,42.791579198,364.2],[-74.870329929,42.79163187,364.2],[-74.870399752,42.791679165,364.2],[-74.870450962,42.791718917,364.2],[-74.870484504,42.791750521,364.2],[-74.870502879,42.791768503,364.2],[-74.870517252,42.791778583,364.2],[-74.870532195,42.791785451,364.2],[-74.870546333,42.791789744,364.2],[-74.870558731,42.791791264,364.2],[-74.870569705,42.79179054,364.2],[-74.870582784,42.791787891,364.2],[-74.870602207,42.791783596,364.2],[-74.870625009,42.791778491,364.2],[-74.87064571,42.79177546,364.2],[-74.870664269,42.791777026,364.2],[-74.870689908,42.791782683,364.2],[-74.870730252,42.791794465,364.2],[-74.870780759,42.791812365,364.2],[-74.870834252,42.791833646,364.2],[-74.870898542,42.791856092,364.2],[-74.870959844,42.791874645,364.2],[-74.871000537,42.791885911,364.2],[-74.871039675,42.791893216,364.2],[-74.871081724,42.791898971,364.2],[-74.871120588,42.791903568,364.2],[-74.871157793,42.791908227,364.2],[-74.871187465,42.791911744,364.2],[-74.871210683,42.791912803,364.2],[-74.871235342,42.791911308,364.2],[-74.871259057,42.791909881,364.2],[-74.871280739,42.791910721,364.2],[-74.87130252,42.791915151,364.2],[-74.871326952,42.791921931,364.2],[-74.871355328,42.791929983,364.2],[-74.871390111,42.791938136,364.2],[-74.8714302,42.791944988,364.2],[-74.871469374,42.791949851,364.2],[-74.871512829,42.791953852,364.2],[-74.871564753,42.791958783,364.2],[-74.871614469,42.791964193,364.2],[-74.871655531,42.791967369,364.2],[-74.871694021,42.791967214,364.2],[-74.87173736,42.791964839,364.2],[-74.871780178,42.791960868,364.2],[-74.87182357,42.791956919,364.2],[-74.871870872,42.79195463,364.2],[-74.871916014,42.791955776,364.2],[-74.871964337,42.791961135,364.2],[-74.87202871,42.791972734,364.2],[-74.872115382,42.791991865,364.2],[-74.872187231,42.792007087,364.2],[-74.872238121,42.792015839,364.2],[-74.872282605,42.792022242,364.2],[-74.87231659,42.792026503,364.2],[-74.872344061,42.792028499,364.2],[-74.872371484,42.792028108,364.2],[-74.872398828,42.792025559,364.2],[-74.872426741,42.79202085,364.2],[-74.872458545,42.792014167,364.2],[-74.872493166,42.792007383,364.2],[-74.872522538,42.792002872,364.2],[-74.872552266,42.792000212,364.2],[-74.872601056,42.791998864,364.2],[-74.872676675,42.792000725,364.2],[-74.872739239,42.792004901,364.2],[-74.872777107,42.792011223,364.2],[-74.872811059,42.792020809,364.2],[-74.872839309,42.792031344,364.2],[-74.872859582,42.792038591,364.2],[-74.872876823,42.792041425,364.2],[-74.872900407,42.792042317,364.2],[-74.872924514,42.792042262,364.2],[-74.87294658,42.792040567,364.2],[-74.872970546,42.792036359,364.2],[-74.872995137,42.792030748,364.2],[-74.873022365,42.792023088,364.2],[-74.873049695,42.792013919,364.2],[-74.873066982,42.792006988,364.2],[-74.873083218,42.791999626,364.2],[-74.873106558,42.79198995,364.2],[-74.873132742,42.791980731,364.2],[-74.873162917,42.791972597,364.2],[-74.873199148,42.791964478,364.2],[-74.873239739,42.791955858,364.2],[-74.873281808,42.791947838,364.2],[-74.873319285,42.791938408,364.2],[-74.873348816,42.791928567,364.2],[-74.873374271,42.791921617,364.2],[-74.87341281,42.791914892,364.2],[-74.873465325,42.791907603,364.2],[-74.873519349,42.791901038,364.2],[-74.87355917,42.791894192,364.2],[-74.873591842,42.791885542,364.2],[-74.873628149,42.79187352,364.2],[-74.873679845,42.791854701,364.2],[-74.873758415,42.791827428,364.2],[-74.873854612,42.791795112,364.2],[-74.873937902,42.791766643,364.2],[-74.873991642,42.791746762,364.2],[-74.874033991,42.791728939,364.2],[-74.874079557,42.791707606,364.2],[-74.874115581,42.791687265,364.2],[-74.874144355,42.791667339,364.2],[-74.87417066,42.791642789,364.2],[-74.874196275,42.791609383,364.2],[-74.874220935,42.79156627,364.2],[-74.874237165,42.791521993,364.2],[-74.87424279,42.791482788,364.2],[-74.874243824,42.791445268,364.2],[-74.874247629,42.791414713,364.2],[-74.874255035,42.791393277,364.2],[-74.874263849,42.791378419,364.2],[-74.874276843,42.791366778,364.2],[-74.874294092,42.791357222,364.2],[-74.874313745,42.791350954,364.2],[-74.874334009,42.791349837,364.2],[-74.874357389,42.791353909,364.2],[-74.874387199,42.791363478,364.2],[-74.874429879,42.791380301,364.2],[-74.874487719,42.791403218,364.2],[-74.874545535,42.791424511,364.2],[-74.874582812,42.791434949,364.2],[-74.874607214,42.791438527,364.2],[-74.874628313,42.791437878,364.2],[-74.874651541,42.791434397,364.2],[-74.874676354,42.791430301,364.2],[-74.87470388,42.791427639,364.2],[-74.874734268,42.79142805,364.2],[-74.874765874,42.791431635,364.2],[-74.874798022,42.791438703,364.2],[-74.874827344,42.791447803,364.2],[-74.874853603,42.791455591,364.2],[-74.874879064,42.791460222,364.2],[-74.874903469,42.791462497,364.2],[-74.874929588,42.791462994,364.2],[-74.874960561,42.791461049,364.2],[-74.874997806,42.791456364,364.2],[-74.875043122,42.791448763,364.2],[-74.875101123,42.791436618,364.2],[-74.875173804,42.791417601,364.2],[-74.87523957,42.791396793,364.2],[-74.875293184,42.791379583,364.2],[-74.875340957,42.791369931,364.2],[-74.875386045,42.791363225,364.2],[-74.875434368,42.791357711,364.2],[-74.875492132,42.791352753,364.2],[-74.875553759,42.791346943,364.2],[-74.875609364,42.791338865,364.2],[-74.875658288,42.791326205,364.2],[-74.875708657,42.791310199,364.2],[-74.875759097,42.791294829,364.2],[-74.875816384,42.79128088,364.2],[-74.875882733,42.79126681,364.2],[-74.87595466,42.791251777,364.2],[-74.876045684,42.791231575,364.2],[-74.87615112,42.79120673,364.2],[-74.876253856,42.791181755,364.2],[-74.8763368,42.791164029,364.2],[-74.876413012,42.791148709,364.2],[-74.876492327,42.791131568,364.2],[-74.876566452,42.791116428,364.2],[-74.876635769,42.791105531,364.2],[-74.876709264,42.791097895,364.2],[-74.876796131,42.791091261,364.2],[-74.876880295,42.791085969,364.2],[-74.876956568,42.791081948,364.2],[-74.877022234,42.791077683,364.2],[-74.877075061,42.791071648,364.2],[-74.877123695,42.79106436,364.2],[-74.877182915,42.791055177,364.2],[-74.87725325,42.791044228,364.2],[-74.877320062,42.791035666,364.2],[-74.877374238,42.791032181,364.2],[-74.877423498,42.791031581,364.2],[-74.87747613,42.79103226,364.2],[-74.877534346,42.791033594,364.2],[-74.877726722,42.791039976,364.2],[-74.878074687,42.791045081,364.2],[-74.878151956,42.791048651,364.2],[-74.87822473,42.791053318,364.2],[-74.878315625,42.791058535,364.2],[-74.878414611,42.791063926,364.2],[-74.878509394,42.791069359,364.2],[-74.878585897,42.791074768,364.2],[-74.878658712,42.791081466,364.2],[-74.878737431,42.791089136,364.2],[-74.878817611,42.791097437,364.2],[-74.878897748,42.791106776,364.2],[-74.878981127,42.791119415,364.2],[-74.879067432,42.79113522,364.2],[-74.879149955,42.791151061,364.2],[-74.879224642,42.791166489,364.2],[-74.879287968,42.791181508,364.2],[-74.879336389,42.791196176,364.2],[-74.879380484,42.791210798,364.2],[-74.879426698,42.791227077,364.2],[-74.879478193,42.79124612,364.2],[-74.87953587,42.791269028,364.2],[-74.879591984,42.791295354,364.2],[-74.879647412,42.79132474,364.2],[-74.879701449,42.791356339,364.2],[-74.879752979,42.791388979,364.2],[-74.879797518,42.791420099,364.2],[-74.879842173,42.791454793,364.2],[-74.879887494,42.791492879,364.2],[-74.879932468,42.791533171,364.2],[-74.879973979,42.791572808,364.2],[-74.880013825,42.7916135,364.2],[-74.880054429,42.791657121,364.2],[-74.880096289,42.791704023,364.2],[-74.880139525,42.791753646,364.2],[-74.880183022,42.791800512,364.2],[-74.88022507,42.791841706,364.2],[-74.880264996,42.791878977,364.2],[-74.880302204,42.79191381,364.2],[-74.880335932,42.791948296,364.2],[-74.880363199,42.791981851,364.2],[-74.88038458,42.792011838,364.2],[-74.88040165,42.792038545,364.2],[-74.880416398,42.792063154,364.2],[-74.880432603,42.792090529,364.2],[-74.880454349,42.792128169,364.2],[-74.880481506,42.792174923,364.2],[-74.880513448,42.79222874,364.2],[-74.88054887,42.79228607,364.2],[-74.880583632,42.792338195,364.2],[-74.880616025,42.792389231,364.2],[-74.880645632,42.792440154,364.2],[-74.880672183,42.792491073,364.2],[-74.880695067,42.792539186,364.2],[-74.880713983,42.792576853,364.2],[-74.880730012,42.792608033,364.2],[-74.880743802,42.792636623,364.2],[-74.880756148,42.792667526,364.2],[-74.880767644,42.792693869,364.2],[-74.880778404,42.792717468,364.2],[-74.880788138,42.792743242,364.2],[-74.880796883,42.792775073,364.2],[-74.880805366,42.792817292,364.2],[-74.880814461,42.792866089,364.2],[-74.880823908,42.79291474,364.2],[-74.880833081,42.792962465,364.2],[-74.880841234,42.793009865,364.2],[-74.880849394,42.793059844,364.2],[-74.880859724,42.793112085,364.2],[-74.880870393,42.793162911,364.2],[-74.880880502,42.793209978,364.2],[-74.880890193,42.79325152,364.2],[-74.880902853,42.793290418,364.2],[-74.880916642,42.793327384,364.2],[-74.880929303,42.793362788,364.2],[-74.880938169,42.79339714,364.2],[-74.880937006,42.793432111,364.2],[-74.880931489,42.793468906,364.2],[-74.880924271,42.793507353,364.2],[-74.880917049,42.793546967,364.2],[-74.880911408,42.793586573,364.2],[-74.880909802,42.793622405,364.2],[-74.880911005,42.793656955,364.2],[-74.880913868,42.793692442,364.2],[-74.880917029,42.793730552,364.2],[-74.880917883,42.793767852,364.2],[-74.880915639,42.793802892,364.2],[-74.880911156,42.793837669,364.2],[-74.880905639,42.793874214,364.2],[-74.880901312,42.793915709,364.2],[-74.880899639,42.793959629,364.2],[-74.880899038,42.793998808,364.2],[-74.880899531,42.794032186,364.2],[-74.880901311,42.794059835,364.2],[-74.880905559,42.794084458,364.2],[-74.880912561,42.794111378,364.2],[-74.880920968,42.794137959,364.2],[-74.880929878,42.79416303,364.2],[-74.880938241,42.794185869,364.2],[-74.880944344,42.794207802,364.2],[-74.880948356,42.794227543,364.2],[-74.880950174,42.794245235,364.2],[-74.880949668,42.794261496,364.2],[-74.880945861,42.794278759,364.2],[-74.880937057,42.794299765,364.2],[-74.880925385,42.794322162,364.2],[-74.880912607,42.794343934,364.2],[-74.880900961,42.794362589,364.2],[-74.88088933,42.794382424,364.2],[-74.880878334,42.794402481,364.2],[-74.880869167,42.794420324,364.2],[-74.880862464,42.794434571,364.2],[-74.880857779,42.794446087,364.2],[-74.880854306,42.794457674,364.2],[-74.880852166,42.794470901,364.2],[-74.880851982,42.794487128,364.2],[-74.880854571,42.794507851,364.2],[-74.880863364,42.794542818,364.2],[-74.880877937,42.794592901,364.2],[-74.880897472,42.794652469,364.2],[-74.880921012,42.794716178,364.2],[-74.880947218,42.79477668,364.2],[-74.880973606,42.794828673,364.2],[-74.880999629,42.794876622,364.2],[-74.881023278,42.794919372,364.2],[-74.881041906,42.794954401,364.2],[-74.881047947,42.794970518,364.2],[-74.881049878,42.794980767,364.2],[-74.881050191,42.794989721,364.2],[-74.881050306,42.795000112,364.2],[-74.881050762,42.795013492,364.2],[-74.881053417,42.795028067,364.2],[-74.881058668,42.795044441,364.2],[-74.881066971,42.795064304,364.2],[-74.88107877,42.795089546,364.2],[-74.88109652,42.795124126,364.2],[-74.881115843,42.795163065,364.2],[-74.88113337,42.795201968,364.2],[-74.881147771,42.795237972,364.2],[-74.881159231,42.795268162,364.2],[-74.881170598,42.795293523,364.2],[-74.881183922,42.79531863,364.2],[-74.881199092,42.795344284,364.2],[-74.881215955,42.795371244,364.2],[-74.881237063,42.795403934,364.2],[-74.88126327,42.795443438,364.2],[-74.881288767,42.795480844,364.2],[-74.881310488,42.795512008,364.2],[-74.881326034,42.795534554,364.2],[-74.881336221,42.795553723,364.2],[-74.881342931,42.795572256,364.2],[-74.881347097,42.795590609,364.2],[-74.881349862,42.795609106,364.2],[-74.881353666,42.795628287,364.2],[-74.881360818,42.795650355,364.2],[-74.881370099,42.79567513,364.2],[-74.881380311,42.795702221,364.2],[-74.881389709,42.795730859,364.2],[-74.881398021,42.795760408,364.2],[-74.881404456,42.795792084,364.2],[-74.881408107,42.795826117,364.2],[-74.8814085,42.795861301,364.2],[-74.881406047,42.79588994,364.2],[-74.881404148,42.795915639,364.2],[-74.881404688,42.795944911,364.2],[-74.881407907,42.795977502,364.2],[-74.881413294,42.796010169,364.2],[-74.881422117,42.796038876,364.2],[-74.881434447,42.796066502,364.2],[-74.881449664,42.796095836,364.2],[-74.881467209,42.796129097,364.2],[-74.881486917,42.796168628,364.2],[-74.881507821,42.796211168,364.2],[-74.881527411,42.796250434,364.2],[-74.881545655,42.796285985,364.2],[-74.881563348,42.796319283,364.2],[-74.881584418,42.796358738,364.2],[-74.881606603,42.796400567,364.2],[-74.881631336,42.796445302,364.2],[-74.881660004,42.796493574,364.2],[-74.881695218,42.796547038,364.2],[-74.881727907,42.796596094,364.2],[-74.881755125,42.796638469,364.2],[-74.88177624,42.796674376,364.2],[-74.881791294,42.796705044,364.2],[-74.881798642,42.796734034,364.2],[-74.881803257,42.79676028,364.2],[-74.881807762,42.796782753,364.2],[-74.881813347,42.796803254,364.2],[-74.881819816,42.796829112,364.2],[-74.881824599,42.796861192,364.2],[-74.881826398,42.796893297,364.2],[-74.881825359,42.796925101,364.2],[-74.881822128,42.796957029,364.2],[-74.881819183,42.796988823,364.2],[-74.881819422,42.797019664,364.2],[-74.881822748,42.797051189,364.2],[-74.881828865,42.797083881,364.2],[-74.881837111,42.797117285,364.2],[-74.881846761,42.797149259,364.2],[-74.881859161,42.797182393,364.2],[-74.881873391,42.797216702,364.2],[-74.881887881,42.79725172,364.2],[-74.881897744,42.797285285,364.2],[-74.881902199,42.797318623,364.2],[-74.881901899,42.797351848,364.2],[-74.881897625,42.797384896,364.2],[-74.881890739,42.797417544,364.2],[-74.881888735,42.79745132,364.2],[-74.881891904,42.797486865,364.2],[-74.881899395,42.797524113,364.2],[-74.881910263,42.79756259,364.2],[-74.881924448,42.797599943,364.2],[-74.881940066,42.79763501,364.2],[-74.881955632,42.797667886,364.2],[-74.881970276,42.79769801,364.2],[-74.881983163,42.797724359,364.2],[-74.881991092,42.797744846,364.2],[-74.881995312,42.797763135,364.2],[-74.881999271,42.797783801,364.2],[-74.882005346,42.797811015,364.2],[-74.882012722,42.797850654,364.2],[-74.882016921,42.797898723,364.2],[-74.882022322,42.797943002,364.2],[-74.882029671,42.797978711,364.2],[-74.882038451,42.79800306,364.2],[-74.882043617,42.798017349,364.2],[-74.882047423,42.798029655,364.2],[-74.882050419,42.798041312,364.2],[-74.882052962,42.798053156,364.2],[-74.882054984,42.79806509,364.2],[-74.882056471,42.798076884,364.2],[-74.882057512,42.798088405,364.2],[-74.882058112,42.798099583,364.2],[-74.882058287,42.798110371,364.2],[-74.882058097,42.798121406,364.2],[-74.882057871,42.798133531,364.2],[-74.882058126,42.79814678,364.2],[-74.882059712,42.798160808,364.2],[-74.882064853,42.798174324,364.2],[-74.882075978,42.798190384,364.2],[-74.882092009,42.798210734,364.2],[-74.882111674,42.798233763,364.2],[-74.882133215,42.798256961,364.2],[-74.882152978,42.798279069,364.2],[-74.882168734,42.798301137,364.2],[-74.882181026,42.798321712,364.2],[-74.882191275,42.798340915,364.2],[-74.882203028,42.798361151,364.2],[-74.882222336,42.798389623,364.2],[-74.882245761,42.798425503,364.2],[-74.882270791,42.798466233,364.2],[-74.882294825,42.798508396,364.2],[-74.882314999,42.798545235,364.2],[-74.882338959,42.798580586,364.2],[-74.882368242,42.798615789,364.2],[-74.882403959,42.798651863,364.2],[-74.882447458,42.798690116,364.2],[-74.882506018,42.798736694,364.2],[-74.882568112,42.798784161,364.2],[-74.882626446,42.798827018,364.2],[-74.882675141,42.79886067,364.2],[-74.882713724,42.798883221,364.2],[-74.882755029,42.798906509,364.2],[-74.882803338,42.798935569,364.2],[-74.882855949,42.798968975,364.2],[-74.882903746,42.798999893,364.2],[-74.882939809,42.799025778,364.2],[-74.882969771,42.79905205,364.2],[-74.882994274,42.79907935,364.2],[-74.883013886,42.799108475,364.2],[-74.883028676,42.79914325,364.2],[-74.88303895,42.799185845,364.2],[-74.883042455,42.799231349,364.2],[-74.883038507,42.799277008,364.2],[-74.883027296,42.799320102,364.2],[-74.883012866,42.79935697,364.2],[-74.883002236,42.799389217,364.2],[-74.882996483,42.799418317,364.2],[-74.882995903,42.799445808,364.2],[-74.882999691,42.799473796,364.2],[-74.883005424,42.799501217,364.2],[-74.88301475,42.799531719,364.2],[-74.883028833,42.799567666,364.2],[-74.883048643,42.799611197,364.2],[-74.883066897,42.799655081,364.2],[-74.883081798,42.799698133,364.2],[-74.883094099,42.799742159,364.2],[-74.883104396,42.799788363,364.2],[-74.883112805,42.799837319,364.2],[-74.8831209,42.799884845,364.2],[-74.883129024,42.799927984,364.2],[-74.883135801,42.799966181,364.2],[-74.883139219,42.799999737,364.2],[-74.883134963,42.80003084,364.2],[-74.883124324,42.800063437,364.2],[-74.883108668,42.800097895,364.2],[-74.883089954,42.800133562,364.2],[-74.883072336,42.800167506,364.2],[-74.883059965,42.800195942,364.2],[-74.883046943,42.800223292,364.2],[-74.883032943,42.800249593,364.2],[-74.883018792,42.800274034,364.2],[-74.883008661,42.800292803,364.2],[-74.882998659,42.800310215,364.2],[-74.882988831,42.800327663,364.2],[-74.882979581,42.800345847,364.2],[-74.882972086,42.800365036,364.2],[-74.882965094,42.800383995,364.2],[-74.882958053,42.800402286,364.2],[-74.882951274,42.800420311,364.2],[-74.882945338,42.800438837,364.2],[-74.882942845,42.800461451,364.2],[-74.882943273,42.800485223,364.2],[-74.882945636,42.800507875,364.2],[-74.882949468,42.800529123,364.2],[-74.882954512,42.800550403,364.2],[-74.882958979,42.800574383,364.2],[-74.882961093,42.800601626,364.2],[-74.882959893,42.80063247,364.2],[-74.882954753,42.800666747,364.2],[-74.882945463,42.800702101,364.2],[-74.882933661,42.800735189,364.2],[-74.882918682,42.800767597,364.2],[-74.882899786,42.800800386,364.2],[-74.882875951,42.800834753,364.2],[-74.882848136,42.800871441,364.2],[-74.882823878,42.800908318,364.2],[-74.882803543,42.80094645,364.2],[-74.882786539,42.800986945,364.2],[-74.882769778,42.80103147,364.2],[-74.882751638,42.801072341,364.2],[-74.882734511,42.801105912,364.2],[-74.882720244,42.801130703,364.2],[-74.882710929,42.801146167,364.2],[-74.882706244,42.801158893,364.2],[-74.882703157,42.801172303,364.2],[-74.882701156,42.801187324,364.2],[-74.882700064,42.801205503,364.2],[-74.882700864,42.80123226,364.2],[-74.882701556,42.801262491,364.2],[-74.882700118,42.801291968,364.2],[-74.882695608,42.801322391,364.2],[-74.882687382,42.801357712,364.2],[-74.882671912,42.801404864,364.2],[-74.882652618,42.801456274,364.2],[-74.882634525,42.801503014,364.2],[-74.88262112,42.801540085,364.2],[-74.882614703,42.801568131,364.2],[-74.882613198,42.801597809,364.2],[-74.882615462,42.801628834,364.2],[-74.882621628,42.801661228,364.2],[-74.882631949,42.801695035,364.2],[-74.882648013,42.801731289,364.2],[-74.882667783,42.80176965,364.2],[-74.88269465,42.801813686,364.2],[-74.882731282,42.801866036,364.2],[-74.882781514,42.801930045,364.2],[-74.882834079,42.801994219,364.2],[-74.882881779,42.802055406,364.2],[-74.882922446,42.802112934,364.2],[-74.882955172,42.802166413,364.2],[-74.882982689,42.802211075,364.2],[-74.883006171,42.802249912,364.2],[-74.88302558,42.802285006,364.2],[-74.883041894,42.802317267,364.2],[-74.883057933,42.802346664,364.2],[-74.883076387,42.802378473,364.2],[-74.88309744,42.802415573,364.2],[-74.883121472,42.802457137,364.2],[-74.883148535,42.802501747,364.2],[-74.883176743,42.802548628,364.2],[-74.883201761,42.802594831,364.2],[-74.88322188,42.802636412,364.2],[-74.883236598,42.802672572,364.2],[-74.883246254,42.802704861,364.2],[-74.883252246,42.802737884,364.2],[-74.883255051,42.802769097,364.2],[-74.883254953,42.802798589,364.2],[-74.883252456,42.802826831,364.2],[-74.883248757,42.802855302,364.2],[-74.88324616,42.802883302,364.2],[-74.8832432,42.802910284,364.2],[-74.883238585,42.802935916,364.2],[-74.883230599,42.802959902,364.2],[-74.883219119,42.802982493,364.2],[-74.883205569,42.803004467,364.2],[-74.883190042,42.803025825,364.2],[-74.883172613,42.803046456,364.2],[-74.883152969,42.803065618,364.2],[-74.883135323,42.803085127,364.2],[-74.883121426,42.803106643,364.2],[-74.883110765,42.803131401,364.2],[-74.883101533,42.803160671,364.2],[-74.883089256,42.803206086,364.2],[-74.883074131,42.803264297,364.2],[-74.883058806,42.803325921,364.2],[-74.883044637,42.803383393,364.2],[-74.883029465,42.803430774,364.2],[-74.883006499,42.803472971,364.2],[-74.882974869,42.803517249,364.2],[-74.882937388,42.80356358,364.2],[-74.882899011,42.803609565,364.2],[-74.8828713,42.803646888,364.2],[-74.882850307,42.803680353,364.2],[-74.882835059,42.803709814,364.2],[-74.882824644,42.803735351,364.2],[-74.882818367,42.803757128,364.2],[-74.882812799,42.803783156,364.2],[-74.882806587,42.803813219,364.2],[-74.882799929,42.803846265,364.2],[-74.882793562,42.803880712,364.2],[-74.882792367,42.803914297,364.2],[-74.882795419,42.803946152,364.2],[-74.882800796,42.803976477,364.2],[-74.882806523,42.804005656,364.2],[-74.882809236,42.804034591,364.2],[-74.882806284,42.804063309,364.2],[-74.882799794,42.804091835,364.2],[-74.882791815,42.804120737,364.2],[-74.88278452,42.804150768,364.2],[-74.882778998,42.804184048,364.2],[-74.882775099,42.804217543,364.2],[-74.882774201,42.804245569,364.2],[-74.882776309,42.804266189,364.2],[-74.882779898,42.80428044,364.2],[-74.882781,42.80429457,364.2],[-74.882779757,42.804309302,364.2],[-74.882775507,42.804323944,364.2],[-74.882767656,42.804337598,364.2],[-74.882755343,42.804348503,364.2],[-74.882742941,42.804358126,364.2],[-74.882730664,42.804368146,364.2],[-74.882718425,42.804379596,364.2],[-74.882705851,42.804393519,364.2],[-74.882694444,42.804409118,364.2],[-74.88268435,42.804426531,364.2],[-74.882675445,42.80444659,364.2],[-74.882667489,42.804470141,364.2],[-74.882659903,42.804499302,364.2],[-74.882652584,42.804532948,364.2],[-74.8826464,42.80456941,364.2],[-74.882642556,42.804607506,364.2],[-74.882642845,42.804645788,364.2],[-74.88264838,42.804675899,364.2],[-74.882662429,42.80471265,364.2],[-74.882684634,42.804752736,364.2],[-74.882713422,42.804792738,364.2],[-74.882743478,42.804829849,364.2],[-74.88275152,42.804840299,364.2],[-74.882754418,42.804844729,364.2],[-74.882756365,42.80484831,364.2],[-74.882757864,42.8048517,364.2],[-74.882758659,42.804854702,364.2],[-74.882759045,42.804857574,364.2],[-74.882759111,42.804860127,364.2],[-74.882758768,42.804863096,364.2],[-74.882757253,42.80487056,364.2],[-74.882753847,42.804879984,364.2],[-74.882750603,42.804890177,364.2],[-74.882749271,42.804901476,364.2],[-74.88275173,42.804914627,364.2],[-74.882758595,42.804929437,364.2],[-74.882766496,42.804943784,364.2],[-74.882774445,42.804956703,364.2],[-74.882781591,42.80496749,364.2],[-74.88278676,42.804975302,364.2],[-74.882789508,42.80498178,364.2],[-74.882791285,42.804990513,364.2],[-74.882792784,42.805002614,364.2],[-74.882794655,42.805018592,364.2],[-74.882797463,42.805037747,364.2],[-74.882800606,42.805056239,364.2],[-74.882802981,42.805067741,364.2],[-74.882804691,42.805072347,364.2],[-74.882807687,42.80507965,364.2],[-74.882810043,42.805084762,364.2],[-74.882812219,42.805089198,364.2],[-74.882819683,42.805101218,364.2],[-74.882837715,42.805128779,364.2],[-74.882860913,42.805164488,364.2],[-74.882893747,42.805211501,364.2],[-74.882934945,42.805266478,364.2],[-74.882979605,42.80532312,364.2],[-74.883015967,42.805368115,364.2],[-74.883039914,42.805399783,364.2],[-74.883061612,42.80543176,364.2],[-74.883087405,42.805471576,364.2],[-74.883121911,42.805524136,364.2],[-74.883160555,42.805580875,364.2],[-74.883194465,42.80562821,364.2],[-74.883227032,42.805670931,364.2],[-74.883259181,42.805710805,364.2],[-74.883290473,42.805748301,364.2],[-74.883317549,42.805782936,364.2],[-74.883340915,42.805818361,364.2],[-74.883361123,42.805854652,364.2],[-74.883378708,42.805891673,364.2],[-74.883393283,42.805929367,364.2],[-74.883402916,42.805969943,364.2],[-74.883409775,42.806010052,364.2],[-74.883413293,42.806048554,364.2],[-74.883411395,42.806085089,364.2],[-74.883386121,42.806130943,364.2],[-74.883352966,42.806180156,364.2],[-74.88332163,42.80623152,364.2],[-74.883297671,42.806286489,364.2],[-74.883274661,42.806358502,364.2],[-74.883223872,42.80641321,364.2],[-74.883183384,42.806455167,364.2],[-74.883158061,42.80648967,364.2],[-74.883141085,42.806524135,364.2],[-74.8831335,42.806557447,364.2],[-74.883130994,42.806590254,364.2],[-74.883131385,42.80662311,364.2],[-74.883132221,42.806656097,364.2],[-74.883129026,42.806687995,364.2],[-74.883119017,42.806720109,364.2],[-74.883105918,42.806756605,364.2],[-74.883091871,42.806795185,364.2],[-74.883079064,42.806831204,364.2],[-74.883069978,42.806854051,364.2],[-74.883061553,42.806870147,364.2],[-74.883052823,42.806881268,364.2],[-74.883042887,42.806888802,364.2],[-74.883030253,42.806893933,364.2],[-74.883012031,42.806899252,364.2],[-74.882987711,42.806906278,364.2],[-74.88295813,42.806915284,364.2],[-74.882925116,42.806926131,364.2],[-74.882897516,42.80693665,364.2],[-74.882872168,42.806948121,364.2],[-74.882847396,42.806960917,364.2],[-74.882823375,42.806974683,364.2],[-74.88280303,42.806987821,364.2],[-74.882781697,42.807003292,364.2],[-74.882756967,42.807021903,364.2],[-74.882730437,42.807042467,364.2],[-74.882704254,42.807063639,364.2],[-74.882679483,42.807086874,364.2],[-74.882656715,42.807112504,364.2],[-74.88263754,42.807138542,364.2],[-74.882621733,42.8071647,364.2],[-74.882607138,42.807192195,364.2],[-74.882590856,42.807224061,364.2],[-74.882575456,42.807258569,364.2],[-74.882560045,42.807292841,364.2],[-74.882543504,42.807323981,364.2],[-74.882524735,42.80734872,364.2],[-74.882508999,42.807374192,364.2],[-74.882496572,42.807402702,364.2],[-74.882487288,42.807434738,364.2],[-74.882480499,42.807469665,364.2],[-74.882475071,42.807500942,364.2],[-74.882471037,42.8075288,364.2],[-74.882467697,42.80755405,364.2],[-74.882463781,42.807577616,364.2],[-74.882454519,42.807600587,364.2],[-74.882441239,42.807622077,364.2],[-74.882426797,42.807642227,364.2],[-74.882412901,42.807661881,364.2],[-74.882401298,42.807682552,364.2],[-74.882394376,42.807706193,364.2],[-74.882390924,42.807729788,364.2],[-74.88239047,42.807750197,364.2],[-74.882392495,42.807766002,364.2],[-74.88239661,42.807780553,364.2],[-74.88240116,42.807797405,364.2],[-74.882404514,42.807812399,364.2],[-74.882405649,42.807824704,364.2],[-74.882403633,42.807834584,364.2],[-74.882396459,42.807843744,364.2],[-74.88238635,42.807852791,364.2],[-74.882374463,42.807861686,364.2],[-74.882361897,42.807870464,364.2],[-74.882350145,42.807879367,364.2],[-74.882340055,42.807889594,364.2],[-74.882330232,42.807901438,364.2],[-74.882319535,42.807915855,364.2],[-74.882306715,42.807934068,364.2],[-74.882289325,42.807961117,364.2],[-74.882272707,42.807988434,364.2],[-74.882258606,42.808013205,364.2],[-74.882247445,42.808034803,364.2],[-74.882237673,42.808056019,364.2],[-74.88222832,42.808079197,364.2],[-74.882219613,42.808104458,364.2],[-74.882211994,42.808131751,364.2],[-74.882205846,42.808160722,364.2],[-74.882200393,42.808188125,364.2],[-74.882194501,42.808213055,364.2],[-74.882188303,42.808237369,364.2],[-74.882181608,42.808261162,364.2],[-74.882173657,42.808282276,364.2],[-74.882163872,42.808299514,364.2],[-74.882153783,42.808317935,364.2],[-74.882144351,42.808338042,364.2],[-74.882136462,42.808359796,364.2],[-74.882130971,42.808383666,364.2],[-74.88212602,42.808412099,364.2],[-74.882122378,42.808443766,364.2],[-74.88212028,42.808478561,364.2],[-74.882119608,42.80851742,364.2],[-74.882116253,42.808566531,364.2],[-74.882111616,42.808613608,364.2],[-74.882106655,42.808653848,364.2],[-74.88210219,42.808684464,364.2],[-74.882098525,42.808709397,364.2],[-74.882094022,42.808736049,364.2],[-74.882088688,42.808764897,364.2],[-74.882083308,42.808794485,364.2],[-74.882079535,42.808821405,364.2],[-74.882080185,42.808845958,364.2],[-74.882083633,42.808869753,364.2],[-74.882088156,42.808892027,364.2],[-74.882092197,42.808912336,364.2],[-74.882094381,42.808931612,364.2],[-74.882094841,42.808950468,364.2],[-74.882094372,42.808967496,364.2],[-74.882093463,42.80898263,364.2],[-74.882092651,42.808996492,364.2],[-74.882092633,42.809011381,364.2],[-74.882093164,42.809028691,364.2],[-74.882094492,42.809049453,364.2],[-74.882096955,42.809074316,364.2],[-74.882101601,42.809103801,364.2],[-74.882109439,42.809134206,364.2],[-74.882119099,42.809163453,364.2],[-74.882129833,42.809190544,364.2],[-74.882140847,42.809214725,364.2],[-74.882151513,42.809234897,364.2],[-74.882162119,42.809252841,364.2],[-74.882172831,42.809269739,364.2],[-74.88218373,42.809286952,364.2],[-74.882194748,42.809307147,364.2],[-74.882204942,42.8093315,364.2],[-74.882214601,42.80935826,364.2],[-74.882224448,42.809386113,364.2],[-74.882235391,42.809413619,364.2],[-74.882248106,42.809440438,364.2],[-74.88226149,42.809466309,364.2],[-74.882275111,42.809490317,364.2],[-74.882289403,42.809512335,364.2],[-74.882306631,42.809533377,364.2],[-74.882336194,42.809560267,364.2],[-74.882382748,42.80959758,364.2],[-74.882441258,42.809642004,364.2],[-74.882503871,42.809688066,364.2],[-74.882558536,42.809725701,364.2],[-74.882609173,42.809756845,364.2],[-74.882655254,42.809784536,364.2],[-74.882696556,42.809810854,364.2],[-74.882733004,42.809838035,364.2],[-74.882768663,42.809866318,364.2],[-74.882800691,42.809893231,364.2],[-74.882828167,42.809918438,364.2],[-74.882850991,42.809942222,364.2],[-74.882872914,42.809968038,364.2],[-74.88289246,42.809994074,364.2],[-74.882909045,42.810019822,364.2],[-74.882922959,42.810045874,364.2],[-74.88293541,42.810074069,364.2],[-74.882946094,42.810107062,364.2],[-74.882955323,42.810143385,364.2],[-74.882963375,42.810181555,364.2],[-74.882970469,42.810219723,364.2],[-74.882976062,42.810253436,364.2],[-74.882980403,42.810283216,364.2],[-74.882984057,42.810313418,364.2],[-74.882986571,42.810345423,364.2],[-74.882986744,42.810379389,364.2],[-74.882983343,42.810417119,364.2],[-74.882979264,42.8104596,364.2],[-74.882974933,42.810500722,364.2],[-74.882970604,42.810534921,364.2],[-74.882966217,42.810556285,364.2],[-74.882961925,42.81057686,364.2],[-74.882959022,42.810600966,364.2],[-74.882958335,42.810629338,364.2],[-74.882960636,42.810661211,364.2],[-74.882966453,42.810689054,364.2],[-74.88297324,42.810714775,364.2],[-74.882979698,42.810739217,364.2],[-74.882984595,42.810762872,364.2],[-74.882985935,42.81078522,364.2],[-74.882985551,42.810810484,364.2],[-74.882984773,42.810839798,364.2],[-74.88298369,42.810873143,364.2],[-74.882982073,42.810909975,364.2],[-74.882979692,42.810955088,364.2],[-74.88297677,42.811002743,364.2],[-74.882973211,42.811046142,364.2],[-74.88296883,42.811081295,364.2],[-74.88296304,42.811107159,364.2],[-74.882955008,42.811128918,364.2],[-74.882945035,42.811150672,364.2],[-74.882934115,42.811172091,364.2],[-74.882923559,42.811191983,364.2],[-74.882914366,42.811210902,364.2],[-74.882904104,42.811234917,364.2],[-74.882892524,42.81126172,364.2],[-74.882879309,42.811289995,364.2],[-74.882863713,42.8113192,364.2],[-74.88284445,42.811354406,364.2],[-74.882825134,42.811389839,364.2],[-74.882807576,42.811422345,364.2],[-74.882793318,42.811449136,364.2],[-74.882783494,42.811467548,364.2],[-74.88277369,42.811481458,364.2],[-74.882762876,42.811492836,364.2],[-74.882751119,42.811502879,364.2],[-74.882739731,42.811512648,364.2],[-74.88273722,42.811515438,364.2],[-74.882735716,42.811517349,364.2],[-74.882734417,42.811519205,364.2],[-74.882733206,42.811521311,364.2],[-74.88273236,42.811523656,364.2],[-74.88273208,42.811526289,364.2],[-74.882732122,42.811529799,364.2],[-74.882732366,42.811533803,364.2],[-74.882732715,42.811536933,364.2],[-74.882734025,42.811542571,364.2],[-74.882735447,42.811548123,364.2],[-74.882736947,42.81155456,364.2],[-74.882738471,42.81156239,364.2],[-74.882739521,42.811568584,364.2],[-74.882740269,42.811581673,364.2],[-74.882740376,42.811594634,364.2],[-74.88274,42.81160384,364.2],[-74.88273965,42.811606204,364.2],[-74.88273856,42.811609375,364.2],[-74.882736128,42.811614212,364.2],[-74.882731896,42.811622193,364.2],[-74.882726088,42.811633622,364.2],[-74.882721515,42.81164473,364.2],[-74.88271847,42.811655897,364.2],[-74.882716439,42.811668472,364.2],[-74.882715208,42.81168376,364.2],[-74.882714579,42.811703251,364.2],[-74.882715198,42.811726822,364.2],[-74.882718306,42.811752386,364.2],[-74.882725239,42.81177997,364.2],[-74.882736617,42.811808911,364.2],[-74.882752062,42.811836303,364.2],[-74.882769135,42.811860531,364.2],[-74.882787044,42.811884118,364.2],[-74.882807543,42.811908608,364.2],[-74.882833282,42.811935516,364.2],[-74.88286911,42.811965965,364.2],[-74.882909276,42.811996242,364.2],[-74.882949442,42.812024418,364.2],[-74.882985959,42.812048696,364.2],[-74.883010648,42.812063092,364.2],[-74.88303232,42.812074595,364.2],[-74.883047722,42.812081448,364.2],[-74.883062393,42.812089391,364.2],[-74.883077936,42.812100676,364.2],[-74.883092285,42.812115313,364.2],[-74.883104044,42.812131058,364.2],[-74.883114395,42.812147124,364.2],[-74.88312492,42.812162983,364.2],[-74.883138842,42.812178113,364.2],[-74.883154655,42.812191641,364.2],[-74.883171526,42.812204074,364.2],[-74.883190249,42.812215776,364.2],[-74.88321155,42.812226993,364.2],[-74.883233509,42.812235941,364.2],[-74.883247982,42.812241147,364.2],[-74.883258339,42.812244856,364.2],[-74.88326714,42.812248418,364.2],[-74.88327765,42.81225306,364.2],[-74.883287231,42.812258466,364.2],[-74.883297251,42.812265356,364.2],[-74.883305918,42.812272086,364.2],[-74.883311821,42.812277355,364.2],[-74.883318055,42.812284169,364.2],[-74.883325488,42.812292771,364.2],[-74.883338294,42.812307389,364.2],[-74.883354911,42.812326645,364.2],[-74.883368717,42.812344271,364.2],[-74.883377786,42.812358285,364.2],[-74.883385535,42.812368823,364.2],[-74.883391896,42.812376343,364.2],[-74.883396863,42.812381487,364.2],[-74.883401386,42.812385245,364.2],[-74.883408378,42.812390372,364.2],[-74.883414224,42.812394288,364.2],[-74.883422186,42.812398243,364.2],[-74.883440166,42.81240591,364.2],[-74.883456579,42.812411845,364.2],[-74.883472894,42.812419581,364.2],[-74.883489756,42.812429753,364.2],[-74.883507571,42.812442366,364.2],[-74.883526319,42.812455808,364.2],[-74.883544918,42.812466999,364.2],[-74.883563566,42.812476529,364.2],[-74.883585131,42.812486193,364.2],[-74.883613949,42.812498649,364.2],[-74.883637796,42.812509831,364.2],[-74.883648475,42.812513884,364.2],[-74.883653739,42.81251588,364.2],[-74.883665856,42.8125191,364.2],[-74.88367764,42.812521273,364.2],[-74.883691345,42.812523065,364.2],[-74.883709003,42.812524987,364.2],[-74.883730953,42.812527349,364.2],[-74.883755473,42.81253021,364.2],[-74.883780782,42.812533602,364.2],[-74.883805905,42.812537405,364.2],[-74.883830434,42.812541386,364.2],[-74.883853957,42.812545384,364.2],[-74.883876,42.812549661,364.2],[-74.883896057,42.812554651,364.2],[-74.883913919,42.812560694,364.2],[-74.88393035,42.81256782,364.2],[-74.883946317,42.812576002,364.2],[-74.883962839,42.812585241,364.2],[-74.88398104,42.812595593,364.2],[-74.884002026,42.812607113,364.2],[-74.884026291,42.812619635,364.2],[-74.884053695,42.812632765,364.2],[-74.884083961,42.812646109,364.2],[-74.884115667,42.812659301,364.2],[-74.884146725,42.812672,364.2],[-74.884175636,42.812683979,364.2],[-74.884203966,42.812695608,364.2],[-74.884234273,42.812707439,364.2],[-74.884267736,42.81271966,364.2],[-74.884301763,42.812731418,364.2],[-74.884333186,42.812741708,364.2],[-74.884362223,42.812750336,364.2],[-74.884394235,42.812758348,364.2],[-74.884434708,42.812766864,364.2],[-74.884483762,42.812776492,364.2],[-74.884536854,42.812787398,364.2],[-74.884589672,42.812799713,364.2],[-74.884641098,42.812813417,364.2],[-74.884691584,42.812828421,364.2],[-74.884741636,42.812844529,364.2],[-74.88479196,42.812861117,364.2],[-74.884843311,42.812877445,364.2],[-74.884896399,42.812893065,364.2],[-74.884951826,42.812908195,364.2],[-74.885010164,42.812923137,364.2],[-74.885071421,42.812937935,364.2],[-74.885134893,42.812952301,364.2],[-74.885199592,42.812965903,364.2],[-74.88526131,42.812978102,364.2],[-74.885313473,42.81298803,364.2],[-74.885350869,42.81299515,364.2],[-74.885377738,42.813001147,364.2],[-74.885402203,42.813008622,364.2],[-74.885430394,42.813019296,364.2],[-74.885461419,42.813031803,364.2],[-74.885492867,42.813044112,364.2],[-74.885524173,42.813054959,364.2],[-74.885558296,42.813064553,364.2],[-74.885598544,42.813073275,364.2],[-74.885646909,42.813081737,364.2],[-74.885703963,42.813090789,364.2],[-74.885769973,42.813101189,364.2],[-74.885842622,42.813112505,364.2],[-74.885917989,42.813123571,364.2],[-74.885993198,42.813133579,364.2],[-74.886071205,42.813143756,364.2],[-74.886156951,42.81315602,364.2],[-74.886253526,42.813171451,364.2],[-74.886358634,42.813188692,364.2],[-74.886468985,42.813205962,364.2],[-74.886580135,42.813222212,364.2],[-74.886685792,42.813237576,364.2],[-74.88677974,42.813252275,364.2],[-74.886860588,42.813266066,364.2],[-74.886931363,42.813278288,364.2],[-74.886995212,42.813288392,364.2],[-74.887054926,42.813296964,364.2],[-74.887113104,42.813305174,364.2],[-74.88717164,42.81331388,364.2],[-74.887229253,42.813322497,364.2],[-74.88728377,42.813330038,364.2],[-74.887335893,42.813336203,364.2],[-74.887393238,42.813342364,364.2],[-74.887464187,42.813350099,364.2],[-74.887546183,42.813359526,364.2],[-74.887621897,42.813368792,364.2],[-74.887674307,42.813376035,364.2],[-74.887706685,42.813381405,364.2],[-74.887738001,42.813386613,364.2],[-74.887784825,42.813393039,364.2],[-74.88784366,42.813399463,364.2],[-74.887902293,42.813403529,364.2],[-74.887951229,42.813403633,364.2],[-74.887991187,42.813400975,364.2],[-74.888025268,42.813397411,364.2],[-74.888056209,42.813394105,364.2],[-74.88808603,42.813390859,364.2],[-74.88811658,42.813387316,364.2],[-74.888147344,42.813383622,364.2],[-74.888175114,42.813380483,364.2],[-74.888196885,42.813378598,364.2],[-74.888213828,42.813378213,364.2],[-74.888229841,42.813379272,364.2],[-74.888248174,42.81338172,364.2],[-74.888268028,42.813385492,364.2],[-74.888287138,42.813390525,364.2],[-74.8883036,42.813396795,364.2],[-74.888316615,42.813404401,364.2],[-74.888325604,42.813413464,364.2],[-74.88833066,42.813423889,364.2],[-74.888333017,42.813435217,364.2],[-74.888333983,42.813446976,364.2],[-74.888334041,42.813459114,364.2],[-74.888332888,42.813471985,364.2],[-74.888330214,42.813485853,364.2],[-74.888325966,42.813500023,364.2],[-74.888320228,42.813513264,364.2],[-74.888312991,42.81352474,364.2],[-74.888303801,42.813535543,364.2],[-74.888292067,42.81354734,364.2],[-74.888277541,42.813561154,364.2],[-74.888260842,42.813576383,364.2],[-74.888242731,42.813592166,364.2],[-74.888224131,42.813608112,364.2],[-74.888206197,42.81362448,364.2],[-74.888190064,42.813641546,364.2],[-74.888176155,42.813658996,364.2],[-74.888164319,42.813676041,364.2],[-74.888154406,42.81369193,364.2],[-74.888146365,42.813706298,364.2],[-74.888140199,42.813718959,364.2],[-74.888135951,42.813729862,364.2],[-74.888133828,42.813739492,364.2],[-74.88813408,42.813748468,364.2],[-74.88813671,42.813757114,364.2],[-74.888141199,42.81376514,364.2],[-74.888146967,42.813772174,364.2],[-74.888153653,42.813777931,364.2],[-74.888161157,42.813782218,364.2],[-74.888169418,42.813784894,364.2],[-74.888178655,42.813786374,364.2],[-74.888189284,42.813787451,364.2],[-74.888201625,42.813788781,364.2],[-74.888215409,42.813790102,364.2],[-74.888223641,42.813790489,364.2],[-74.888230129,42.813790794,364.2],[-74.888245421,42.813790264,364.2],[-74.888261364,42.813788002,364.2],[-74.88827812,42.813783518,364.2],[-74.888295519,42.813776844,364.2],[-74.888312782,42.813768931,364.2],[-74.888329089,42.813760797,364.2],[-74.888344184,42.813752633,364.2],[-74.888358378,42.813743795,364.2],[-74.888372033,42.813733699,364.2],[-74.888385758,42.813722671,364.2],[-74.888400304,42.81371157,364.2],[-74.888416381,42.813701229,364.2],[-74.888434478,42.81369232,364.2],[-74.888455012,42.813685459,364.2],[-74.88847794,42.813680771,364.2],[-74.888501962,42.813677061,364.2],[-74.888525581,42.813672918,364.2],[-74.888547801,42.813667839,364.2],[-74.888568394,42.813662668,364.2],[-74.888587178,42.81365833,364.2],[-74.888603779,42.813655162,364.2],[-74.888617658,42.813652994,364.2],[-74.888628509,42.813651612,364.2],[-74.88863798,42.813650574,364.2],[-74.888648666,42.813649328,364.2],[-74.888662344,42.813647421,364.2],[-74.888677323,42.813644834,364.2],[-74.888691009,42.813641651,364.2],[-74.888701956,42.813637812,364.2],[-74.888711322,42.813632899,364.2],[-74.888720583,42.813626466,364.2],[-74.888729981,42.813618527,364.2],[-74.888738188,42.813609695,364.2],[-74.888743872,42.81360063,364.2],[-74.888746993,42.81359222,364.2],[-74.88874845,42.813585513,364.2],[-74.888749104,42.813581252,364.2],[-74.888749378,42.813578163,364.2],[-74.888749531,42.813574145,364.2],[-74.888749705,42.813567764,364.2],[-74.888749646,42.813559879,364.2],[-74.88874902,42.813551845,364.2],[-74.888747554,42.813544458,364.2],[-74.88874511,42.813537463,364.2],[-74.888741571,42.813530499,364.2],[-74.888737034,42.813523449,364.2],[-74.888731821,42.813516453,364.2],[-74.888726279,42.813509651,364.2],[-74.888720847,42.813503023,364.2],[-74.888716033,42.813496443,364.2],[-74.888712265,42.813489829,364.2],[-74.888709589,42.813483297,364.2],[-74.888707924,42.813477033,364.2],[-74.888707253,42.813471169,364.2],[-74.888707748,42.813465703,364.2],[-74.888709623,42.813460602,364.2],[-74.888713293,42.813455698,364.2],[-74.888719485,42.813450609,364.2],[-74.888728951,42.813444948,364.2],[-74.888742425,42.813438626,364.2],[-74.888760623,42.813431819,364.2],[-74.888784138,42.813424717,364.2],[-74.888812537,42.813417547,364.2],[-74.888844858,42.813410554,364.2],[-74.888880144,42.813403886,364.2],[-74.888917464,42.813397233,364.2],[-74.888955893,42.813390163,364.2],[-74.888993844,42.81338271,364.2],[-74.889028147,42.813376002,364.2],[-74.889055476,42.813371313,364.2],[-74.889075621,42.813368962,364.2],[-74.889092529,42.813367989,364.2],[-74.889110246,42.813367404,364.2],[-74.889129966,42.81336707,364.2],[-74.889150693,42.813367491,364.2],[-74.889171432,42.81336908,364.2],[-74.88919156,42.813371468,364.2],[-74.889210616,42.813373941,364.2],[-74.889228239,42.813375886,364.2],[-74.88924443,42.813377037,364.2],[-74.889259273,42.813377209,364.2],[-74.889273223,42.81337638,364.2],[-74.889287448,42.813374855,364.2],[-74.88930318,42.813372964,364.2],[-74.889320796,42.81337076,364.2],[-74.88933972,42.813367979,364.2],[-74.889359358,42.813364383,364.2],[-74.889379526,42.813360129,364.2],[-74.889400301,42.813355652,364.2],[-74.889421536,42.813351405,364.2],[-74.889441735,42.813347986,364.2],[-74.889458931,42.813346041,364.2],[-74.889472191,42.813345883,364.2],[-74.889483771,42.813346811,364.2],[-74.889496508,42.813347937,364.2],[-74.889511862,42.813348696,364.2],[-74.889529007,42.813349067,364.2],[-74.889546916,42.813349078,364.2],[-74.889565103,42.813348746,364.2],[-74.889583587,42.813348069,364.2],[-74.889602628,42.81334702,364.2],[-74.889624483,42.813345313,364.2],[-74.889652498,42.813342518,364.2],[-74.889688863,42.813338267,364.2],[-74.889730225,42.813332471,364.2],[-74.889771599,42.813325126,364.2],[-74.889809588,42.813316402,364.2],[-74.889844822,42.813306913,364.2],[-74.88987856,42.813297331,364.2],[-74.889911921,42.813288117,364.2],[-74.889945844,42.813279417,364.2],[-74.889981143,42.813271365,364.2],[-74.890016904,42.813264258,364.2],[-74.890050817,42.813258521,364.2],[-74.890080855,42.81325457,364.2],[-74.890107418,42.813252706,364.2],[-74.890132011,42.813253178,364.2],[-74.890156628,42.813256002,364.2],[-74.890185172,42.813260293,364.2],[-74.890221985,42.813264944,364.2],[-74.890267583,42.813269212,364.2],[-74.89031443,42.813273115,364.2],[-74.890354153,42.813276749,364.2],[-74.890384349,42.813279598,364.2],[-74.890409724,42.813280411,364.2],[-74.890435082,42.813278027,364.2],[-74.890461249,42.813272956,364.2],[-74.890486346,42.813266842,364.2],[-74.890508646,42.813261214,364.2],[-74.890527669,42.813256762,364.2],[-74.890543415,42.813253855,364.2],[-74.890556333,42.813252854,364.2],[-74.89056831,42.813254077,364.2],[-74.890581511,42.813257829,364.2],[-74.890596569,42.813263893,364.2],[-74.890611413,42.813271123,364.2],[-74.890623794,42.81327832,364.2],[-74.890633746,42.813285141,364.2],[-74.890643598,42.813292104,364.2],[-74.890655537,42.813299683,364.2],[-74.890669245,42.813307459,364.2],[-74.890682981,42.81331451,364.2],[-74.890695468,42.813320072,364.2],[-74.89070787,42.813324197,364.2],[-74.890722112,42.813327197,364.2],[-74.890739555,42.813329321,364.2],[-74.89076003,42.813330656,364.2],[-74.890783124,42.813331267,364.2],[-74.890808811,42.813331287,364.2],[-74.890837629,42.813330952,364.2],[-74.89087039,42.813330512,364.2],[-74.890911853,42.813330145,364.2],[-74.890970133,42.81332999,364.2],[-74.891052029,42.813330138,364.2],[-74.89115292,42.81333041,364.2],[-74.891262689,42.813330485,364.2],[-74.891373147,42.813330059,364.2],[-74.891484278,42.813328872,364.2],[-74.891598168,42.813326681,364.2],[-74.891715606,42.813323593,364.2],[-74.891834466,42.813320487,364.2],[-74.891952342,42.813318327,364.2],[-74.892070916,42.813317298,364.2],[-74.892196994,42.813316602,364.2],[-74.892336923,42.813315409,364.2],[-74.892486375,42.813313214,364.2],[-74.892633354,42.813309752,364.2],[-74.892767523,42.813304903,364.2],[-74.892890523,42.813299428,364.2],[-74.893008796,42.813294444,364.2],[-74.893126854,42.813290646,364.2],[-74.89324252,42.813287292,364.2],[-74.893352189,42.81328333,364.2],[-74.893452447,42.813278135,364.2],[-74.893540236,42.813271862,364.2],[-74.893612664,42.813264763,364.2],[-74.89367024,42.813257234,364.2],[-74.893717063,42.813249827,364.2],[-74.893757158,42.813243036,364.2],[-74.893791794,42.813236624,364.2],[-74.893820578,42.81322992,364.2],[-74.893843285,42.813222266,364.2],[-74.893860741,42.813213127,364.2],[-74.893874121,42.813202012,364.2],[-74.893884446,42.813188397,364.2],[-74.893892299,42.813171679,364.2],[-74.893898184,42.813151251,364.2],[-74.893902636,42.813126953,364.2],[-74.893906237,42.813099345,364.2],[-74.893909549,42.813069093,364.2],[-74.893912714,42.813037831,364.2],[-74.893915489,42.813008064,364.2],[-74.893917684,42.812982128,364.2],[-74.893919678,42.812960696,364.2],[-74.893922141,42.812943587,364.2],[-74.893925592,42.812930569,364.2],[-74.893929882,42.812921208,364.2],[-74.893934675,42.812915005,364.2],[-74.893939981,42.812911387,364.2],[-74.893946608,42.812909576,364.2],[-74.893955458,42.812908781,364.2],[-74.893966684,42.812908642,364.2],[-74.893979426,42.812909365,364.2],[-74.893992785,42.812911229,364.2],[-74.894006125,42.812915021,364.2],[-74.89401902,42.812921902,364.2],[-74.894031011,42.81293287,364.2],[-74.894041371,42.812947705,364.2],[-74.894049266,42.812965666,364.2],[-74.894054362,42.812985954,364.2],[-74.894058172,42.813007569,364.2],[-74.894062621,42.813029462,364.2],[-74.894068639,42.813050544,364.2],[-74.894075199,42.813069648,364.2],[-74.894081116,42.813085651,364.2],[-74.894087253,42.813098824,364.2],[-74.894096756,42.813111003,364.2],[-74.894112545,42.813123981,364.2],[-74.894133536,42.813138127,364.2],[-74.894156076,42.813152895,364.2],[-74.894177113,42.813167705,364.2],[-74.894197209,42.813181861,364.2],[-74.894218209,42.81319462,364.2],[-74.894240951,42.813205326,364.2],[-74.894263237,42.81321356,364.2],[-74.894282318,42.813218951,364.2],[-74.894296962,42.813221394,364.2],[-74.89430844,42.81322122,364.2],[-74.894318249,42.813218798,364.2],[-74.89432755,42.813214436,364.2],[-74.894337196,42.813208385,364.2],[-74.894347985,42.813200972,364.2],[-74.894360361,42.813193276,364.2],[-74.894374575,42.813186776,364.2],[-74.894390567,42.813182779,364.2],[-74.894406831,42.813181771,364.2],[-74.894421437,42.813183996,364.2],[-74.894433042,42.813189543,364.2],[-74.894441757,42.8131981,364.2],[-74.894447917,42.813209289,364.2],[-74.894451791,42.81322234,364.2],[-74.894453557,42.813235931,364.2],[-74.894453434,42.813248772,364.2],[-74.894452495,42.813260544,364.2],[-74.894452481,42.813271723,364.2],[-74.89445495,42.813282748,364.2],[-74.89445999,42.813293625,364.2],[-74.894467014,42.813304172,364.2],[-74.894475507,42.813314201,364.2],[-74.894485234,42.813323526,364.2],[-74.894496028,42.813331966,364.2],[-74.894507595,42.81333948,364.2],[-74.89451938,42.81334634,364.2],[-74.894530819,42.813352862,364.2],[-74.894542162,42.813359635,364.2],[-74.89455461,42.813367569,364.2],[-74.894569305,42.813377462,364.2],[-74.894585967,42.813388545,364.2],[-74.894603361,42.81339898,364.2],[-74.894620472,42.81340724,364.2],[-74.894637756,42.813413758,364.2],[-74.894656212,42.813419709,364.2],[-74.894676033,42.813425817,364.2],[-74.8946948,42.813431379,364.2],[-74.894709613,42.813435411,364.2],[-74.894720278,42.813437668,364.2],[-74.894731348,42.8134392,364.2],[-74.894747685,42.813441152,364.2],[-74.894770161,42.813443926,364.2],[-74.894795673,42.813447179,364.2],[-74.894821074,42.813450545,364.2],[-74.894844416,42.813453733,364.2],[-74.894856538,42.813455405,364.2],[-74.894864431,42.813456494,364.2],[-74.894880709,42.81345882,364.2],[-74.894897053,42.813461888,364.2],[-74.894918572,42.813467247,364.2],[-74.894944639,42.813474491,364.2],[-74.894963774,42.813485667,364.2],[-74.894980682,42.813493974,364.2],[-74.894996119,42.813499918,364.2],[-74.895010844,42.813503999,364.2],[-74.895025614,42.813506724,364.2],[-74.895041187,42.813508596,364.2],[-74.895058167,42.813510066,364.2],[-74.895076294,42.813511303,364.2],[-74.895095018,42.813512379,364.2],[-74.895113779,42.813513363,364.2],[-74.895132022,42.813514323,364.2],[-74.895149191,42.813515331,364.2],[-74.895164796,42.813516458,364.2],[-74.895178872,42.813517775,364.2],[-74.895191705,42.813519359,364.2],[-74.89520358,42.813521283,364.2],[-74.895214785,42.813523624,364.2],[-74.895225607,42.813526458,364.2],[-74.895236316,42.813529844,364.2],[-74.895246989,42.813533685,364.2],[-74.895257583,42.813537778,364.2],[-74.895268049,42.813541925,364.2],[-74.89527834,42.813545921,364.2],[-74.89528841,42.813549565,364.2],[-74.895298233,42.813552642,364.2],[-74.89530824,42.81355477,364.2],[-74.89531925,42.81355542,364.2],[-74.895332095,42.813554053,364.2],[-74.895347607,42.813550136,364.2],[-74.895366615,42.813543128,364.2],[-74.895389918,42.813532522,364.2],[-74.89541722,42.813518558,364.2],[-74.895446967,42.813502341,364.2],[-74.895477537,42.813485031,364.2],[-74.895507301,42.813467786,364.2],[-74.895534637,42.81345176,364.2],[-74.895557937,42.813438101,364.2],[-74.895576541,42.813427337,364.2],[-74.895591264,42.813419034,364.2],[-74.895603045,42.813412677,364.2],[-74.895612826,42.81340775,364.2],[-74.895621549,42.813403738,364.2],[-74.89563015,42.813400126,364.2],[-74.895639261,42.813396569,364.2],[-74.89564886,42.813393081,364.2],[-74.895658845,42.813389725,364.2],[-74.895669117,42.813386558,364.2],[-74.895679571,42.813383639,364.2],[-74.89569011,42.813381027,364.2],[-74.895700604,42.813378725,364.2],[-74.895710858,42.813376558,364.2],[-74.895720664,42.813374323,364.2],[-74.895729812,42.81337182,364.2],[-74.895738098,42.813368844,364.2],[-74.895745309,42.813365193,364.2],[-74.89575125,42.813360737,364.2],[-74.895754656,42.813356878,364.2],[-74.895755767,42.813355619,364.2],[-74.895758716,42.813350062,364.2],[-74.895759955,42.813344281,364.2],[-74.895759338,42.813338494,364.2],[-74.895756726,42.813332921,364.2],[-74.895752019,42.81332775,364.2],[-74.89574538,42.813323012,364.2],[-74.89573706,42.813318678,364.2],[-74.895727308,42.813314724,364.2],[-74.895716376,42.813311125,364.2],[-74.895704517,42.813307851,364.2],[-74.895691971,42.813304869,364.2],[-74.895678901,42.813302054,364.2],[-74.895665433,42.813299247,364.2],[-74.895651693,42.813296283,364.2],[-74.895637807,42.813292998,364.2],[-74.895623899,42.813289231,364.2],[-74.89561009,42.813284837,364.2],[-74.895596408,42.81327986,364.2],[-74.895582822,42.813274469,364.2],[-74.895569303,42.813268838,364.2],[-74.89555582,42.813263136,364.2],[-74.895542344,42.813257536,364.2],[-74.895528845,42.813252203,364.2],[-74.89551531,42.81324722,364.2],[-74.895501738,42.813242584,364.2],[-74.895488128,42.813238298,364.2],[-74.895474482,42.813234363,364.2],[-74.895460797,42.813230776,364.2],[-74.895447075,42.813227541,364.2],[-74.895433286,42.813224677,364.2],[-74.895419363,42.813222233,364.2],[-74.895405242,42.813220256,364.2],[-74.895390858,42.813218796,364.2],[-74.895376143,42.8132179,364.2],[-74.895361035,42.813217617,364.2],[-74.895345538,42.813217946,364.2],[-74.89532977,42.813218823,364.2],[-74.895313856,42.813220169,364.2],[-74.89529792,42.813221912,364.2],[-74.89528209,42.813223975,364.2],[-74.89526649,42.813226286,364.2],[-74.895251139,42.813228788,364.2],[-74.895235836,42.813231464,364.2],[-74.895220349,42.813234303,364.2],[-74.895204449,42.813237296,364.2],[-74.895187907,42.81324043,364.2],[-74.895170491,42.813243694,364.2],[-74.895151887,42.813247147,364.2],[-74.895131536,42.813251049,364.2],[-74.895108836,42.813255696,364.2],[-74.895083187,42.813261384,364.2],[-74.895053984,42.81326841,364.2],[-74.895020625,42.813277069,364.2],[-74.894988383,42.81328575,364.2],[-74.894956225,42.81329417,364.2],[-74.894925883,42.813301546,364.2],[-74.894896784,42.81330774,364.2],[-74.894869447,42.813312428,364.2],[-74.894845041,42.813315181,364.2],[-74.894824445,42.81331566,364.2],[-74.894806997,42.813314011,364.2],[-74.894791522,42.813310542,364.2],[-74.894777373,42.813305736,364.2],[-74.894765382,42.813300556,364.2],[-74.894756622,42.813296042,364.2],[-74.894751269,42.813292266,364.2],[-74.894748106,42.813287811,364.2],[-74.894745832,42.813281209,364.2],[-74.894743957,42.81327243,364.2],[-74.894742708,42.813262733,364.2],[-74.894742381,42.813253315,364.2],[-74.89474369,42.813244586,364.2],[-74.894747557,42.813236546,364.2],[-74.894754787,42.81322918,364.2],[-74.894765687,42.813222387,364.2],[-74.894780422,42.813216043,364.2],[-74.894798195,42.813210175,364.2],[-74.89481597,42.813205164,364.2],[-74.894830467,42.81320142,364.2],[-74.894841561,42.813198618,364.2],[-74.894853254,42.813195467,364.2],[-74.894869513,42.813190692,364.2],[-74.894889786,42.813184156,364.2],[-74.894910125,42.813176574,364.2],[-74.894926932,42.813168599,364.2],[-74.894939549,42.813160296,364.2],[-74.894948561,42.813151479,364.2],[-74.894954555,42.813142054,364.2],[-74.894958116,42.813132261,364.2],[-74.894959829,42.813122402,364.2],[-74.894959938,42.813112573,364.2],[-74.894958016,42.813102454,364.2],[-74.894953547,42.813091648,364.2],[-74.894945675,42.813079146,364.2],[-74.894933165,42.813063251,364.2],[-74.894914938,42.813042391,364.2],[-74.894891951,42.813016778,364.2],[-74.89486645,42.812987756,364.2],[-74.894840274,42.812956622,364.2],[-74.894812911,42.812924304,364.2],[-74.894783016,42.812891604,364.2],[-74.894749374,42.81285897,364.2],[-74.894711162,42.812825794,364.2],[-74.894667662,42.812791295,364.2],[-74.894620756,42.812756391,364.2],[-74.894576587,42.812724785,364.2],[-74.894541468,42.812700279,364.2],[-74.894517109,42.812683497,364.2],[-74.894500913,42.812672078,364.2],[-74.894490234,42.812663604,364.2],[-74.894483491,42.812656143,364.2],[-74.894479675,42.812648025,364.2],[-74.894477845,42.812637925,364.2],[-74.89447733,42.812626121,364.2],[-74.894477543,42.812613353,364.2],[-74.894478464,42.812600363,364.2],[-74.894481472,42.812587892,364.2],[-74.89448815,42.812576673,364.2],[-74.894499508,42.812566866,364.2],[-74.894515771,42.81255785,364.2],[-74.894537061,42.812548992,364.2],[-74.894562685,42.812540381,364.2],[-74.894591319,42.812532683,364.2],[-74.894622369,42.812526338,364.2],[-74.894660759,42.812520084,364.2],[-74.894713862,42.812511891,364.2],[-74.894784903,42.812500574,364.2],[-74.89486119,42.812488188,364.2],[-74.894926282,42.812477545,364.2],[-74.894971014,42.812469854,364.2],[-74.895001255,42.812463001,364.2],[-74.895024591,42.812454504,364.2],[-74.895044463,42.812443328,364.2],[-74.895059465,42.812430116,364.2],[-74.895068217,42.812415669,364.2],[-74.895072979,42.812401527,364.2],[-74.895078442,42.812389723,364.2],[-74.895088538,42.812382127,364.2],[-74.895102338,42.812379555,364.2],[-74.89511712,42.812382441,364.2],[-74.895130958,42.812390496,364.2],[-74.895144446,42.812401171,364.2],[-74.895158684,42.812411481,364.2],[-74.895174675,42.812419222,364.2],[-74.895193278,42.812423552,364.2],[-74.895215229,42.812423796,364.2],[-74.895239024,42.812420081,364.2],[-74.895260938,42.81241333,364.2],[-74.895277472,42.812404454,364.2],[-74.895288272,42.812393964,364.2],[-74.895294743,42.812382138,364.2],[-74.895298333,42.812369319,364.2],[-74.8953006,42.812356154,364.2],[-74.895303139,42.81234339,364.2],[-74.895307313,42.812331813,364.2],[-74.895313886,42.81232233,364.2],[-74.895323519,42.812315865,364.2],[-74.895336254,42.812313126,364.2],[-74.895351237,42.812314508,364.2],[-74.895367551,42.812320287,364.2],[-74.895384368,42.812329162,364.2],[-74.895400935,42.812338518,364.2],[-74.895416641,42.812345947,364.2],[-74.895431971,42.812351014,364.2],[-74.89544793,42.812354208,364.2],[-74.895465124,42.812356012,364.2],[-74.895482537,42.81235687,364.2],[-74.895498749,42.812357209,364.2],[-74.895513743,42.812357106,364.2],[-74.895530554,42.812355863,364.2],[-74.895552541,42.812352689,364.2],[-74.895580148,42.812347136,364.2],[-74.895610243,42.812339174,364.2],[-74.895639547,42.812328844,364.2],[-74.895665863,42.812316734,364.2],[-74.895687745,42.812303825,364.2],[-74.89570403,42.812290947,364.2],[-74.895715229,42.812277936,364.2],[-74.895722518,42.812264241,364.2],[-74.895726823,42.812249537,364.2],[-74.895728234,42.812234279,364.2],[-74.895726665,42.812219083,364.2],[-74.895721961,42.812204277,364.2],[-74.895713844,42.81218967,364.2],[-74.895702074,42.812175026,364.2],[-74.895687773,42.812160387,364.2],[-74.895673475,42.812146079,364.2],[-74.895661632,42.812132436,364.2],[-74.895653136,42.812119676,364.2],[-74.895647958,42.812107958,364.2],[-74.895645966,42.81209746,364.2],[-74.895646557,42.812088508,364.2],[-74.895648979,42.812081469,364.2],[-74.895653134,42.812076135,364.2],[-74.895660769,42.812070681,364.2],[-74.895673956,42.812062996,364.2],[-74.895695523,42.812049996,364.2],[-74.895729472,42.812027119,364.2],[-74.89577144,42.81199592,364.2],[-74.895780762,42.811990041,364.2],[-74.895787011,42.81198632,364.2],[-74.895795307,42.811981815,364.2],[-74.895806785,42.81197589,364.2],[-74.895836557,42.811961037,364.2],[-74.895853263,42.811951856,364.2],[-74.895863719,42.811945848,364.2],[-74.895870257,42.811941213,364.2],[-74.895881606,42.811932499,364.2],[-74.895890888,42.811925852,364.2],[-74.895896003,42.811922554,364.2],[-74.895900775,42.811920135,364.2],[-74.895907082,42.811917508,364.2],[-74.895912249,42.81191584,364.2],[-74.89591685,42.811914508,364.2],[-74.895920656,42.811913591,364.2],[-74.895955448,42.811906987,364.2],[-74.895965972,42.811905064,364.2],[-74.895976649,42.811902733,364.2],[-74.89603281,42.811889202,364.2],[-74.896038449,42.811887748,364.2],[-74.896080775,42.8118741,364.2],[-74.896106423,42.811858989,364.2],[-74.896115286,42.811843021,364.2],[-74.896113878,42.811826651,364.2],[-74.896110614,42.81180223,364.2],[-74.896108169,42.811777043,364.2],[-74.896107505,42.811755896,364.2],[-74.896113151,42.811738154,364.2],[-74.896134745,42.811731464,364.2],[-74.896177867,42.811745486,364.2],[-74.896222297,42.811765653,364.2],[-74.896252699,42.811776615,364.2],[-74.896285115,42.811784387,364.2],[-74.896326748,42.811783177,364.2],[-74.896368199,42.811773784,364.2],[-74.896405445,42.811757226,364.2],[-74.896445339,42.811728792,364.2],[-74.89648402,42.811686199,364.2],[-74.89650679,42.81164488,364.2],[-74.896517835,42.811613858,364.2],[-74.896531774,42.811593038,364.2],[-74.896549587,42.81158422,364.2],[-74.896579019,42.81158258,364.2],[-74.896617394,42.811588663,364.2],[-74.896652909,42.811605716,364.2],[-74.89667737,42.811631603,364.2],[-74.896698761,42.811656428,364.2],[-74.896732448,42.811675926,364.2],[-74.896783044,42.811688739,364.2],[-74.896837729,42.811691567,364.2],[-74.896879517,42.811679574,364.2],[-74.896920797,42.811657323,364.2],[-74.896966554,42.811630237,364.2],[-74.897016579,42.811600154,364.2],[-74.897074894,42.811566083,364.2],[-74.89711573,42.811527091,364.2],[-74.897143908,42.811483033,364.2],[-74.897173548,42.811439075,364.2],[-74.897210566,42.811403906,364.2],[-74.897271414,42.811378872,364.2],[-74.89733,42.811359398,364.2],[-74.897368555,42.811342059,364.2],[-74.89739218,42.811323371,364.2],[-74.897402025,42.811298119,364.2],[-74.897394207,42.811277242,364.2],[-74.897371584,42.811258142,364.2],[-74.89734233,42.811228942,364.2],[-74.89731593,42.811188238,364.2],[-74.897304914,42.811152217,364.2],[-74.897305744,42.811126241,364.2],[-74.897318174,42.811105176,364.2],[-74.897346647,42.811084565,364.2],[-74.897380165,42.811069883,364.2],[-74.897425748,42.8110673,364.2],[-74.897490543,42.811083251,364.2],[-74.897561771,42.811113195,364.2],[-74.897611665,42.811136491,364.2],[-74.897649642,42.811147726,364.2],[-74.897691586,42.811148517,364.2],[-74.897742455,42.811133496,364.2],[-74.897792073,42.811096293,364.2],[-74.897823092,42.811056937,364.2],[-74.897847738,42.811019306,364.2],[-74.897891642,42.810979916,364.2],[-74.897963809,42.810934044,364.2],[-74.898041942,42.810870873,364.2],[-74.898116423,42.810785265,364.2],[-74.898171583,42.810705494,364.2],[-74.898206578,42.810638038,364.2],[-74.898249058,42.810540562,364.2],[-74.898299814,42.810438766,364.2],[-74.898345765,42.81034313,364.2],[-74.898381554,42.810257652,364.2],[-74.898409269,42.810191539,364.2],[-74.898418034,42.810133701,364.2],[-74.898409584,42.810061595,364.2],[-74.898402622,42.809984343,364.2],[-74.898412918,42.809904277,364.2],[-74.898433044,42.809777724,364.2],[-74.898457472,42.809654638,364.2],[-74.898498541,42.809539041,364.2],[-74.898553984,42.809427094,364.2],[-74.898597274,42.809351089,364.2],[-74.898632657,42.809287084,364.2],[-74.898647591,42.809234509,364.2],[-74.898634503,42.809196676,364.2],[-74.898600564,42.809166177,364.2],[-74.8985514,42.809140052,364.2],[-74.898507206,42.809106616,364.2],[-74.89847236,42.809067254,364.2],[-74.898415923,42.809031419,364.2],[-74.898303435,42.809001897,364.2],[-74.898200401,42.808984092,364.2],[-74.898115074,42.808973135,364.2],[-74.898025916,42.808962564,364.2],[-74.897940166,42.808957131,364.2],[-74.897879288,42.808972454,364.2],[-74.897836816,42.809000511,364.2],[-74.897801622,42.809020292,364.2],[-74.897760893,42.809018108,364.2],[-74.897689069,42.808999226,364.2],[-74.897590203,42.808972001,364.2],[-74.897508838,42.808954122,364.2],[-74.897473729,42.808956743,364.2],[-74.897462185,42.808973859,364.2],[-74.897462343,42.80900563,364.2],[-74.897457446,42.809053497,364.2],[-74.897440839,42.809101219,364.2],[-74.897418862,42.809126181,364.2],[-74.897391725,42.809135251,364.2],[-74.897363569,42.809126856,364.2],[-74.89733972,42.809112376,364.2],[-74.897320942,42.809100823,364.2],[-74.897299499,42.809071588,364.2],[-74.897263536,42.809010047,364.2],[-74.897219806,42.808932386,364.2],[-74.897167055,42.808845011,364.2],[-74.897089468,42.808735012,364.2],[-74.897005382,42.80863428,364.2],[-74.896927186,42.808544494,364.2],[-74.896867919,42.80847162,364.2],[-74.896833767,42.808426453,364.2],[-74.896803384,42.80838866,364.2],[-74.896760441,42.808364724,364.2],[-74.896709276,42.808356172,364.2],[-74.896661767,42.808353501,364.2],[-74.896622567,42.808347146,364.2],[-74.896600781,42.808327163,364.2],[-74.896588996,42.80829804,364.2],[-74.896574367,42.808267002,364.2],[-74.896553012,42.808238152,364.2],[-74.89653046,42.808220746,364.2],[-74.896509482,42.808205586,364.2],[-74.896496192,42.808185594,364.2],[-74.896497478,42.808162131,364.2],[-74.89651262,42.808133421,364.2],[-74.896537845,42.808088095,364.2],[-74.896561706,42.808026474,364.2],[-74.896571993,42.807967843,364.2],[-74.896561691,42.807922273,364.2],[-74.896525999,42.807836644,364.2],[-74.896485266,42.807722745,364.2],[-74.896451897,42.807616977,364.2],[-74.896415286,42.807529962,364.2],[-74.896363901,42.80744906,364.2],[-74.896301062,42.80737507,364.2],[-74.896196497,42.807291145,364.2],[-74.896040625,42.80722248,364.2],[-74.896008123,42.807208711,364.2],[-74.895978855,42.807196123,364.2],[-74.895952597,42.807184634,364.2],[-74.895929126,42.807174155,364.2],[-74.895908222,42.807164602,364.2],[-74.895889662,42.807155891,364.2],[-74.895873221,42.807147936,364.2],[-74.895858681,42.807140649,364.2],[-74.895845814,42.807133948,364.2],[-74.895834401,42.807127747,364.2],[-74.89582422,42.807121961,364.2],[-74.89581509,42.807116518,364.2],[-74.895806935,42.80711139,364.2],[-74.895799695,42.80710655,364.2],[-74.895793311,42.807101973,364.2],[-74.895787721,42.807097634,364.2],[-74.895782868,42.807093508,364.2],[-74.895778689,42.807089567,364.2],[-74.895775125,42.807085789,364.2],[-74.895772118,42.807082147,364.2],[-74.895769605,42.807078617,364.2],[-74.895767528,42.807075172,364.2],[-74.895765785,42.807071641,364.2],[-74.895764547,42.807068459,364.2],[-74.895763628,42.807065156,364.2],[-74.895763078,42.807061872,364.2],[-74.895762891,42.807058587,364.2],[-74.895763059,42.807055287,364.2],[-74.895763574,42.807051955,364.2],[-74.895764431,42.807048577,364.2],[-74.895765619,42.807045136,364.2],[-74.895767133,42.807041616,364.2],[-74.895768965,42.807038001,364.2],[-74.895771123,42.807034291,364.2],[-74.895773631,42.807030494,364.2],[-74.895776512,42.807026624,364.2],[-74.895779789,42.80702269,364.2],[-74.895783487,42.807018701,364.2],[-74.895787628,42.807014674,364.2],[-74.895792237,42.807010615,364.2],[-74.895797335,42.807006537,364.2],[-74.895802949,42.80700245,364.2],[-74.8958091,42.806998367,364.2],[-74.895815812,42.806994296,364.2],[-74.895823076,42.806990236,364.2],[-74.895830874,42.806986176,364.2],[-74.895839181,42.806982106,364.2],[-74.895847975,42.806978017,364.2],[-74.895857233,42.806973898,364.2],[-74.895866933,42.806969737,364.2],[-74.895877053,42.806965525,364.2],[-74.895887568,42.806961253,364.2],[-74.895898459,42.806956909,364.2],[-74.895909701,42.806952483,364.2],[-74.895921269,42.806947966,364.2],[-74.895933109,42.806943369,364.2],[-74.895945154,42.806938705,364.2],[-74.89595734,42.806933991,364.2],[-74.895969605,42.806929239,364.2],[-74.895981881,42.806924464,364.2],[-74.895994104,42.806919684,364.2],[-74.896006208,42.806914911,364.2],[-74.896018129,42.806910162,364.2],[-74.896029803,42.806905449,364.2],[-74.896041164,42.806900791,364.2],[-74.896125184,42.806855173,364.2],[-74.896206597,42.8068183,364.2],[-74.896263279,42.806789354,364.2],[-74.896299883,42.806767087,364.2],[-74.896318693,42.8067479,364.2],[-74.896326855,42.806722315,364.2],[-74.896329528,42.806695501,364.2],[-74.89632994,42.8066761,364.2],[-74.896328162,42.806659844,364.2],[-74.89632393,42.806642735,364.2],[-74.896317744,42.806626078,364.2],[-74.896312519,42.806610147,364.2],[-74.89631406,42.806593855,364.2],[-74.896334319,42.806575978,364.2],[-74.896381532,42.80655514,364.2],[-74.896443849,42.806529689,364.2],[-74.896506797,42.806500998,364.2],[-74.896558529,42.806474975,364.2],[-74.896595191,42.806454243,364.2],[-74.896619446,42.806437976,364.2],[-74.896636796,42.80642165,364.2],[-74.89665402,42.806401565,364.2],[-74.896678463,42.806380279,364.2],[-74.89671172,42.80636063,364.2],[-74.896748567,42.806344096,364.2],[-74.896800867,42.806329405,364.2],[-74.896886518,42.806313927,364.2],[-74.896988318,42.806297794,364.2],[-74.897083833,42.806281658,364.2],[-74.897168404,42.806264992,364.2],[-74.897249597,42.806244935,364.2],[-74.897343533,42.806216991,364.2],[-74.897428937,42.806188741,364.2],[-74.897471608,42.806171645,364.2],[-74.897492379,42.806158171,364.2],[-74.897523271,42.806139229,364.2],[-74.897582633,42.806115476,364.2],[-74.897673915,42.80608677,364.2],[-74.897784806,42.806051413,364.2],[-74.897892723,42.806016517,364.2],[-74.897977621,42.805990939,364.2],[-74.898054103,42.805968824,364.2],[-74.898139305,42.805941381,364.2],[-74.898235715,42.805902461,364.2],[-74.898335322,42.805855026,364.2],[-74.898422697,42.805810115,364.2],[-74.898495709,42.805770278,364.2],[-74.898560421,42.805731538,364.2],[-74.898627216,42.805682411,364.2],[-74.898697782,42.805620879,364.2],[-74.898756518,42.805565003,364.2],[-74.898801013,42.805519071,364.2],[-74.898841681,42.805473688,364.2],[-74.898879928,42.805428414,364.2],[-74.898913274,42.805384163,364.2],[-74.898941142,42.805331364,364.2],[-74.898965729,42.805267395,364.2],[-74.898992712,42.805204493,364.2],[-74.899020483,42.805146784,364.2],[-74.899041783,42.805091403,364.2],[-74.89905456,42.805042395,364.2],[-74.899060081,42.805003662,364.2],[-74.899062882,42.804969467,364.2],[-74.899065343,42.804935827,364.2],[-74.899065363,42.804903592,364.2],[-74.899056509,42.804864964,364.2],[-74.899031881,42.80480951,364.2],[-74.898999981,42.804752506,364.2],[-74.898968363,42.804709453,364.2],[-74.898926261,42.804669868,364.2],[-74.898874598,42.804628594,364.2],[-74.898832534,42.804592642,364.2],[-74.89879541,42.804555028,364.2],[-74.898746711,42.804502747,364.2],[-74.898699113,42.804445448,364.2],[-74.898667017,42.804396645,364.2],[-74.898644685,42.804360366,364.2],[-74.898626473,42.80433516,364.2],[-74.898610779,42.804314909,364.2],[-74.898597876,42.804296543,364.2],[-74.898590263,42.80427901,364.2],[-74.898596178,42.804260976,364.2],[-74.898616782,42.804242687,364.2],[-74.8986341,42.804227908,364.2],[-74.898640535,42.804215472,364.2],[-74.8986426,42.804198964,364.2],[-74.898644168,42.804179223,364.2],[-74.89864649,42.804160824,364.2],[-74.898647768,42.804146248,364.2],[-74.898645866,42.804136218,364.2],[-74.898639473,42.804129103,364.2],[-74.898624798,42.804123056,364.2],[-74.898596792,42.804116449,364.2],[-74.898561789,42.804108848,364.2],[-74.898530392,42.804100527,364.2],[-74.898507423,42.804092168,364.2],[-74.898493806,42.804082038,364.2],[-74.898485957,42.804063834,364.2],[-74.898480965,42.804029762,364.2],[-74.898477049,42.803974242,364.2],[-74.898473099,42.803915081,364.2],[-74.898468399,42.803873277,364.2],[-74.89846258,42.803844758,364.2],[-74.898455646,42.803823092,364.2],[-74.898447888,42.803806577,364.2],[-74.898436163,42.803792551,364.2],[-74.89841491,42.803777816,364.2],[-74.898381343,42.803763198,364.2],[-74.898337098,42.80375013,364.2],[-74.898293515,42.803736941,364.2],[-74.898256974,42.803724318,364.2],[-74.898223912,42.803716954,364.2],[-74.898190703,42.803715155,364.2],[-74.898155932,42.803714886,364.2],[-74.898127965,42.803707203,364.2],[-74.898113483,42.803687079,364.2],[-74.898105126,42.803664672,364.2],[-74.898098655,42.803646978,364.2],[-74.898096869,42.803633478,364.2],[-74.898100059,42.80362433,364.2],[-74.898107016,42.803620066,364.2],[-74.898119282,42.803618979,364.2],[-74.898140438,42.803620556,364.2],[-74.898176754,42.803628701,364.2],[-74.898232621,42.803639804,364.2],[-74.898308268,42.803641533,364.2],[-74.898388522,42.80363289,364.2],[-74.898454835,42.803618709,364.2],[-74.89851577,42.803597386,364.2],[-74.898581264,42.803568033,364.2],[-74.898647303,42.803535152,364.2],[-74.898716767,42.803496212,364.2],[-74.898798873,42.803442734,364.2],[-74.898873466,42.803389418,364.2],[-74.898913638,42.803356496,364.2],[-74.898931932,42.803333828,364.2],[-74.898946023,42.803308931,364.2],[-74.898963362,42.803280366,364.2],[-74.898986899,42.803251189,364.2],[-74.899016855,42.803226397,364.2],[-74.899057714,42.803200925,364.2],[-74.899110175,42.80316877,364.2],[-74.899153094,42.803138897,364.2],[-74.899175271,42.80311531,364.2],[-74.899191606,42.803087712,364.2],[-74.899212483,42.803055211,364.2],[-74.899240648,42.803025054,364.2],[-74.899269674,42.802993465,364.2],[-74.899291484,42.802952033,364.2],[-74.899305673,42.80289381,364.2],[-74.899316459,42.802823598,364.2],[-74.899332208,42.802763313,364.2],[-74.899350597,42.802718503,364.2],[-74.899362093,42.802679723,364.2],[-74.899368051,42.802633665,364.2],[-74.899371766,42.802572959,364.2],[-74.899370633,42.802545424,364.2],[-74.899369241,42.802511594,364.2],[-74.899355846,42.802458799,364.2],[-74.899328734,42.80241152,364.2],[-74.899295758,42.802368895,364.2],[-74.899270585,42.802332374,364.2],[-74.899256189,42.80230355,364.2],[-74.899251033,42.802282609,364.2],[-74.8992519,42.802265945,364.2],[-74.899257142,42.802250289,364.2],[-74.899267465,42.802233894,364.2],[-74.899283479,42.802218643,364.2],[-74.899305796,42.802208085,364.2],[-74.899335908,42.802202463,364.2],[-74.899374632,42.802200344,364.2],[-74.899420718,42.802198823,364.2],[-74.899478644,42.802194431,364.2],[-74.899558499,42.802183562,364.2],[-74.899655347,42.802165458,364.2],[-74.89975534,42.802140872,364.2],[-74.899845599,42.802109715,364.2],[-74.899922145,42.802072043,364.2],[-74.899998756,42.802028712,364.2],[-74.90007835,42.801979836,364.2],[-74.900151543,42.801924034,364.2],[-74.900223611,42.801854448,364.2],[-74.900303036,42.801767133,364.2],[-74.900378307,42.801681499,364.2],[-74.900441198,42.801610241,364.2],[-74.90049899,42.801542441,364.2],[-74.900550551,42.801476514,364.2],[-74.900586318,42.801421165,364.2],[-74.900607234,42.801375424,364.2],[-74.900618992,42.801333388,364.2],[-74.900625516,42.801288969,364.2],[-74.900627491,42.80124126,364.2],[-74.900621362,42.801197698,364.2],[-74.900614495,42.801154885,364.2],[-74.900620872,42.80110217,364.2],[-74.900631515,42.801049333,364.2],[-74.900634376,42.801006575,364.2],[-74.900639614,42.800956912,364.2],[-74.900649716,42.800890313,364.2],[-74.900649361,42.800816206,364.2],[-74.900638457,42.800747416,364.2],[-74.900627913,42.800695544,364.2],[-74.900614984,42.800656077,364.2],[-74.900595182,42.800621525,364.2],[-74.900574531,42.80059371,364.2],[-74.900558059,42.80057154,364.2],[-74.900546804,42.800547847,364.2],[-74.900542226,42.800519606,364.2],[-74.900545374,42.800487208,364.2],[-74.900552075,42.800451855,364.2],[-74.900558484,42.800414266,364.2],[-74.90056609,42.800373349,364.2],[-74.900571795,42.800332167,364.2],[-74.900566396,42.800298362,364.2],[-74.900549658,42.800267673,364.2],[-74.900527454,42.800228992,364.2],[-74.90050612,42.800176134,364.2],[-74.900488438,42.800109848,364.2],[-74.90046894,42.800043035,364.2],[-74.900446893,42.799982746,364.2],[-74.900427849,42.799927683,364.2],[-74.900412591,42.799879449,364.2],[-74.900398168,42.79984043,364.2],[-74.900378222,42.799807819,364.2],[-74.900348319,42.799777711,364.2],[-74.900310115,42.799747094,364.2],[-74.900270166,42.799717428,364.2],[-74.9002386,42.799693917,364.2],[-74.900219124,42.79967489,364.2],[-74.900211322,42.799656404,364.2],[-74.900212081,42.799640009,364.2],[-74.900217915,42.799626768,364.2],[-74.900225909,42.79961435,364.2],[-74.900233523,42.799601503,364.2],[-74.900238958,42.799588276,364.2],[-74.900243733,42.79957433,364.2],[-74.900249228,42.799559143,364.2],[-74.900250878,42.799542292,364.2],[-74.900245345,42.799523742,364.2],[-74.900233538,42.799504072,364.2],[-74.900216415,42.799483922,364.2],[-74.900194011,42.799463947,364.2],[-74.900162059,42.799444901,364.2],[-74.900117945,42.799427713,364.2],[-74.900069896,42.799413678,364.2],[-74.900026382,42.799401196,364.2],[-74.899992729,42.799384324,364.2],[-74.899969581,42.799359573,364.2],[-74.899954854,42.799326745,364.2],[-74.8999505,42.799292514,364.2],[-74.899956273,42.799263701,364.2],[-74.899961609,42.799240334,364.2],[-74.899962795,42.799221398,364.2],[-74.899967683,42.799206043,364.2],[-74.899980674,42.799192997,364.2],[-74.900001669,42.799180976,364.2],[-74.900022353,42.799170258,364.2],[-74.90003563,42.799161356,364.2],[-74.900044353,42.799153946,364.2],[-74.900051507,42.799143547,364.2],[-74.90005839,42.799121201,364.2],[-74.900066923,42.799083483,364.2],[-74.900077218,42.799032693,364.2],[-74.900078424,42.798981137,364.2],[-74.900064044,42.798938176,364.2],[-74.900044582,42.798899969,364.2],[-74.900026298,42.798865863,364.2],[-74.900007642,42.798840215,364.2],[-74.899982657,42.798821555,364.2],[-74.899947087,42.798804636,364.2],[-74.89991368,42.798782839,364.2],[-74.899891869,42.798755038,364.2],[-74.899875167,42.798731529,364.2],[-74.89985694,42.798713862,364.2],[-74.899832662,42.798694371,364.2],[-74.899800356,42.798674323,364.2],[-74.8997618,42.798658438,364.2],[-74.899728293,42.798646355,364.2],[-74.899705396,42.798635442,364.2],[-74.89968454,42.798621317,364.2],[-74.89966528,42.798603149,364.2],[-74.899654571,42.79858343,364.2],[-74.899648464,42.798563972,364.2],[-74.899639742,42.798544415,364.2],[-74.899627578,42.798518378,364.2],[-74.899609385,42.798487004,364.2],[-74.899578366,42.798465116,364.2],[-74.899542678,42.798454762,364.2],[-74.899520374,42.798446926,364.2],[-74.899510475,42.798436612,364.2],[-74.89950664,42.798422271,364.2],[-74.899510472,42.798407342,364.2],[-74.899522671,42.798391686,364.2],[-74.899540142,42.798368895,364.2],[-74.899556645,42.798338785,364.2],[-74.899564756,42.798305916,364.2],[-74.899562644,42.798273069,364.2],[-74.899551228,42.798241785,364.2],[-74.899533234,42.798212091,364.2],[-74.89951203,42.798183037,364.2],[-74.899491326,42.798152965,364.2],[-74.899473834,42.79812349,364.2],[-74.899461192,42.798097085,364.2],[-74.899453155,42.798068854,364.2],[-74.89944983,42.798035359,364.2],[-74.899453591,42.798002513,364.2],[-74.89946268,42.797972158,364.2],[-74.899470046,42.797940095,364.2],[-74.899469986,42.797908591,364.2],[-74.899459164,42.797882523,364.2],[-74.899440606,42.797859364,364.2],[-74.899419448,42.797835651,364.2],[-74.899401289,42.797810717,364.2],[-74.899389193,42.797784865,364.2],[-74.89938265,42.79775913,364.2],[-74.899374147,42.797735287,364.2],[-74.8993542,42.797715315,364.2],[-74.89932096,42.797700446,364.2],[-74.899280212,42.7976893,364.2],[-74.899248368,42.797675988,364.2],[-74.899231614,42.797660229,364.2],[-74.899224945,42.797647159,364.2],[-74.899224908,42.797636288,364.2],[-74.899229811,42.797625195,364.2],[-74.899240757,42.797615135,364.2],[-74.899258309,42.79760744,364.2],[-74.899280761,42.797601986,364.2],[-74.899303485,42.797596994,364.2],[-74.899320288,42.797589539,364.2],[-74.899331198,42.797578167,364.2],[-74.89933845,42.797563047,364.2],[-74.899342251,42.797547487,364.2],[-74.899342817,42.797533705,364.2],[-74.89934095,42.79752108,364.2],[-74.899335962,42.79750806,364.2],[-74.899326485,42.79749303,364.2],[-74.89931496,42.79747763,364.2],[-74.899303656,42.797463748,364.2],[-74.899289762,42.79745018,364.2],[-74.899270036,42.79743603,364.2],[-74.899242111,42.797421591,364.2],[-74.899205507,42.797405909,364.2],[-74.899162067,42.797388072,364.2],[-74.899119372,42.797373061,364.2],[-74.899084595,42.797365069,364.2],[-74.899058308,42.797360573,364.2],[-74.899037256,42.797355373,364.2],[-74.89901529,42.797346112,364.2],[-74.898994407,42.797330045,364.2],[-74.898980935,42.797306574,364.2],[-74.898974995,42.797284188,364.2],[-74.898975053,42.797268288,364.2],[-74.898980448,42.797250152,364.2],[-74.898990784,42.797225547,364.2],[-74.899005822,42.797197574,364.2],[-74.899025344,42.797165081,364.2],[-74.899048215,42.797126686,364.2],[-74.899069092,42.797092756,364.2],[-74.899083665,42.797070377,364.2],[-74.899092422,42.797052483,364.2],[-74.899095999,42.797034011,364.2],[-74.899094467,42.797014121,364.2],[-74.899087266,42.796993066,364.2],[-74.899074651,42.796972014,364.2],[-74.899061491,42.796953922,364.2],[-74.899049703,42.796940028,364.2],[-74.899033522,42.796927476,364.2],[-74.899012968,42.796915081,364.2],[-74.898993448,42.796903674,364.2],[-74.89897183,42.796893604,364.2],[-74.898942621,42.796884966,364.2],[-74.898907249,42.796877922,364.2],[-74.898869819,42.796873488,364.2],[-74.898836129,42.796873917,364.2],[-74.898808212,42.796877654,364.2],[-74.898784673,42.796880418,364.2],[-74.898764198,42.796883141,364.2],[-74.898745158,42.796888376,364.2],[-74.898724642,42.796896404,364.2],[-74.898701967,42.796906115,364.2],[-74.898680257,42.796914991,364.2],[-74.898661616,42.796921078,364.2],[-74.898646738,42.796923206,364.2],[-74.898634133,42.796921695,364.2],[-74.898622426,42.796917403,364.2],[-74.898613006,42.796911081,364.2],[-74.898607707,42.79690327,364.2],[-74.898608098,42.796894302,364.2],[-74.89861292,42.796885394,364.2],[-74.89861957,42.796878103,364.2],[-74.898629249,42.796872292,364.2],[-74.898643096,42.796866986,364.2],[-74.898658632,42.79686058,364.2],[-74.898674136,42.796851852,364.2],[-74.898689449,42.796840096,364.2],[-74.898702685,42.796823571,364.2],[-74.898711126,42.796801205,364.2],[-74.898713862,42.796778759,364.2],[-74.898711247,42.796760571,364.2],[-74.89870519,42.796742772,364.2],[-74.898695169,42.796723061,364.2],[-74.898678349,42.796702585,364.2],[-74.898659533,42.79668538,364.2],[-74.89864596,42.796675621,364.2],[-74.89863551,42.796671033,364.2],[-74.898624216,42.79666885,364.2],[-74.898609842,42.796669034,364.2],[-74.898592392,42.796671394,364.2],[-74.898573943,42.796675148,364.2],[-74.898556341,42.796678846,364.2],[-74.898540751,42.79668097,364.2],[-74.898526355,42.796681084,364.2],[-74.898513299,42.796679078,364.2],[-74.898504431,42.796674926,364.2],[-74.898501534,42.796668209,364.2],[-74.898505412,42.796658149,364.2],[-74.898519238,42.796644165,364.2],[-74.898544357,42.796626287,364.2],[-74.898571628,42.796606399,364.2],[-74.898594051,42.796588019,364.2],[-74.898612272,42.79657636,364.2],[-74.898628772,42.796570063,364.2],[-74.898646246,42.796562719,364.2],[-74.898662399,42.796552926,364.2],[-74.898674035,42.79654135,364.2],[-74.898681811,42.796528243,364.2],[-74.898686455,42.796513735,364.2],[-74.898687732,42.796497871,364.2],[-74.898687104,42.796480081,364.2],[-74.898686513,42.796459367,364.2],[-74.898682335,42.796435037,364.2],[-74.898670373,42.796407041,364.2],[-74.898650883,42.796376884,364.2],[-74.898626484,42.796348611,364.2],[-74.898601833,42.796328839,364.2],[-74.898579721,42.796316754,364.2],[-74.898560975,42.796306964,364.2],[-74.8985434,42.796298249,364.2],[-74.89852398,42.796291246,364.2],[-74.898500257,42.796287584,364.2],[-74.89847216,42.796288775,364.2],[-74.898442597,42.796295702,364.2],[-74.898415749,42.796306022,364.2],[-74.898395256,42.796315881,364.2],[-74.898378743,42.79632393,364.2],[-74.898362247,42.796329274,364.2],[-74.898342538,42.796330324,364.2],[-74.898321337,42.796326201,364.2],[-74.898305347,42.796317226,364.2],[-74.898296208,42.796306533,364.2],[-74.898292745,42.796297876,364.2],[-74.898294799,42.796290842,364.2],[-74.898303872,42.796283729,364.2],[-74.898324066,42.796274569,364.2],[-74.898354791,42.796262044,364.2],[-74.898389846,42.79624589,364.2],[-74.898418928,42.796228871,364.2],[-74.898433286,42.796214369,364.2],[-74.898437876,42.796202176,364.2],[-74.89843819,42.796189315,364.2],[-74.898434619,42.796169671,364.2],[-74.898428041,42.796144148,364.2],[-74.898420018,42.79611982,364.2],[-74.898410078,42.7960989,364.2],[-74.898397845,42.796081272,364.2],[-74.898386598,42.796066911,364.2],[-74.898378051,42.79605582,364.2],[-74.898370009,42.796047941,364.2],[-74.898359676,42.796042237,364.2],[-74.898344648,42.796037198,364.2],[-74.898326403,42.796033645,364.2],[-74.898306709,42.796032869,364.2],[-74.898283291,42.796034585,364.2],[-74.898255317,42.796037813,364.2],[-74.898225415,42.796041064,364.2],[-74.898198347,42.796044125,364.2],[-74.898178931,42.796047459,364.2],[-74.898163883,42.796049527,364.2],[-74.898148938,42.796048525,364.2],[-74.898135438,42.796043914,364.2],[-74.898124707,42.79603254,364.2],[-74.898116707,42.796008473,364.2],[-74.898110912,42.795978875,364.2],[-74.898106515,42.795957163,364.2],[-74.898102658,42.795941468,364.2],[-74.898099013,42.795926812,364.2],[-74.898096575,42.79591325,364.2],[-74.898096079,42.795901636,364.2],[-74.898097821,42.795892636,364.2],[-74.898103822,42.795884399,364.2],[-74.898116369,42.79587324,364.2],[-74.898133946,42.795854099,364.2],[-74.898154089,42.795823859,364.2],[-74.898174709,42.79578462,364.2],[-74.898192865,42.795739926,364.2],[-74.898205019,42.795694325,364.2],[-74.898211503,42.79565417,364.2],[-74.898214695,42.795623747,364.2],[-74.898216437,42.795594434,364.2],[-74.898219263,42.79555875,364.2],[-74.898227166,42.795518428,364.2],[-74.898238864,42.795478896,364.2],[-74.898248084,42.795446825,364.2],[-74.898252431,42.795417444,364.2],[-74.898251689,42.795382356,364.2],[-74.898246112,42.795341368,364.2],[-74.898238267,42.795298898,364.2],[-74.898234416,42.795263554,364.2],[-74.898235508,42.795232621,364.2],[-74.898237304,42.795194875,364.2],[-74.898235284,42.795155008,364.2],[-74.898226398,42.795119918,364.2],[-74.898212681,42.795079324,364.2],[-74.898195745,42.79502708,364.2],[-74.898174832,42.79496958,364.2],[-74.898149428,42.794913551,364.2],[-74.898120533,42.794864697,364.2],[-74.898096637,42.794826348,364.2],[-74.898084817,42.794799755,364.2],[-74.898078879,42.794782769,364.2],[-74.898073114,42.794772348,364.2],[-74.898066108,42.794765287,364.2],[-74.898055692,42.79476107,364.2],[-74.898039833,42.794760684,364.2],[-74.898021969,42.794762125,364.2],[-74.898005656,42.794762102,364.2],[-74.897989482,42.794756875,364.2],[-74.897974012,42.794746301,364.2],[-74.897963218,42.794734803,364.2],[-74.897957561,42.794723333,364.2],[-74.897955517,42.794710498,364.2],[-74.897958292,42.794695888,364.2],[-74.897966987,42.794678746,364.2],[-74.89798024,42.794656793,364.2],[-74.897994397,42.794630603,364.2],[-74.898003446,42.794603677,364.2],[-74.898000801,42.794571543,364.2],[-74.897983021,42.794528695,364.2],[-74.897962432,42.794487584,364.2],[-74.897950011,42.794456187,364.2],[-74.897943862,42.794421839,364.2],[-74.897939125,42.794378373,364.2],[-74.897930241,42.794329736,364.2],[-74.897918067,42.794281512,364.2],[-74.897906495,42.794238886,364.2],[-74.897897386,42.794202841,364.2],[-74.897892001,42.794171017,364.2],[-74.897891341,42.79413694,364.2],[-74.897893312,42.794099831,364.2],[-74.897893334,42.794063698,364.2],[-74.897890905,42.794022237,364.2],[-74.897887213,42.793968949,364.2],[-74.897882089,42.793915525,364.2],[-74.897874011,42.793869208,364.2],[-74.897859956,42.793822592,364.2],[-74.897842783,42.793776653,364.2],[-74.897829904,42.793740261,364.2],[-74.89782303,42.79371622,364.2],[-74.897819926,42.793700754,364.2],[-74.897813976,42.793677823,364.2],[-74.89780305,42.793641283,364.2],[-74.897793212,42.793604017,364.2],[-74.897785536,42.793570386,364.2],[-74.897776485,42.793536879,364.2],[-74.897762326,42.793501967,364.2],[-74.897743039,42.793466951,364.2],[-74.897729408,42.793438755,364.2],[-74.897726087,42.793419376,364.2],[-74.89772642,42.793402612,364.2],[-74.897727067,42.793386155,364.2],[-74.897727535,42.793370977,364.2],[-74.897726237,42.793358011,364.2],[-74.897721918,42.793347627,364.2],[-74.897715237,42.79333883,364.2],[-74.897706054,42.793330571,364.2],[-74.897692782,42.793321916,364.2],[-74.897673486,42.793310783,364.2],[-74.897647599,42.793295464,364.2],[-74.897622297,42.793280015,364.2],[-74.897604717,42.793267855,364.2],[-74.897596088,42.793256678,364.2],[-74.897594936,42.793244788,364.2],[-74.89759785,42.793232104,364.2],[-74.897603719,42.793218021,364.2],[-74.897612565,42.793201819,364.2],[-74.897623092,42.79318391,364.2],[-74.897632944,42.793165563,364.2],[-74.897638359,42.793149027,364.2],[-74.897636526,42.793133314,364.2],[-74.897626344,42.793114444,364.2],[-74.897611265,42.793093578,364.2],[-74.897596036,42.793073949,364.2],[-74.89758099,42.793055823,364.2],[-74.897564887,42.793038946,364.2],[-74.897545834,42.793023425,364.2],[-74.897526681,42.793007625,364.2],[-74.897514044,42.792988747,364.2],[-74.89750796,42.792968338,364.2],[-74.897505107,42.792948856,364.2],[-74.897501739,42.79292852,364.2],[-74.897496772,42.792907267,364.2],[-74.897493631,42.792889372,364.2],[-74.897492512,42.792874949,364.2],[-74.897490951,42.792860535,364.2],[-74.897490117,42.792845387,364.2],[-74.897492333,42.792829792,364.2],[-74.897498521,42.792813368,364.2],[-74.897507842,42.792794237,364.2],[-74.897517266,42.792768922,364.2],[-74.897524979,42.792741594,364.2],[-74.897530221,42.792720753,364.2],[-74.897532005,42.792703921,364.2],[-74.897529507,42.79268594,364.2],[-74.89752273,42.792666267,364.2],[-74.897513262,42.792646505,364.2],[-74.897504614,42.792629889,364.2],[-74.897499023,42.792616837,364.2],[-74.897497867,42.792605079,364.2],[-74.897503225,42.792588997,364.2],[-74.897513672,42.792565402,364.2],[-74.89751842,42.792540193,364.2],[-74.897513684,42.792517965,364.2],[-74.897506036,42.792499703,364.2],[-74.897498338,42.792484571,364.2],[-74.897490445,42.792470979,364.2],[-74.897481213,42.792458675,364.2],[-74.89747034,42.792447822,364.2],[-74.897460066,42.792438561,364.2],[-74.897451362,42.792430338,364.2],[-74.897443538,42.792421961,364.2],[-74.897437844,42.792413696,364.2],[-74.897436031,42.792406343,364.2],[-74.897436922,42.792399244,364.2],[-74.897439836,42.792391336,364.2],[-74.897446687,42.792381664,364.2],[-74.897457734,42.792371855,364.2],[-74.897471195,42.79236564,364.2],[-74.89748534,42.792362038,364.2],[-74.897498698,42.792358225,364.2],[-74.897510533,42.792353953,364.2],[-74.897520258,42.792347883,364.2],[-74.897527241,42.79233576,364.2],[-74.897531279,42.79231905,364.2],[-74.897532582,42.792304106,364.2],[-74.897531531,42.792291468,364.2],[-74.897528378,42.792279473,364.2],[-74.897522721,42.792268553,364.2],[-74.89751448,42.792259314,364.2],[-74.897504453,42.792251829,364.2],[-74.897495242,42.792245152,364.2],[-74.897490348,42.792237851,364.2],[-74.897489489,42.792230759,364.2],[-74.897491444,42.792225148,364.2],[-74.89749701,42.792220678,364.2],[-74.89750609,42.792216698,364.2],[-74.897516697,42.792212514,364.2],[-74.897527706,42.792206861,364.2],[-74.897538315,42.792197795,364.2],[-74.897545018,42.792181938,364.2],[-74.897545822,42.792156212,364.2],[-74.897545751,42.792119977,364.2],[-74.897547876,42.792076946,364.2],[-74.897550867,42.792035667,364.2],[-74.897552165,42.791998248,364.2],[-74.897549178,42.791962147,364.2],[-74.897542581,42.791925061,364.2],[-74.897534233,42.791887906,364.2],[-74.897526145,42.791859184,364.2],[-74.89751871,42.791841977,364.2],[-74.897510186,42.791831225,364.2],[-74.897497546,42.79182122,364.2],[-74.89747872,42.79180774,364.2],[-74.897459682,42.791794139,364.2],[-74.897443985,42.791783534,364.2],[-74.897424642,42.791773494,364.2],[-74.897401471,42.79176305,364.2],[-74.897382864,42.791753326,364.2],[-74.897371334,42.791741806,364.2],[-74.89736542,42.791725487,364.2],[-74.897361925,42.79170828,364.2],[-74.897358864,42.791693205,364.2],[-74.897357563,42.791677849,364.2],[-74.89735864,42.791661502,364.2],[-74.89736174,42.791645738,364.2],[-74.897367751,42.791631234,364.2],[-74.897377817,42.791618127,364.2],[-74.897391518,42.791606447,364.2],[-74.897407075,42.791596411,364.2],[-74.897421063,42.79158854,364.2],[-74.897432862,42.791581681,364.2],[-74.897444149,42.791573489,364.2],[-74.89745335,42.791564324,364.2],[-74.897458256,42.791554155,364.2],[-74.897459682,42.79153737,364.2],[-74.897459434,42.791510336,364.2],[-74.897459736,42.791474734,364.2],[-74.897460189,42.791434689,364.2],[-74.897458483,42.79139534,364.2],[-74.897454159,42.791357849,364.2],[-74.897448606,42.79132099,364.2],[-74.897446379,42.791281327,364.2],[-74.89744966,42.791237876,364.2],[-74.897456211,42.791193825,364.2],[-74.897462894,42.79115186,364.2],[-74.897466915,42.791113872,364.2],[-74.897469869,42.791080783,364.2],[-74.897474174,42.791051895,364.2],[-74.897480104,42.791023139,364.2],[-74.897488056,42.790993363,364.2],[-74.897498922,42.790965684,364.2],[-74.897511575,42.790938597,364.2],[-74.897523504,42.790907469,364.2],[-74.897532164,42.790868692,364.2],[-74.897536031,42.790822788,364.2],[-74.897536067,42.790779348,364.2],[-74.897534337,42.790744739,364.2],[-74.897533619,42.790719196,364.2],[-74.897535003,42.790696325,364.2],[-74.897538629,42.79066746,364.2],[-74.897545118,42.790631204,364.2],[-74.897554187,42.790590441,364.2],[-74.897563259,42.790552589,364.2],[-74.89756981,42.790522277,364.2],[-74.897572084,42.790499802,364.2],[-74.897571821,42.790479376,364.2],[-74.897571295,42.790452766,364.2],[-74.897567057,42.790415091,364.2],[-74.897558054,42.790370641,364.2],[-74.89755072,42.790339269,364.2],[-74.89754851,42.790325162,364.2],[-74.897550903,42.790316338,364.2],[-74.897555967,42.790309713,364.2],[-74.897561514,42.790306266,364.2],[-74.89756669,42.7903044,364.2],[-74.897571513,42.790302331,364.2],[-74.897576949,42.790299013,364.2],[-74.897583343,42.790293594,364.2],[-74.897590367,42.790285463,364.2],[-74.897597529,42.790274941,364.2],[-74.897604226,42.790262791,364.2],[-74.897609721,42.79024989,364.2],[-74.897613561,42.790237103,364.2],[-74.897615801,42.790225173,364.2],[-74.897616433,42.790213541,364.2],[-74.89761495,42.79020005,364.2],[-74.897608293,42.790178947,364.2],[-74.897595689,42.790148052,364.2],[-74.89758603,42.790119825,364.2],[-74.897583269,42.790101172,364.2],[-74.89758194,42.790087128,364.2],[-74.897580017,42.790072792,364.2],[-74.897578533,42.790055235,364.2],[-74.897578504,42.790038738,364.2],[-74.897581192,42.790027754,364.2],[-74.897588515,42.790020403,364.2],[-74.897599617,42.790014335,364.2],[-74.89761022,42.790007734,364.2],[-74.897619905,42.789996324,364.2],[-74.897630359,42.789974842,364.2],[-74.897640239,42.789941403,364.2],[-74.89764754,42.789900093,364.2],[-74.897651065,42.789866266,364.2],[-74.897651301,42.789845991,364.2],[-74.897650395,42.789832736,364.2],[-74.8976485,42.789822488,364.2],[-74.897645132,42.789813646,364.2],[-74.897642503,42.789806771,364.2],[-74.897642286,42.789802035,364.2],[-74.897643362,42.789797539,364.2],[-74.897645058,42.789792136,364.2],[-74.89764739,42.789785843,364.2],[-74.897648838,42.789779404,364.2],[-74.897647872,42.789773588,364.2],[-74.897646374,42.789767813,364.2],[-74.897646536,42.789760836,364.2],[-74.897649323,42.789750859,364.2],[-74.897652162,42.78973745,364.2],[-74.897650076,42.789721718,364.2],[-74.897645183,42.789706095,364.2],[-74.897642049,42.789692571,364.2],[-74.897641515,42.789679349,364.2],[-74.897642319,42.789664877,364.2],[-74.897641216,42.789649444,364.2],[-74.897637817,42.789632262,364.2],[-74.897634388,42.789611831,364.2],[-74.897633117,42.789589451,364.2],[-74.897636719,42.789566226,364.2],[-74.897649742,42.789538758,364.2],[-74.897670854,42.789507233,364.2],[-74.89768943,42.789478447,364.2],[-74.897701563,42.789453009,364.2],[-74.897708961,42.789426781,364.2],[-74.897711273,42.789399323,364.2],[-74.897708792,42.789371506,364.2],[-74.897706081,42.789343694,364.2],[-74.897704597,42.789316851,364.2],[-74.897700525,42.789292542,364.2],[-74.897692409,42.789267014,364.2],[-74.89768086,42.789235035,364.2],[-74.897667018,42.789204483,364.2],[-74.897652367,42.789183121,364.2],[-74.89763882,42.789166573,364.2],[-74.897627519,42.789150231,364.2],[-74.897618633,42.789132045,364.2],[-74.897613406,42.789114465,364.2],[-74.897613666,42.789101399,364.2],[-74.897620521,42.789090049,364.2],[-74.897632676,42.789075021,364.2],[-74.897643867,42.789050093,364.2],[-74.897650255,42.789018396,364.2],[-74.897651649,42.788992886,364.2],[-74.897648407,42.788975658,364.2],[-74.897640921,42.788962592,364.2],[-74.897628856,42.7889515,364.2],[-74.897613258,42.78894112,364.2],[-74.897598416,42.788930952,364.2],[-74.89758742,42.788920633,364.2],[-74.897581528,42.788909954,364.2],[-74.897580561,42.788899812,364.2],[-74.89758379,42.788890979,364.2],[-74.897591069,42.788881534,364.2],[-74.897602221,42.788870434,364.2],[-74.89761662,42.788859511,364.2],[-74.897631476,42.788849827,364.2],[-74.897642532,42.788840345,364.2],[-74.897649688,42.788821578,364.2],[-74.897654786,42.788785342,364.2],[-74.897659488,42.78874196,364.2],[-74.897663906,42.788703226,364.2],[-74.89766581,42.788675671,364.2],[-74.897666184,42.788650777,364.2],[-74.897668503,42.788611873,364.2],[-74.897673178,42.788571748,364.2],[-74.89767888,42.78854771,364.2],[-74.897683016,42.788531649,364.2],[-74.897683775,42.78851616,364.2],[-74.897680979,42.788502367,364.2],[-74.897675598,42.788489408,364.2],[-74.897669508,42.788474816,364.2],[-74.897665316,42.788459141,364.2],[-74.89766544,42.788442751,364.2],[-74.897670937,42.788422245,364.2],[-74.897679841,42.788394375,364.2],[-74.897686693,42.788357661,364.2],[-74.897690328,42.78831911,364.2],[-74.897692686,42.788288608,364.2],[-74.897695368,42.78825993,364.2],[-74.897698829,42.788227914,364.2],[-74.897701009,42.788203638,364.2],[-74.897699855,42.788189809,364.2],[-74.897693995,42.788176246,364.2],[-74.897684259,42.788160041,364.2],[-74.897673186,42.788143303,364.2],[-74.897665016,42.788127732,364.2],[-74.897662338,42.788113822,364.2],[-74.897662883,42.788099728,364.2],[-74.897665053,42.788084157,364.2],[-74.897668748,42.788067008,364.2],[-74.897673749,42.788050183,364.2],[-74.897679738,42.788034767,364.2],[-74.897686468,42.78801357,364.2],[-74.897691417,42.787981546,364.2],[-74.897687747,42.787942615,364.2],[-74.89767663,42.78790244,364.2],[-74.897666813,42.787866575,364.2],[-74.89765746,42.787833735,364.2],[-74.897645106,42.787800766,364.2],[-74.897635715,42.787770779,364.2],[-74.897633284,42.787745933,364.2],[-74.897634118,42.787723909,364.2],[-74.897636178,42.787703086,364.2],[-74.897639115,42.78768245,364.2],[-74.897638159,42.787657334,364.2],[-74.897629512,42.787625035,364.2],[-74.897619808,42.787595332,364.2],[-74.897613232,42.787573898,364.2],[-74.897606447,42.787555451,364.2],[-74.897599666,42.787538474,364.2],[-74.897596146,42.787525039,364.2],[-74.897595861,42.787514519,364.2],[-74.89759804,42.787505611,364.2],[-74.897603925,42.787498496,364.2],[-74.897613461,42.787492397,364.2],[-74.897624073,42.787484845,364.2],[-74.897632798,42.787475476,364.2],[-74.897636438,42.787465003,364.2],[-74.897631226,42.787450417,364.2],[-74.897617312,42.787430453,364.2],[-74.897605941,42.787412301,364.2],[-74.89760085,42.787397386,364.2],[-74.897593662,42.787377676,364.2],[-74.897582347,42.787347866,364.2],[-74.897569819,42.787306735,364.2],[-74.897559137,42.787262448,364.2],[-74.89755177,42.78722279,364.2],[-74.897545224,42.787186943,364.2],[-74.8975367,42.787150688,364.2],[-74.897524037,42.787108254,364.2],[-74.897508244,42.787064754,364.2],[-74.897492285,42.787030308,364.2],[-74.897479235,42.787006672,364.2],[-74.897471148,42.786991947,364.2],[-74.897467789,42.786981699,364.2],[-74.897468553,42.786972308,364.2],[-74.897472979,42.786961412,364.2],[-74.897482465,42.786946618,364.2],[-74.897498388,42.786925929,364.2],[-74.897517705,42.786899273,364.2],[-74.897535816,42.786869753,364.2],[-74.897547563,42.786845482,364.2],[-74.897552236,42.786827907,364.2],[-74.897553247,42.786811779,364.2],[-74.897550918,42.786796217,364.2],[-74.897544775,42.786781787,364.2],[-74.897537499,42.786765769,364.2],[-74.89753133,42.786745263,364.2],[-74.897526334,42.786718404,364.2],[-74.897521463,42.786682744,364.2],[-74.897515138,42.786636452,364.2],[-74.897507765,42.786586946,364.2],[-74.897500371,42.786542097,364.2],[-74.897493058,42.78649749,364.2],[-74.897486037,42.786452329,364.2],[-74.897480011,42.786415355,364.2],[-74.897475439,42.786388437,364.2],[-74.897471818,42.786367399,364.2],[-74.897463793,42.786349823,364.2],[-74.897447593,42.786334861,364.2],[-74.89742994,42.786324,364.2],[-74.897416458,42.786317321,364.2],[-74.897408163,42.786312341,364.2],[-74.897403814,42.786308187,364.2],[-74.897401004,42.786305077,364.2],[-74.897398676,42.786301757,364.2],[-74.897396991,42.786297045,364.2],[-74.897397944,42.786291403,364.2],[-74.897401379,42.786285376,364.2],[-74.897404122,42.786279247,364.2],[-74.897405625,42.786273239,364.2],[-74.897407004,42.786267335,364.2],[-74.897408261,42.78626049,364.2],[-74.897409609,42.786252161,364.2],[-74.897412663,42.786243748,364.2],[-74.897418937,42.786234953,364.2],[-74.89742923,42.786223366,364.2],[-74.897440494,42.786209219,364.2],[-74.897448335,42.786194048,364.2],[-74.897452712,42.786177759,364.2],[-74.897455266,42.786159087,364.2],[-74.897458448,42.786135457,364.2],[-74.897462206,42.786108504,364.2],[-74.897463994,42.786083968,364.2],[-74.897464087,42.7860619,364.2],[-74.897463925,42.786040064,364.2],[-74.89746318,42.786019927,364.2],[-74.89746076,42.786001886,364.2],[-74.89745514,42.785982589,364.2],[-74.897448544,42.785962598,364.2],[-74.897446163,42.785946245,364.2],[-74.897447305,42.785934134,364.2],[-74.897449867,42.785924093,364.2],[-74.897457286,42.785910791,364.2],[-74.89746951,42.78589275,364.2],[-74.897478568,42.785876155,364.2],[-74.897483047,42.785861521,364.2],[-74.897487205,42.78584472,364.2],[-74.897489399,42.785829079,364.2],[-74.897486705,42.785819241,364.2],[-74.897480719,42.785813232,364.2],[-74.897472346,42.785808953,364.2],[-74.897460167,42.78580615,364.2],[-74.897446306,42.785803392,364.2],[-74.897435522,42.785798695,364.2],[-74.897430294,42.785793305,364.2],[-74.897431004,42.785788374,364.2],[-74.897434629,42.785781092,364.2],[-74.897438269,42.785770674,364.2],[-74.89744018,42.785760102,364.2],[-74.897440228,42.785750675,364.2],[-74.897439364,42.785742428,364.2],[-74.897438408,42.785736332,364.2],[-74.897437285,42.785732268,364.2],[-74.897433707,42.785726513,364.2],[-74.897425348,42.785718119,364.2],[-74.897410848,42.785710243,364.2],[-74.897395416,42.785703621,364.2],[-74.897386795,42.785697218,364.2],[-74.897384163,42.78568991,364.2],[-74.897385004,42.785681713,364.2],[-74.89738921,42.785675262,364.2],[-74.897397715,42.785671161,364.2],[-74.897411957,42.785667246,364.2],[-74.897430404,42.785661621,364.2],[-74.897449868,42.78565288,364.2],[-74.897467663,42.785640653,364.2],[-74.897481765,42.785625144,364.2],[-74.897491336,42.785607008,364.2],[-74.897497625,42.7855827,364.2],[-74.897503867,42.785544027,364.2],[-74.897510772,42.78549571,364.2],[-74.897511261,42.785442447,364.2],[-74.897509196,42.785403215,364.2],[-74.897506893,42.78536953,364.2],[-74.897504354,42.785341405,364.2],[-74.897502226,42.785323146,364.2],[-74.897499881,42.785307903,364.2],[-74.897497316,42.785295679,364.2],[-74.897494532,42.785286488,364.2],[-74.897489018,42.785280842,364.2],[-74.897482251,42.785275998,364.2],[-74.89747423,42.785271957,364.2],[-74.897464941,42.785268719,364.2],[-74.897454348,42.785265046,364.2],[-74.897444408,42.78525981,364.2],[-74.89743513,42.785252995,364.2],[-74.897426524,42.785244584,364.2],[-74.897420922,42.785234865,364.2],[-74.897415968,42.785225288,364.2],[-74.897411659,42.785215861,364.2],[-74.897408,42.785206588,364.2],[-74.897409747,42.785194354,364.2],[-74.897414157,42.785179677,364.2],[-74.897421242,42.785162534,364.2],[-74.897431041,42.785142885,364.2],[-74.897441345,42.785113934,364.2],[-74.897447296,42.78508629,364.2],[-74.897448809,42.785060037,364.2],[-74.897445791,42.78503522,364.2],[-74.897428724,42.785011974,364.2],[-74.897411271,42.784989616,364.2],[-74.897393522,42.784968155,364.2],[-74.897375505,42.784947608,364.2],[-74.897367607,42.784934272,364.2],[-74.89736215,42.784921744,364.2],[-74.897359117,42.784909985,364.2],[-74.897358541,42.784898992,364.2],[-74.897370117,42.784885098,364.2],[-74.897386482,42.784869969,364.2],[-74.89740766,42.784853593,364.2],[-74.897433756,42.784835947,364.2],[-74.897452773,42.784823109,364.2],[-74.897469485,42.784809632,364.2],[-74.897483888,42.784795445,364.2],[-74.897495934,42.78478051,364.2],[-74.897501321,42.784759889,364.2],[-74.897507342,42.784734943,364.2],[-74.897514096,42.784705589,364.2],[-74.897521636,42.784671691,364.2],[-74.897531192,42.784636237,364.2],[-74.897538186,42.784604124,364.2],[-74.897542496,42.784575497,364.2],[-74.897544011,42.784550498,364.2],[-74.897538975,42.784534187,364.2],[-74.897532834,42.784519852,364.2],[-74.897525629,42.784507457,364.2],[-74.897517344,42.78449704,364.2],[-74.897509222,42.784485973,364.2],[-74.897502083,42.784472965,364.2],[-74.897495969,42.784457938,364.2],[-74.897490925,42.784440807,364.2],[-74.897483748,42.784410221,364.2],[-74.897477648,42.784378129,364.2],[-74.897472707,42.784344674,364.2],[-74.897468993,42.784309863,364.2],[-74.897471756,42.784286808,364.2],[-74.897477056,42.784263928,364.2],[-74.897484909,42.784241034,364.2],[-74.897495412,42.784218053,364.2],[-74.897509999,42.784196891,364.2],[-74.897522962,42.784177497,364.2],[-74.897534141,42.784159932,364.2],[-74.897543414,42.784144285,364.2],[-74.897544559,42.784121067,364.2],[-74.897542868,42.784093441,364.2],[-74.897538339,42.784061307,364.2],[-74.89753086,42.784024452,364.2],[-74.897521153,42.784001113,364.2],[-74.897514317,42.783979801,364.2],[-74.897510571,42.783960361,364.2],[-74.897510117,42.783942809,364.2],[-74.897517239,42.783924996,364.2],[-74.8975239,42.783903829,364.2],[-74.897529909,42.783879107,364.2],[-74.897535164,42.783850598,364.2],[-74.897529794,42.783817338,364.2],[-74.897523026,42.783788054,364.2],[-74.897515011,42.783763116,364.2],[-74.897505746,42.783742855,364.2],[-74.897496084,42.783733332,364.2],[-74.897487896,42.783723811,364.2],[-74.897481293,42.783714039,364.2],[-74.897476392,42.783703904,364.2],[-74.897477956,42.783691541,364.2],[-74.897480628,42.783677513,364.2],[-74.897484323,42.783661758,364.2],[-74.897489063,42.783644165,364.2],[-74.897491357,42.783620985,364.2],[-74.897492255,42.783598273,364.2],[-74.897491719,42.783576213,364.2],[-74.897489658,42.783554909,364.2],[-74.897488567,42.783536459,364.2],[-74.897490266,42.783516978,364.2],[-74.897494944,42.783496309,364.2],[-74.897502837,42.783474324,364.2],[-74.897521663,42.78343288,364.2],[-74.897538084,42.783393919,364.2],[-74.897551592,42.783358195,364.2],[-74.897561826,42.783326185,364.2],[-74.897562848,42.783307389,364.2],[-74.897562106,42.783290174,364.2],[-74.897559723,42.783274278,364.2],[-74.897555657,42.783259675,364.2],[-74.897547304,42.783242027,364.2],[-74.897539005,42.783224307,364.2],[-74.897530897,42.783206602,364.2],[-74.897523047,42.78318895,364.2],[-74.897522198,42.78317398,364.2],[-74.897522791,42.783158899,364.2],[-74.897524735,42.78314361,364.2],[-74.897528071,42.783128063,364.2],[-74.8975308,42.783112345,364.2],[-74.897532237,42.783097908,364.2],[-74.89753228,42.783084874,364.2],[-74.897530799,42.783073387,364.2],[-74.897524828,42.783060193,364.2],[-74.897520005,42.783046411,364.2],[-74.8975166,42.783032045,364.2],[-74.897514814,42.783017057,364.2],[-74.897520229,42.782998935,364.2],[-74.897526464,42.78297998,364.2],[-74.897533348,42.782960222,364.2],[-74.897540853,42.782939617,364.2],[-74.897543949,42.782922336,364.2],[-74.89754796,42.782906309,364.2],[-74.897553144,42.782891541,364.2],[-74.897559687,42.782878125,364.2],[-74.897572781,42.782863354,364.2],[-74.897586991,42.782848814,364.2],[-74.897602187,42.782834579,364.2],[-74.897618383,42.782820704,364.2],[-74.897629368,42.7828059,364.2],[-74.89763792,42.782787504,364.2],[-74.897643981,42.78276516,364.2],[-74.89764734,42.782738424,364.2],[-74.897654874,42.782689813,364.2],[-74.897664062,42.782639613,364.2],[-74.897674917,42.782588542,364.2],[-74.897687573,42.782536832,364.2],[-74.897702113,42.782496265,364.2],[-74.897716319,42.78246069,364.2],[-74.897730073,42.782430217,364.2],[-74.897743292,42.782405292,364.2],[-74.897750662,42.782382973,364.2],[-74.897755986,42.782360136,364.2],[-74.897759278,42.782336605,364.2],[-74.897760375,42.782312251,364.2],[-74.897757847,42.782293419,364.2],[-74.897754945,42.782275086,364.2],[-74.897751784,42.78225706,364.2],[-74.897748394,42.782239291,364.2],[-74.897749719,42.782223144,364.2],[-74.897752366,42.782207498,364.2],[-74.897756285,42.78219234,364.2],[-74.897761561,42.782177708,364.2],[-74.897781531,42.782148424,364.2],[-74.897801054,42.782116369,364.2],[-74.89781937,42.782081878,364.2],[-74.897836053,42.782044886,364.2],[-74.897849689,42.782002319,364.2],[-74.897863536,42.781961237,364.2],[-74.897877769,42.781922111,364.2],[-74.897892497,42.781885319,364.2],[-74.897905957,42.781855268,364.2],[-74.897918486,42.781823998,364.2],[-74.897930023,42.781791003,364.2],[-74.897940448,42.781755909,364.2],[-74.897956763,42.781698066,364.2],[-74.897974182,42.781640049,364.2],[-74.897992554,42.78158301,364.2],[-74.898011904,42.78152754,364.2],[-74.898030055,42.781482811,364.2],[-74.898046365,42.781443613,364.2],[-74.898060638,42.781410164,364.2],[-74.898072591,42.781383116,364.2],[-74.898078371,42.78136622,364.2],[-74.898081511,42.781349499,364.2],[-74.898081962,42.78133243,364.2],[-74.898079439,42.781314743,364.2],[-74.898078268,42.781298847,364.2],[-74.898079095,42.78128339,364.2],[-74.898082143,42.78126834,364.2],[-74.898087733,42.781253721,364.2],[-74.8980999,42.78123529,364.2],[-74.898112295,42.781216455,364.2],[-74.898124576,42.781197378,364.2],[-74.89813658,42.781178102,364.2],[-74.898149063,42.781156776,364.2],[-74.898160008,42.7811346,364.2],[-74.898169149,42.781111564,364.2],[-74.898176175,42.781087572,364.2],[-74.898182389,42.78106585,364.2],[-74.898185633,42.781040805,364.2],[-74.898185481,42.781011773,364.2],[-74.898181376,42.780978022,364.2],[-74.898177223,42.780944046,364.2],[-74.898170636,42.780908941,364.2],[-74.898161223,42.78087254,364.2],[-74.898148497,42.780834624,364.2],[-74.898140134,42.780810947,364.2],[-74.89813487,42.780791442,364.2],[-74.898132949,42.780775908,364.2],[-74.898134854,42.780764694,364.2],[-74.898143997,42.780756746,364.2],[-74.898153533,42.780747938,364.2],[-74.89816306,42.780737913,364.2],[-74.898172394,42.780726368,364.2],[-74.898177587,42.780708051,364.2],[-74.898180618,42.780686471,364.2],[-74.898181392,42.780661509,364.2],[-74.898179594,42.780632716,364.2],[-74.89817979,42.780593985,364.2],[-74.898181108,42.780556586,364.2],[-74.898183613,42.780521423,364.2],[-74.898187476,42.780489179,364.2],[-74.898186971,42.780462226,364.2],[-74.898182647,42.780434353,364.2],[-74.898174121,42.780405033,364.2],[-74.898160706,42.780373842,364.2],[-74.898138122,42.780334519,364.2],[-74.898116445,42.780295876,364.2],[-74.898096484,42.78025861,364.2],[-74.898078831,42.780223218,364.2],[-74.898073617,42.780202521,364.2],[-74.898070883,42.780184407,364.2],[-74.898070198,42.780168304,364.2],[-74.898071618,42.780154194,364.2],[-74.898083245,42.780139987,364.2],[-74.898100687,42.780125908,364.2],[-74.898124294,42.780111989,364.2],[-74.898155025,42.780098265,364.2],[-74.898169106,42.780094126,364.2],[-74.898207368,42.780082882,364.2],[-74.89826446,42.780068627,364.2],[-74.898325604,42.780055844,364.2],[-74.898390987,42.780044884,364.2],[-74.898461898,42.780033257,364.2],[-74.898526803,42.780021604,364.2],[-74.898584098,42.780009973,364.2],[-74.898632012,42.779998389,364.2],[-74.89866487,42.77998212,364.2],[-74.898699115,42.779962728,364.2],[-74.898736193,42.779939954,364.2],[-74.898777187,42.779913218,364.2],[-74.89880428,42.779891938,364.2],[-74.898827412,42.77987339,364.2],[-74.89884688,42.779857697,364.2],[-74.898862326,42.779845308,364.2],[-74.898880003,42.779837044,364.2],[-74.898897318,42.779828733,364.2],[-74.898914017,42.77982003,364.2],[-74.89892989,42.779810716,364.2],[-74.898939848,42.779802526,364.2],[-74.898948446,42.779794124,364.2],[-74.898955886,42.779785374,364.2],[-74.898962103,42.779776157,364.2],[-74.898964468,42.779766203,364.2],[-74.898966446,42.779756787,364.2],[-74.898968274,42.77974808,364.2],[-74.898970054,42.779740277,364.2],[-74.898980014,42.77973453,364.2],[-74.898993774,42.779728854,364.2],[-74.899011459,42.779723091,364.2],[-74.8990337,42.779717143,364.2],[-74.899055033,42.779707636,364.2],[-74.899073884,42.779697091,364.2],[-74.899089785,42.77968559,364.2],[-74.899102063,42.779673032,364.2],[-74.89910844,42.779662853,364.2],[-74.89911352,42.779653086,364.2],[-74.899117535,42.77964361,364.2],[-74.899120444,42.779634409,364.2],[-74.899124301,42.779625742,364.2],[-74.899130085,42.779616143,364.2],[-74.899138147,42.779605353,364.2],[-74.899149017,42.77959306,364.2],[-74.89916212,42.779575103,364.2],[-74.899175044,42.779552044,364.2],[-74.899187542,42.779523225,364.2],[-74.89919942,42.779487416,364.2],[-74.89920796,42.779460698,364.2],[-74.89921591,42.779438418,364.2],[-74.899223442,42.779420764,364.2],[-74.899230582,42.779408562,364.2],[-74.899243942,42.77940003,364.2],[-74.899257343,42.779391991,364.2],[-74.899270201,42.77938421,364.2],[-74.89928213,42.779376609,364.2],[-74.899288991,42.779363803,364.2],[-74.89929455,42.779348798,364.2],[-74.899298986,42.779331571,364.2],[-74.899302205,42.779311745,364.2],[-74.899305574,42.779292022,364.2],[-74.899310723,42.779272535,364.2],[-74.899318072,42.779253334,364.2],[-74.899328206,42.779234489,364.2],[-74.899344696,42.779222021,364.2],[-74.899361848,42.779209233,364.2],[-74.899379186,42.779195409,364.2],[-74.899396493,42.779179997,364.2],[-74.899415846,42.779151048,364.2],[-74.899433649,42.779122898,364.2],[-74.899449306,42.779097123,364.2],[-74.899462137,42.779074964,364.2],[-74.899470159,42.779067579,364.2],[-74.899477091,42.779061466,364.2],[-74.899483155,42.779055418,364.2],[-74.899488318,42.779048804,364.2],[-74.89949021,42.779040592,364.2],[-74.899490968,42.779032576,364.2],[-74.899490646,42.779024972,364.2],[-74.899489085,42.779017971,364.2],[-74.899485199,42.779011304,364.2],[-74.899480825,42.779003415,364.2],[-74.899476082,42.778993946,364.2],[-74.899470971,42.778982428,364.2],[-74.899469501,42.77896622,364.2],[-74.89947056,42.778946111,364.2],[-74.899474419,42.778921574,364.2],[-74.899481732,42.778891532,364.2],[-74.899492474,42.778858508,364.2],[-74.89950147,42.778828316,364.2],[-74.899507871,42.778802047,364.2],[-74.899510741,42.778781011,364.2],[-74.899512613,42.778764578,364.2],[-74.89951604,42.778747487,364.2],[-74.899521563,42.77872904,364.2],[-74.899529859,42.778708605,364.2],[-74.899539487,42.778690197,364.2],[-74.899550412,42.778674661,364.2],[-74.899562842,42.778662558,364.2],[-74.899577171,42.778654839,364.2],[-74.899595897,42.778647286,364.2],[-74.8996142,42.778638645,364.2],[-74.899631453,42.778628591,364.2],[-74.899647108,42.778616679,364.2],[-74.899659218,42.778599936,364.2],[-74.899669332,42.778583372,364.2],[-74.8996773,42.778567604,364.2],[-74.899682631,42.778553134,364.2],[-74.89968134,42.778542039,364.2],[-74.899678274,42.778530957,364.2],[-74.899673712,42.778519488,364.2],[-74.89966752,42.778507334,364.2],[-74.899662376,42.778492194,364.2],[-74.899658515,42.778476169,364.2],[-74.899656183,42.778459361,364.2],[-74.899655817,42.778441675,364.2],[-74.899652014,42.778421622,364.2],[-74.899645072,42.778397403,364.2],[-74.899634494,42.77836808,364.2],[-74.899619268,42.778332109,364.2],[-74.899605412,42.77829787,364.2],[-74.899592365,42.778264344,364.2],[-74.8995802,42.778231526,364.2],[-74.899569137,42.778199557,364.2],[-74.899556434,42.778153908,364.2],[-74.899541005,42.778104189,364.2],[-74.899522236,42.778050897,364.2],[-74.899499094,42.777993598,364.2],[-74.899475455,42.77794575,364.2],[-74.899452844,42.777901494,364.2],[-74.899431642,42.77786072,364.2],[-74.899412356,42.777824075,364.2],[-74.899391392,42.777797582,364.2],[-74.89936922,42.777773758,364.2],[-74.89934568,42.777752111,364.2],[-74.899320396,42.777732802,364.2],[-74.89930264,42.777720864,364.2],[-74.8992885,42.77771079,364.2],[-74.899278118,42.777702194,364.2],[-74.899272362,42.777695154,364.2],[-74.899272047,42.777693094,364.2],[-74.899271317,42.777688302,364.2],[-74.899271606,42.777681238,364.2],[-74.899273018,42.777673867,364.2],[-74.899275671,42.777666071,364.2],[-74.899284204,42.77765571,364.2],[-74.899297271,42.777644195,364.2],[-74.899315524,42.777631509,364.2],[-74.89934047,42.777617386,364.2],[-74.899368663,42.777605823,364.2],[-74.89939587,42.777596208,364.2],[-74.899421325,42.777588818,364.2],[-74.899444188,42.777584305,364.2],[-74.899487374,42.777569149,364.2],[-74.899532464,42.777552048,364.2],[-74.899577249,42.777533848,364.2],[-74.89962033,42.777514819,364.2],[-74.899648559,42.777504401,364.2],[-74.899671406,42.777495605,364.2],[-74.899689188,42.777487753,364.2],[-74.899700972,42.777480638,364.2],[-74.89970253,42.777469394,364.2],[-74.899701987,42.777457072,364.2],[-74.899700104,42.7774439,364.2],[-74.899697046,42.77742983,364.2],[-74.899698848,42.777415397,364.2],[-74.899703013,42.777399037,364.2],[-74.899709633,42.777380151,364.2],[-74.899719325,42.777357797,364.2],[-74.899724956,42.777328489,364.2],[-74.899728587,42.777299973,364.2],[-74.899730136,42.777273544,364.2],[-74.899729067,42.777250483,364.2],[-74.899731037,42.777226917,364.2],[-74.899733491,42.77720239,364.2],[-74.899736145,42.777176644,364.2],[-74.899738866,42.777149235,364.2],[-74.899737115,42.777121849,364.2],[-74.899734116,42.777094769,364.2],[-74.899730111,42.777068096,364.2],[-74.899725012,42.777041993,364.2],[-74.899718536,42.777008344,364.2],[-74.899712203,42.776975036,364.2],[-74.899706273,42.77694334,364.2],[-74.899701012,42.776914444,364.2],[-74.899699873,42.776897288,364.2],[-74.89970025,42.776882363,364.2],[-74.899702043,42.776868646,364.2],[-74.899705526,42.776855776,364.2],[-74.899719591,42.776841195,364.2],[-74.899740293,42.776822723,364.2],[-74.899768369,42.776799225,364.2],[-74.899806074,42.776768759,364.2],[-74.89982835,42.776744285,364.2],[-74.899846774,42.776721088,364.2],[-74.899862395,42.77669868,364.2],[-74.899875201,42.776676942,364.2],[-74.899882225,42.776652086,364.2],[-74.89988747,42.776625108,364.2],[-74.899891212,42.776595729,364.2],[-74.899893256,42.776563175,364.2],[-74.899893792,42.776524115,364.2],[-74.899892882,42.776483641,364.2],[-74.899890236,42.776442288,364.2],[-74.899885226,42.776400185,364.2],[-74.899880731,42.776350899,364.2],[-74.899877024,42.776301991,364.2],[-74.899874323,42.776254786,364.2],[-74.89987302,42.776210586,364.2],[-74.899866535,42.776184368,364.2],[-74.899856659,42.776157654,364.2],[-74.899842966,42.776127251,364.2],[-74.89982421,42.776090107,364.2],[-74.899807143,42.776055732,364.2],[-74.899792141,42.776019684,364.2],[-74.899779707,42.775980855,364.2],[-74.899770839,42.775937791,364.2],[-74.899763473,42.775898522,364.2],[-74.899753919,42.77586143,364.2],[-74.899741068,42.77582671,364.2],[-74.899723325,42.775795102,364.2],[-74.899694606,42.775760251,364.2],[-74.89966736,42.775727502,364.2],[-74.899644065,42.775698242,364.2],[-74.899627433,42.77567432,364.2],[-74.899615988,42.775647497,364.2],[-74.89960544,42.775616993,364.2],[-74.899595233,42.775581862,364.2],[-74.899585082,42.775540238,364.2],[-74.899577028,42.775500557,364.2],[-74.899570323,42.775465226,364.2],[-74.899565138,42.775435636,364.2],[-74.899561988,42.775414267,364.2],[-74.899560971,42.775397853,364.2],[-74.899561167,42.77538351,364.2],[-74.899562684,42.775371186,364.2],[-74.899565948,42.775361386,364.2],[-74.89957055,42.775351237,364.2],[-74.899574521,42.77534098,364.2],[-74.899577362,42.775330636,364.2],[-74.899578417,42.775320189,364.2],[-74.899574035,42.775310621,364.2],[-74.89956807,42.775301873,364.2],[-74.899560873,42.77529412,364.2],[-74.899552347,42.775287757,364.2],[-74.899546607,42.775280788,364.2],[-74.899542632,42.775273336,364.2],[-74.899540629,42.775265313,364.2],[-74.899541298,42.7752565,364.2],[-74.899546505,42.775246672,364.2],[-74.899552983,42.775236547,364.2],[-74.899560409,42.775226197,364.2],[-74.89956882,42.775215604,364.2],[-74.899578707,42.775203901,364.2],[-74.899587332,42.775191061,364.2],[-74.899593886,42.775176814,364.2],[-74.899597206,42.775160572,364.2],[-74.89959554,42.775142554,364.2],[-74.899592217,42.775124004,364.2],[-74.899587492,42.775105038,364.2],[-74.899581147,42.775085621,364.2],[-74.899573523,42.77507191,364.2],[-74.899564979,42.775060539,364.2],[-74.89955537,42.775051398,364.2],[-74.899544282,42.775045052,364.2],[-74.899531078,42.775035092,364.2],[-74.899518128,42.775023285,364.2],[-74.899505959,42.775009541,364.2],[-74.899495176,42.774993237,364.2],[-74.899493599,42.774978238,364.2],[-74.899496131,42.774964701,364.2],[-74.899502734,42.774953003,364.2],[-74.899514575,42.774943963,364.2],[-74.899523429,42.77493557,364.2],[-74.89952948,42.77492638,364.2],[-74.899532094,42.774915912,364.2],[-74.899529791,42.774903432,364.2],[-74.899523685,42.774883492,364.2],[-74.899516444,42.774862536,364.2],[-74.899508338,42.774841628,364.2],[-74.89949931,42.774821573,364.2],[-74.89949357,42.774804087,364.2],[-74.899488341,42.774784749,364.2],[-74.899483168,42.774762197,364.2],[-74.899477737,42.774734455,364.2],[-74.899466479,42.774704623,364.2],[-74.899453663,42.774675803,364.2],[-74.8994398,42.774648891,364.2],[-74.899424954,42.774625132,364.2],[-74.899416376,42.77460679,364.2],[-74.899410046,42.774587558,364.2],[-74.899405666,42.774565882,364.2],[-74.899403613,42.774539851,364.2],[-74.899401541,42.774519901,364.2],[-74.899398458,42.774499801,364.2],[-74.899393899,42.774478187,364.2],[-74.899387059,42.774453555,364.2],[-74.899378084,42.774427741,364.2],[-74.899368458,42.77440271,364.2],[-74.899358337,42.774379078,364.2],[-74.899347689,42.774357754,364.2],[-74.899337964,42.774335,364.2],[-74.89932916,42.774310234,364.2],[-74.899321507,42.774282821,364.2],[-74.899315543,42.774251444,364.2],[-74.899312471,42.77421537,364.2],[-74.899310401,42.774178814,364.2],[-74.899309169,42.774142584,364.2],[-74.899308917,42.774107404,364.2],[-74.899307386,42.774076753,364.2],[-74.89930462,42.774048961,364.2],[-74.899300313,42.774024383,364.2],[-74.899293732,42.774004324,364.2],[-74.899290812,42.773983579,364.2],[-74.899289447,42.773962843,364.2],[-74.89928956,42.773942275,364.2],[-74.899291569,42.773922054,364.2],[-74.899286357,42.773901134,364.2],[-74.899278812,42.773880246,364.2],[-74.899269446,42.773859565,364.2],[-74.899258068,42.773839294,364.2],[-74.89925561,42.773816459,364.2],[-74.899254311,42.773792072,364.2],[-74.899252685,42.773765962,364.2],[-74.89924945,42.77373743,364.2],[-74.899241998,42.773713609,364.2],[-74.899231293,42.773690637,364.2],[-74.899216711,42.773667841,364.2],[-74.899196473,42.773644745,364.2],[-74.899176364,42.773623779,364.2],[-74.899155729,42.773602478,364.2],[-74.899134271,42.773580175,364.2],[-74.899111487,42.773556002,364.2],[-74.899086546,42.773529787,364.2],[-74.899062981,42.773504815,364.2],[-74.899041992,42.773482199,364.2],[-74.899025416,42.773463624,364.2],[-74.899017679,42.773450935,364.2],[-74.899012903,42.773439529,364.2],[-74.899010465,42.773428646,364.2],[-74.899010654,42.773417843,364.2],[-74.89901766,42.773400822,364.2],[-74.899026472,42.773381687,364.2],[-74.899036361,42.773360869,364.2],[-74.899047096,42.77333814,364.2],[-74.899053656,42.773320084,364.2],[-74.899058607,42.77330324,364.2],[-74.899062144,42.77328709,364.2],[-74.899063941,42.773271444,364.2],[-74.899061878,42.773248325,364.2],[-74.899058858,42.773224474,364.2],[-74.899055343,42.773201362,364.2],[-74.89905154,42.77318046,364.2],[-74.899051331,42.773167417,364.2],[-74.89905386,42.773156841,364.2],[-74.899059663,42.773148058,364.2],[-74.89907033,42.773141128,364.2],[-74.899086967,42.773133016,364.2],[-74.899103874,42.773124349,364.2],[-74.899119683,42.773115137,364.2],[-74.899132862,42.77310519,364.2],[-74.899143048,42.77309164,364.2],[-74.899153014,42.773073949,364.2],[-74.899163407,42.773050837,364.2],[-74.89917492,42.773019296,364.2],[-74.89918229,42.77298587,364.2],[-74.899186912,42.772956097,364.2],[-74.899188387,42.77293242,364.2],[-74.899185243,42.77291909,364.2],[-74.899180298,42.772908292,364.2],[-74.899174658,42.772898365,364.2],[-74.89916841,42.772889121,364.2],[-74.899161418,42.772880647,364.2],[-74.899155774,42.772871453,364.2],[-74.899151826,42.772861857,364.2],[-74.899150142,42.772851828,364.2],[-74.899152036,42.772841187,364.2],[-74.899159898,42.772826724,364.2],[-74.899168588,42.772810805,364.2],[-74.89917697,42.77279365,364.2],[-74.899183957,42.772774991,364.2],[-74.899188837,42.77274155,364.2],[-74.899193574,42.772703829,364.2],[-74.899198653,42.772663429,364.2],[-74.899204623,42.772620757,364.2],[-74.899213145,42.77258617,364.2],[-74.89922337,42.77255377,364.2],[-74.899235557,42.77252258,364.2],[-74.899250657,42.772492198,364.2],[-74.899264713,42.772461373,364.2],[-74.899276868,42.772430466,364.2],[-74.899286344,42.772399552,364.2],[-74.899291448,42.772368696,364.2],[-74.899293804,42.772334048,364.2],[-74.899295582,42.772298736,364.2],[-74.899297218,42.772263432,364.2],[-74.899299043,42.772228735,364.2],[-74.899298389,42.77219636,364.2],[-74.899297981,42.772165091,364.2],[-74.899298651,42.772134905,364.2],[-74.899301556,42.772106203,364.2],[-74.899310501,42.772062834,364.2],[-74.899318991,42.772017744,364.2],[-74.899325056,42.771974089,364.2],[-74.899326003,42.771935246,364.2],[-74.899322478,42.771907889,364.2],[-74.899319109,42.77188351,364.2],[-74.899317259,42.77186056,364.2],[-74.899318747,42.771838191,364.2],[-74.899325308,42.771817669,364.2],[-74.899332041,42.771798327,364.2],[-74.899337593,42.771780319,364.2],[-74.899340267,42.771764305,364.2],[-74.899338611,42.771749975,364.2],[-74.899336313,42.771735505,364.2],[-74.899334257,42.771720323,364.2],[-74.899333344,42.771703627,364.2],[-74.899337047,42.771672271,364.2],[-74.899340514,42.771634545,364.2],[-74.899342254,42.771590988,364.2],[-74.89934021,42.771539789,364.2],[-74.899336497,42.771495966,364.2],[-74.899333109,42.771455219,364.2],[-74.899330733,42.771417199,364.2],[-74.899330407,42.771382662,364.2],[-74.899337375,42.771338157,364.2],[-74.899347896,42.771293954,364.2],[-74.899361924,42.771253211,364.2],[-74.899380815,42.771220262,364.2],[-74.899395439,42.771199366,364.2],[-74.899407049,42.771181884,364.2],[-74.89941511,42.771166237,364.2],[-74.899417691,42.77115169,364.2],[-74.899416599,42.77113801,364.2],[-74.899413511,42.771124348,364.2],[-74.899408331,42.771110448,364.2],[-74.899400118,42.771095976,364.2],[-74.899390651,42.771083049,364.2],[-74.899380543,42.771071482,364.2],[-74.899369784,42.771061628,364.2],[-74.899358101,42.771054533,364.2],[-74.899343397,42.771045694,364.2],[-74.899328369,42.771035468,364.2],[-74.899313755,42.771023539,364.2],[-74.899300432,42.7710089,364.2],[-74.899291068,42.770991073,364.2],[-74.899283556,42.770971303,364.2],[-74.899277806,42.770949386,364.2],[-74.899274463,42.770924226,364.2],[-74.899273175,42.770903862,364.2],[-74.89927294,42.77088606,364.2],[-74.899273771,42.770870907,364.2],[-74.899276124,42.770859595,364.2],[-74.899286692,42.770849868,364.2],[-74.89930403,42.77083926,364.2],[-74.899329782,42.770826709,364.2],[-74.899369096,42.770810359,364.2],[-74.899406566,42.770789125,364.2],[-74.899441145,42.770766069,364.2],[-74.899471595,42.77074161,364.2],[-74.899494942,42.77071556,364.2],[-74.899504607,42.770694079,364.2],[-74.8995095,42.770674414,364.2],[-74.899511026,42.770656233,364.2],[-74.899509129,42.770639848,364.2],[-74.899504875,42.770623718,364.2],[-74.899501303,42.770606388,364.2],[-74.899499615,42.770587004,364.2],[-74.899501833,42.77056383,364.2],[-74.899511007,42.770531127,364.2],[-74.899522087,42.770495433,364.2],[-74.899534006,42.770457964,364.2],[-74.899546053,42.770419171,364.2],[-74.899552581,42.77038976,364.2],[-74.899556806,42.770364612,364.2],[-74.899559067,42.770343376,364.2],[-74.899558853,42.770327405,364.2],[-74.899553578,42.770312308,364.2],[-74.899546549,42.770297445,364.2],[-74.899538321,42.770282679,364.2],[-74.899528932,42.770267908,364.2],[-74.899522409,42.770248759,364.2],[-74.899518056,42.770227113,364.2],[-74.899516334,42.770202811,364.2],[-74.899518875,42.770174509,364.2],[-74.899527088,42.770149304,364.2],[-74.899537661,42.770126093,364.2],[-74.899550219,42.77010513,364.2],[-74.899565258,42.770087691,364.2],[-74.899573359,42.770070454,364.2],[-74.899577767,42.770049796,364.2],[-74.89957842,42.770023352,364.2],[-74.899573557,42.76998608,364.2],[-74.899565433,42.76995913,364.2],[-74.89955636,42.769935498,364.2],[-74.899546834,42.769913818,364.2],[-74.899537175,42.769893538,364.2],[-74.899531907,42.769867459,364.2],[-74.899529117,42.769840305,364.2],[-74.89952894,42.769813396,364.2],[-74.899532707,42.769788223,364.2],[-74.89953853,42.769758323,364.2],[-74.899545235,42.769727062,364.2],[-74.899552696,42.769695188,364.2],[-74.899561124,42.769663218,364.2],[-74.899571331,42.76962947,364.2],[-74.899582601,42.76959554,364.2],[-74.89959503,42.769561935,364.2],[-74.899609253,42.769529348,364.2],[-74.899621948,42.769506134,364.2],[-74.89963439,42.769486067,364.2],[-74.899646954,42.769467936,364.2],[-74.899660103,42.769451336,364.2],[-74.899674003,42.769437517,364.2],[-74.899687812,42.769424508,364.2],[-74.899701194,42.769411861,364.2],[-74.899713586,42.769399258,364.2],[-74.899723654,42.769383903,364.2],[-74.899732492,42.769367408,364.2],[-74.899740097,42.76934998,364.2],[-74.899745883,42.769331413,364.2],[-74.899747621,42.769315202,364.2],[-74.89974678,42.76930052,364.2],[-74.899743037,42.76928757,364.2],[-74.899734678,42.769277395,364.2],[-74.899718805,42.769266573,364.2],[-74.899703088,42.769254545,364.2],[-74.899690453,42.76924069,364.2],[-74.899685591,42.769223463,364.2],[-74.899691673,42.769185094,364.2],[-74.899701962,42.769139344,364.2],[-74.899715321,42.769088923,364.2],[-74.899731968,42.769034604,364.2],[-74.899747368,42.768990651,364.2],[-74.899762192,42.768949373,364.2],[-74.899776499,42.768908744,364.2],[-74.899790109,42.768866813,364.2],[-74.89980432,42.768825136,364.2],[-74.899819167,42.768783428,364.2],[-74.899834874,42.768741573,364.2],[-74.899852119,42.768699367,364.2],[-74.899870724,42.768651489,364.2],[-74.899889301,42.768603278,364.2],[-74.899907303,42.768556694,364.2],[-74.899923826,42.768514749,364.2],[-74.899940109,42.768481417,364.2],[-74.899957247,42.768448828,364.2],[-74.899975966,42.76841416,364.2],[-74.89999787,42.768373169,364.2],[-74.900013101,42.768327742,364.2],[-74.900025371,42.76828206,364.2],[-74.900035124,42.768237685,364.2],[-74.900041628,42.768197053,364.2],[-74.900050888,42.768156287,364.2],[-74.900062606,42.768110895,364.2],[-74.900077505,42.768057498,364.2],[-74.900098006,42.767988207,364.2],[-74.900114499,42.767931617,364.2],[-74.900128533,42.767880515,364.2],[-74.900139874,42.767833904,364.2],[-74.90014691,42.767792879,364.2],[-74.900153945,42.767754877,364.2],[-74.900161001,42.767716292,364.2],[-74.900168093,42.767675458,364.2],[-74.90017526,42.767629292,364.2],[-74.900181308,42.767591364,364.2],[-74.900186944,42.767556437,364.2],[-74.900192309,42.767523419,364.2],[-74.900197438,42.767491986,364.2],[-74.900199394,42.767453293,364.2],[-74.900200048,42.767413227,364.2],[-74.900199711,42.76737373,364.2],[-74.900198248,42.7673374,364.2],[-74.900198274,42.767300347,364.2],[-74.900199235,42.767263709,364.2],[-74.900201226,42.767228102,364.2],[-74.900204896,42.767194799,364.2],[-74.900205378,42.767164554,364.2],[-74.900204591,42.767136292,364.2],[-74.90020289,42.767110261,364.2],[-74.900200234,42.767087915,364.2],[-74.900199069,42.76706859,364.2],[-74.900200206,42.767046447,364.2],[-74.900204796,42.76701802,364.2],[-74.900216038,42.766975844,364.2],[-74.900229294,42.766933622,364.2],[-74.900242692,42.766893527,364.2],[-74.900255487,42.766857242,364.2],[-74.900266453,42.766828809,364.2],[-74.900276523,42.766804983,364.2],[-74.900286817,42.766782239,364.2],[-74.900297891,42.766759447,364.2],[-74.900310845,42.766735197,364.2],[-74.900316938,42.766711554,364.2],[-74.900319883,42.766688289,364.2],[-74.900320165,42.766665438,364.2],[-74.90031697,42.766643266,364.2],[-74.9003141,42.766616338,364.2],[-74.900312548,42.766586967,364.2],[-74.900313219,42.766555295,364.2],[-74.900318428,42.766520262,364.2],[-74.900318922,42.766485886,364.2],[-74.900316363,42.766451966,364.2],[-74.90031038,42.766418582,364.2],[-74.900298674,42.766386115,364.2],[-74.900281854,42.766357503,364.2],[-74.900261295,42.766327671,364.2],[-74.900236266,42.766293925,364.2],[-74.90020342,42.766250753,364.2],[-74.900166508,42.766206635,364.2],[-74.900129462,42.766164223,364.2],[-74.90009399,42.766125326,364.2],[-74.900063122,42.76609415,364.2],[-74.900035641,42.766061215,364.2],[-74.900009838,42.766028775,364.2],[-74.899985547,42.765998028,364.2],[-74.899963387,42.765971436,364.2],[-74.899942001,42.765947237,364.2],[-74.899920289,42.765924112,364.2],[-74.899897632,42.765901851,364.2],[-74.899872708,42.76588066,364.2],[-74.899843983,42.765862607,364.2],[-74.899814482,42.765845808,364.2],[-74.899785308,42.765829864,364.2],[-74.89975808,42.76581472,364.2],[-74.899710365,42.765788227,364.2],[-74.899654632,42.765757338,364.2],[-74.899593691,42.765723645,364.2],[-74.89952834,42.765687686,364.2],[-74.899466828,42.765654686,364.2],[-74.899406873,42.765623213,364.2],[-74.899347995,42.765593161,364.2],[-74.89929015,42.765565187,364.2],[-74.899232137,42.765539736,364.2],[-74.899174605,42.765514987,364.2],[-74.89911804,42.765490351,364.2],[-74.899063625,42.765465103,364.2],[-74.899018766,42.765444109,364.2],[-74.898979763,42.76542463,364.2],[-74.898947043,42.76540594,364.2],[-74.898924716,42.765387502,364.2],[-74.898908974,42.76537018,364.2],[-74.898895532,42.765351466,364.2],[-74.898883198,42.765329647,364.2],[-74.898870997,42.765300654,364.2],[-74.898858382,42.765264353,364.2],[-74.898846749,42.765227657,364.2],[-74.898837138,42.765193741,364.2],[-74.898832113,42.765168511,364.2],[-74.898834782,42.76514596,364.2],[-74.898841153,42.765124041,364.2],[-74.898850679,42.765101996,364.2],[-74.898864418,42.765078719,364.2],[-74.898875861,42.765053269,364.2],[-74.898886005,42.765026041,364.2],[-74.898894849,42.76499656,364.2],[-74.898901649,42.764962874,364.2],[-74.898904164,42.764955076,364.2],[-74.898910185,42.764936399,364.2],[-74.898919383,42.764913911,364.2],[-74.898928965,42.764895318,364.2],[-74.898938768,42.764882765,364.2],[-74.898948848,42.764874793,364.2],[-74.898960016,42.764869118,364.2],[-74.898973082,42.764865474,364.2],[-74.898990285,42.764864677,364.2],[-74.899021423,42.7648635,364.2],[-74.899059176,42.764861659,364.2],[-74.899102378,42.764858754,364.2],[-74.899152597,42.764853605,364.2],[-74.89920957,42.76484674,364.2],[-74.89926773,42.764838552,364.2],[-74.899324718,42.764828741,364.2],[-74.899376509,42.76481592,364.2],[-74.899410676,42.76480102,364.2],[-74.899437543,42.764784524,364.2],[-74.899459575,42.764766069,364.2],[-74.899477415,42.764743969,364.2],[-74.899496423,42.764710021,364.2],[-74.899515498,42.764671047,364.2],[-74.8995341,42.764628624,364.2],[-74.899551176,42.764582953,364.2],[-74.899566524,42.764544964,364.2],[-74.899581231,42.7645105,364.2],[-74.899595612,42.764478766,364.2],[-74.899609929,42.764450252,364.2],[-74.899626001,42.764418658,364.2],[-74.899644213,42.764384602,364.2],[-74.89966558,42.764347468,364.2],[-74.8996935,42.764304485,364.2],[-74.899720191,42.764267501,364.2],[-74.899747131,42.764233469,364.2],[-74.899775188,42.764201924,364.2],[-74.899806321,42.764173701,364.2],[-74.8998387,42.764147539,364.2],[-74.899872276,42.764121596,364.2],[-74.899907481,42.764094988,364.2],[-74.899945953,42.764065999,364.2],[-74.899982986,42.76403823,364.2],[-74.900019742,42.76401112,364.2],[-74.900056731,42.763984619,364.2],[-74.900094854,42.763959036,364.2],[-74.900130098,42.76393532,364.2],[-74.900164899,42.763912639,364.2],[-74.90020039,42.763890943,364.2],[-74.9002387,42.76387077,364.2],[-74.900274494,42.763852371,364.2],[-74.90030851,42.76383537,364.2],[-74.900340457,42.763820103,364.2],[-74.900368605,42.763808165,364.2],[-74.900407167,42.763795668,364.2],[-74.900451595,42.763782335,364.2],[-74.900501692,42.763767689,364.2],[-74.900560707,42.763750185,364.2],[-74.900624135,42.763730187,364.2],[-74.900690519,42.763709171,364.2],[-74.900760215,42.763687553,364.2],[-74.900835846,42.76366559,364.2],[-74.90089362,42.763646051,364.2],[-74.90094122,42.763628755,364.2],[-74.900978919,42.76361448,364.2],[-74.901000871,42.763606338,364.2],[-74.901020361,42.763598657,364.2],[-74.901038812,42.763591396,364.2],[-74.901056613,42.7635847,364.2],[-74.90107395,42.763579152,364.2],[-74.901088828,42.763574139,364.2],[-74.90110364,42.763568453,364.2],[-74.901119705,42.763561146,364.2],[-74.901139889,42.763549703,364.2],[-74.901158284,42.763534949,364.2],[-74.901176441,42.763519182,364.2],[-74.901195146,42.763503296,364.2],[-74.901215993,42.76348864,364.2],[-74.901247556,42.763473271,364.2],[-74.901285224,42.763456409,364.2],[-74.901328775,42.76343702,364.2],[-74.901381664,42.763411823,364.2],[-74.90143725,42.763383791,364.2],[-74.901492531,42.763354671,364.2],[-74.90154566,42.763325041,364.2],[-74.901592278,42.763295486,364.2],[-74.90162205,42.763270108,364.2],[-74.901643163,42.76324729,364.2],[-74.901656918,42.763227116,364.2],[-74.901660612,42.763211446,364.2],[-74.901661686,42.763199019,364.2],[-74.901661574,42.763187526,364.2],[-74.901660641,42.763175999,364.2],[-74.901658945,42.763162827,364.2],[-74.90166147,42.763148741,364.2],[-74.901667947,42.763134038,364.2],[-74.90167979,42.763118649,364.2],[-74.901702865,42.763102003,364.2],[-74.901737856,42.763082512,364.2],[-74.901777153,42.763061621,364.2],[-74.901817966,42.763039624,364.2],[-74.901856707,42.763016277,364.2],[-74.901890471,42.762992848,364.2],[-74.901920715,42.762969725,364.2],[-74.901946895,42.762947259,364.2],[-74.901965403,42.762926479,364.2],[-74.901978235,42.762904594,364.2],[-74.901988688,42.762882723,364.2],[-74.901997796,42.762861543,364.2],[-74.902006376,42.762842651,364.2],[-74.902016826,42.762828408,364.2],[-74.902028003,42.762816343,364.2],[-74.902039501,42.762805838,364.2],[-74.902050864,42.762796898,364.2],[-74.902059947,42.762787939,364.2],[-74.902067499,42.762778907,364.2],[-74.902073356,42.762769736,364.2],[-74.90207609,42.762760228,364.2],[-74.902077301,42.762749053,364.2],[-74.902078354,42.762736815,364.2],[-74.902080017,42.762723458,364.2],[-74.902084033,42.762708121,364.2],[-74.902090931,42.762693433,364.2],[-74.902099923,42.762678677,364.2],[-74.902111365,42.762663386,364.2],[-74.902127554,42.762646373,364.2],[-74.902146969,42.762623471,364.2],[-74.90216662,42.762598126,364.2],[-74.902184739,42.7625715,364.2],[-74.902197193,42.762544728,364.2],[-74.902204351,42.76252045,364.2],[-74.902209381,42.762496585,364.2],[-74.902213403,42.762471991,364.2],[-74.902217688,42.762444168,364.2],[-74.902222847,42.762422421,364.2],[-74.902229466,42.762402595,364.2],[-74.902238509,42.762382837,364.2],[-74.902253372,42.762359922,364.2],[-74.902274951,42.762326082,364.2],[-74.902298854,42.762288702,364.2],[-74.902323225,42.762251058,364.2],[-74.902345092,42.762218785,364.2],[-74.902368953,42.762191005,364.2],[-74.902394063,42.762164339,364.2],[-74.902420451,42.762137067,364.2],[-74.902449078,42.762105676,364.2],[-74.902476025,42.762074462,364.2],[-74.902502489,42.762043602,364.2],[-74.902529044,42.762013363,364.2],[-74.902556793,42.761984657,364.2],[-74.902585169,42.761953786,364.2],[-74.902612047,42.761923536,364.2],[-74.902635426,42.761895978,364.2],[-74.902649178,42.7618768,364.2],[-74.902655667,42.761858441,364.2],[-74.902659204,42.76183977,364.2],[-74.902661404,42.761819919,364.2],[-74.902664281,42.761796448,364.2],[-74.902671614,42.761772311,364.2],[-74.902680301,42.761748573,364.2],[-74.902688845,42.761726107,364.2],[-74.902694378,42.761707436,364.2],[-74.902697023,42.761688068,364.2],[-74.902697741,42.761666475,364.2],[-74.902696371,42.761640722,364.2],[-74.90269112,42.761604195,364.2],[-74.902682671,42.761568829,364.2],[-74.90267191,42.761533904,364.2],[-74.902658469,42.761499121,364.2],[-74.902639725,42.761464013,364.2],[-74.902615439,42.761422462,364.2],[-74.90258924,42.761378658,364.2],[-74.902562793,42.761334501,364.2],[-74.90253907,42.761293332,364.2],[-74.902517644,42.761256328,364.2],[-74.90249841,42.761222964,364.2],[-74.902482205,42.761194386,364.2],[-74.902472847,42.761176298,364.2],[-74.902468408,42.761162857,364.2],[-74.902467341,42.76115169,364.2],[-74.902469986,42.76114211,364.2],[-74.902479726,42.761133966,364.2],[-74.902497481,42.761125088,364.2],[-74.90251839,42.76111587,364.2],[-74.902540411,42.761106442,364.2],[-74.902560404,42.761096902,364.2],[-74.90257534,42.761088228,364.2],[-74.9025877,42.761079817,364.2],[-74.902598144,42.761071354,364.2],[-74.902606526,42.761062196,364.2],[-74.902613078,42.761053129,364.2],[-74.902618259,42.76104406,364.2],[-74.902621823,42.761034921,364.2],[-74.902622079,42.761025529,364.2],[-74.90261713,42.761013462,364.2],[-74.902609995,42.761000516,364.2],[-74.9026019,42.760987595,364.2],[-74.902594546,42.760976504,364.2],[-74.902591314,42.760966621,364.2],[-74.902590508,42.760957334,364.2],[-74.902591933,42.760948459,364.2],[-74.902596895,42.760939943,364.2],[-74.902605823,42.760929496,364.2],[-74.902617393,42.760917361,364.2],[-74.902631764,42.760903001,364.2],[-74.902651376,42.760883649,364.2],[-74.902668841,42.760860401,364.2],[-74.902685064,42.760835735,364.2],[-74.902700185,42.760810843,364.2],[-74.902713638,42.760787974,364.2],[-74.902724131,42.760764354,364.2],[-74.90273141,42.760739731,364.2],[-74.902733946,42.760713492,364.2],[-74.902724965,42.760683163,364.2],[-74.902712286,42.760658446,364.2],[-74.902699938,42.760637237,364.2],[-74.902691005,42.76061947,364.2],[-74.902694489,42.760607667,364.2],[-74.90270193,42.760594713,364.2],[-74.902710993,42.760581341,364.2],[-74.902720647,42.760567914,364.2],[-74.902729205,42.760555147,364.2],[-74.902734087,42.760542641,364.2],[-74.902736954,42.760528939,364.2],[-74.902738183,42.760512454,364.2],[-74.902737303,42.760487697,364.2],[-74.902735255,42.760455132,364.2],[-74.902732928,42.760417873,364.2],[-74.902730865,42.760376265,364.2],[-74.902730425,42.760327636,364.2],[-74.902730113,42.760276815,364.2],[-74.902729238,42.760225219,364.2],[-74.902727046,42.760173588,364.2],[-74.90272089,42.760123471,364.2],[-74.902711539,42.76007679,364.2],[-74.902700188,42.760030447,364.2],[-74.902686898,42.759982234,364.2],[-74.90267026,42.759925927,364.2],[-74.902649843,42.759858001,364.2],[-74.902628344,42.759787013,364.2],[-74.902607366,42.759718203,364.2],[-74.90259079,42.75966465,364.2],[-74.902577534,42.759615434,364.2],[-74.902566044,42.759567823,364.2],[-74.902555885,42.7595204,364.2],[-74.902547151,42.759470218,364.2],[-74.902537953,42.759423069,364.2],[-74.902528531,42.759378926,364.2],[-74.902518974,42.759339046,364.2],[-74.902509375,42.75930962,364.2],[-74.902498597,42.759283262,364.2],[-74.902487132,42.759257834,364.2],[-74.902475073,42.759232062,364.2],[-74.90246215,42.759202843,364.2],[-74.902453414,42.759178688,364.2],[-74.902447434,42.759157944,364.2],[-74.902444263,42.759140766,364.2],[-74.902446299,42.759130385,364.2],[-74.902450307,42.759120451,364.2],[-74.902455395,42.759110502,364.2],[-74.902461325,42.759100157,364.2],[-74.902468237,42.759088241,364.2],[-74.902472913,42.759068414,364.2],[-74.902475882,42.759042583,364.2],[-74.902476838,42.759009701,364.2],[-74.902473434,42.758961631,364.2],[-74.902470113,42.758910477,364.2],[-74.902467115,42.758858599,364.2],[-74.90246477,42.758807577,364.2],[-74.902464373,42.758761741,364.2],[-74.902466161,42.758714083,364.2],[-74.902469038,42.758665361,364.2],[-74.902472588,42.758615738,364.2],[-74.902476401,42.758564835,364.2],[-74.902482801,42.758507036,364.2],[-74.90249034,42.758444322,364.2],[-74.902498326,42.758376198,364.2],[-74.902505523,42.758297025,364.2],[-74.902509923,42.758244652,364.2],[-74.902511994,42.758206845,364.2],[-74.902511122,42.758179823,364.2],[-74.902503413,42.75816369,364.2],[-74.902492895,42.75814961,364.2],[-74.902480884,42.758136852,364.2],[-74.902467815,42.758125388,364.2],[-74.902453847,42.75811622,364.2],[-74.902438553,42.758108364,364.2],[-74.902422138,42.758101456,364.2],[-74.902404293,42.758095601,364.2],[-74.902383078,42.758091947,364.2],[-74.902360717,42.758089024,364.2],[-74.902338249,42.758086471,364.2],[-74.902316503,42.758084147,364.2],[-74.902298074,42.758081896,364.2],[-74.902281672,42.758079288,364.2],[-74.902266899,42.758076349,364.2],[-74.902254115,42.758072959,364.2],[-74.902245896,42.75806844,364.2],[-74.90224017,42.758062225,364.2],[-74.902235866,42.758055248,364.2],[-74.902232687,42.758047977,364.2],[-74.902230871,42.758041301,364.2],[-74.902230331,42.758035178,364.2],[-74.902231342,42.75802922,364.2],[-74.902234806,42.758023168,364.2],[-74.90224505,42.758016299,364.2],[-74.902268993,42.758008446,364.2],[-74.90230037,42.758000298,364.2],[-74.902336999,42.757992321,364.2],[-74.902377968,42.757985821,364.2],[-74.902414699,42.757978175,364.2],[-74.90244809,42.757969621,364.2],[-74.902477476,42.757959967,364.2],[-74.902497723,42.757947783,364.2],[-74.902515262,42.757930811,364.2],[-74.902530861,42.757910894,364.2],[-74.90254436,42.757888366,364.2],[-74.902553522,42.757861806,364.2],[-74.902558417,42.757835502,364.2],[-74.902560923,42.757809714,364.2],[-74.902561662,42.75778489,364.2],[-74.902560666,42.757763016,364.2],[-74.902557854,42.757745299,364.2],[-74.902553714,42.757730195,364.2],[-74.9025481,42.757717464,364.2],[-74.902539347,42.757708578,364.2],[-74.902528171,42.757701213,364.2],[-74.902515789,42.757694384,364.2],[-74.902502763,42.757687448,364.2],[-74.902489986,42.757678646,364.2],[-74.902476251,42.757667304,364.2],[-74.902461404,42.75765399,364.2],[-74.902444819,42.757638359,364.2],[-74.90242332,42.757617451,364.2],[-74.902399668,42.757596822,364.2],[-74.90237528,42.757576869,364.2],[-74.902351113,42.757558239,364.2],[-74.902329896,42.757543824,364.2],[-74.902311664,42.75752845,364.2],[-74.902295491,42.757512539,364.2],[-74.902281429,42.757496238,364.2],[-74.902271505,42.757479597,364.2],[-74.90226754,42.757462641,364.2],[-74.902267374,42.757444041,364.2],[-74.902270673,42.757421876,364.2],[-74.902279658,42.757387763,364.2],[-74.902290089,42.757354075,364.2],[-74.902300846,42.757321013,364.2],[-74.902311035,42.757289025,364.2],[-74.902317719,42.757260309,364.2],[-74.902321767,42.757228634,364.2],[-74.902324318,42.757195818,364.2],[-74.902325784,42.757163047,364.2],[-74.902326293,42.757133618,364.2],[-74.902327797,42.757109688,364.2],[-74.902330082,42.757089346,364.2],[-74.902333282,42.757072362,364.2],[-74.902338609,42.757061165,364.2],[-74.902347072,42.757051498,364.2],[-74.902357921,42.757043122,364.2],[-74.902371483,42.75703637,364.2],[-74.902391149,42.757033654,364.2],[-74.902409493,42.757033424,364.2],[-74.902427459,42.757034719,364.2],[-74.90244578,42.757037294,364.2],[-74.902466845,42.757041633,364.2],[-74.902486247,42.757043971,364.2],[-74.902504478,42.757044464,364.2],[-74.902521505,42.757042465,364.2],[-74.90253611,42.757033824,364.2],[-74.902549244,42.757020111,364.2],[-74.902561139,42.757002635,364.2],[-74.90257148,42.756981024,364.2],[-74.902577917,42.75695037,364.2],[-74.902580858,42.756925956,364.2],[-74.902581607,42.756905397,364.2],[-74.90258047,42.756888062,364.2],[-74.902576585,42.756875133,364.2],[-74.902572182,42.756863328,364.2],[-74.90256735,42.756852216,364.2],[-74.90256199,42.756841665,364.2],[-74.902555317,42.756831839,364.2],[-74.902544573,42.756818623,364.2],[-74.902530755,42.756803057,364.2],[-74.902513507,42.756785133,364.2],[-74.902488546,42.756762619,364.2],[-74.902458009,42.756737096,364.2],[-74.902424604,42.756710002,364.2],[-74.902389753,42.756682069,364.2],[-74.902356316,42.756654671,364.2],[-74.902330764,42.756632123,364.2],[-74.902310444,42.756612828,364.2],[-74.902294991,42.756596616,364.2],[-74.902287942,42.756585898,364.2],[-74.902284419,42.756575611,364.2],[-74.902283504,42.756565194,364.2],[-74.902285403,42.756554032,364.2],[-74.902293445,42.756539554,364.2],[-74.902314472,42.756521881,364.2],[-74.902345057,42.756502075,364.2],[-74.902385883,42.756480286,364.2],[-74.902448881,42.756455058,364.2],[-74.902506801,42.756431734,364.2],[-74.902561108,42.756409378,364.2],[-74.90261172,42.75638747,364.2],[-74.902654826,42.756364825,364.2],[-74.902690643,42.756341285,364.2],[-74.90272208,42.756316606,364.2],[-74.902750209,42.756290051,364.2],[-74.902775151,42.756257518,364.2],[-74.902799062,42.756224689,364.2],[-74.902822004,42.756191804,364.2],[-74.902843619,42.756159089,364.2],[-74.902861501,42.756127409,364.2],[-74.902878007,42.756094619,364.2],[-74.902892797,42.756061441,364.2],[-74.902904786,42.75602845,364.2],[-74.902907789,42.755997652,364.2],[-74.902910733,42.755970756,364.2],[-74.902913922,42.755946614,364.2],[-74.902917779,42.755925225,364.2],[-74.902924307,42.755909287,364.2],[-74.902932416,42.755895188,364.2],[-74.90294172,42.755882211,364.2],[-74.902952326,42.75587009,364.2],[-74.90296587,42.755858812,364.2],[-74.902976945,42.755848359,364.2],[-74.902986332,42.75583807,364.2],[-74.90299413,42.755827319,364.2],[-74.902999082,42.755813608,364.2],[-74.903010035,42.755792391,364.2],[-74.903024696,42.755765987,364.2],[-74.903042238,42.755734617,364.2],[-74.903062796,42.755694054,364.2],[-74.903078232,42.755654792,364.2],[-74.903089946,42.755616223,364.2],[-74.903097839,42.755578009,364.2],[-74.903097741,42.75553936,364.2],[-74.903095588,42.755499991,364.2],[-74.903092136,42.755461635,364.2],[-74.903087633,42.755426585,364.2],[-74.903081854,42.755405844,364.2],[-74.903078728,42.755389351,364.2],[-74.903077705,42.755375439,364.2],[-74.903079093,42.755363417,364.2],[-74.903086373,42.755352859,364.2],[-74.903098534,42.755341546,364.2],[-74.903113936,42.755329564,364.2],[-74.903132199,42.755316724,364.2],[-74.903154915,42.755301507,364.2],[-74.903172819,42.755287687,364.2],[-74.903187509,42.755274406,364.2],[-74.903199351,42.755260958,364.2],[-74.903206708,42.755244737,364.2],[-74.903216053,42.755227281,364.2],[-74.903227172,42.755208609,364.2],[-74.903240586,42.755188219,364.2],[-74.903260465,42.755162609,364.2],[-74.903278615,42.755131467,364.2],[-74.903295621,42.755095035,364.2],[-74.903311645,42.755051309,364.2],[-74.903326242,42.754985766,364.2],[-74.903340292,42.754918067,364.2],[-74.903353564,42.754851241,364.2],[-74.903365476,42.754789043,364.2],[-74.903372545,42.754749559,364.2],[-74.903381778,42.754718077,364.2],[-74.903392586,42.754691707,364.2],[-74.903404985,42.754669386,364.2],[-74.903420675,42.75465152,364.2],[-74.9034376,42.754626641,364.2],[-74.903455284,42.754596295,364.2],[-74.903473515,42.754559896,364.2],[-74.903492098,42.754509013,364.2],[-74.903513296,42.754457119,364.2],[-74.903535993,42.754405147,364.2],[-74.903559554,42.754354126,364.2],[-74.903582587,42.754308803,364.2],[-74.90360955,42.754265869,364.2],[-74.903638633,42.754224774,364.2],[-74.903668664,42.75418567,364.2],[-74.903696331,42.754151216,364.2],[-74.903713824,42.754128169,364.2],[-74.903724903,42.754112059,364.2],[-74.903731155,42.754100688,364.2],[-74.903733409,42.754090882,364.2],[-74.903732782,42.754079481,364.2],[-74.903730143,42.754066928,364.2],[-74.903725648,42.754053252,364.2],[-74.903717905,42.754037359,364.2],[-74.903709463,42.754022586,364.2],[-74.903700863,42.754008468,364.2],[-74.903692662,42.753994737,364.2],[-74.903687417,42.753980792,364.2],[-74.903687303,42.753965479,364.2],[-74.903692146,42.753948343,364.2],[-74.903703844,42.75392807,364.2],[-74.903737019,42.753896275,364.2],[-74.903763894,42.753868862,364.2],[-74.903786291,42.75384426,364.2],[-74.903804463,42.753821806,364.2],[-74.90381486,42.75380124,364.2],[-74.90382523,42.753780543,364.2],[-74.903836809,42.753758796,364.2],[-74.903851583,42.753734461,364.2],[-74.903880766,42.753698716,364.2],[-74.903916974,42.753657791,364.2],[-74.903955547,42.753615746,364.2],[-74.903991897,42.753576967,364.2],[-74.904005486,42.753562346,364.2],[-74.904016681,42.753550153,364.2],[-74.9040265,42.753539715,364.2],[-74.904035583,42.75353096,364.2],[-74.904045688,42.753525438,364.2],[-74.904057348,42.753522028,364.2],[-74.904070368,42.753520072,364.2],[-74.904085081,42.753519383,364.2],[-74.904104692,42.753520593,364.2],[-74.904128953,42.753520745,364.2],[-74.904155787,42.753519951,364.2],[-74.90418374,42.753517952,364.2],[-74.904208113,42.753512375,364.2],[-74.904228761,42.753505707,364.2],[-74.904247041,42.753498206,364.2],[-74.904263624,42.75348984,364.2],[-74.904279411,42.753479526,364.2],[-74.904295473,42.753466565,364.2],[-74.904311657,42.753451781,364.2],[-74.904327821,42.753435422,364.2],[-74.904343359,42.753416794,364.2],[-74.904358881,42.753397693,364.2],[-74.904375122,42.753377993,364.2],[-74.904393295,42.753357287,364.2],[-74.904420668,42.753332742,364.2],[-74.904454371,42.753304959,364.2],[-74.904490499,42.753276036,364.2],[-74.904525169,42.753248124,364.2],[-74.904540248,42.753231499,364.2],[-74.904550298,42.753216574,364.2],[-74.904556995,42.753202756,364.2],[-74.904561054,42.753189762,364.2],[-74.904562582,42.753177297,364.2],[-74.904562384,42.753165382,364.2],[-74.904561073,42.753153736,364.2],[-74.904558968,42.75314212,364.2],[-74.904556559,42.753129524,364.2],[-74.904557024,42.753116697,364.2],[-74.90455976,42.753103756,364.2],[-74.904564937,42.753090799,364.2],[-74.904576075,42.75307826,364.2],[-74.904588432,42.753068435,364.2],[-74.904601545,42.753060493,364.2],[-74.90461514,42.753054148,364.2],[-74.904628537,42.753049949,364.2],[-74.904638759,42.753045944,364.2],[-74.90464656,42.753042021,364.2],[-74.90465191,42.753038064,364.2],[-74.90465187,42.753033525,364.2],[-74.904652957,42.753025752,364.2],[-74.904655167,42.753015839,364.2],[-74.904658967,42.753004315,364.2],[-74.904668286,42.752991753,364.2],[-74.904681063,42.752976632,364.2],[-74.904696107,42.752959736,364.2],[-74.904712791,42.752941368,364.2],[-74.904730131,42.752921202,364.2],[-74.904746057,42.752895991,364.2],[-74.904761343,42.752865932,364.2],[-74.904776756,42.752829295,364.2],[-74.904795979,42.752770445,364.2],[-74.904816765,42.752706217,364.2],[-74.904837965,42.752640209,364.2],[-74.904858224,42.752576462,364.2],[-74.904870103,42.752536528,364.2],[-74.904880125,42.752505152,364.2],[-74.904888453,42.752479916,364.2],[-74.904894608,42.752460107,364.2],[-74.904893789,42.752448699,364.2],[-74.904891294,42.752439598,364.2],[-74.904887423,42.752432067,364.2],[-74.904882022,42.75242575,364.2],[-74.904872545,42.752420387,364.2],[-74.90486309,42.752413332,364.2],[-74.904854071,42.752404854,364.2],[-74.904846233,42.75239474,364.2],[-74.904844556,42.75238002,364.2],[-74.904845141,42.752364153,364.2],[-74.90484722,42.752347503,364.2],[-74.904850351,42.752330242,364.2],[-74.904853619,42.752312488,364.2],[-74.904858087,42.752294119,364.2],[-74.904863426,42.752275366,364.2],[-74.904869543,42.752256392,364.2],[-74.904876898,42.752237739,364.2],[-74.904884386,42.752221691,364.2],[-74.904892185,42.752207651,364.2],[-74.90490067,42.75219561,364.2],[-74.904912531,42.752187904,364.2],[-74.904923509,42.752180113,364.2],[-74.904933823,42.752171352,364.2],[-74.904943514,42.752160018,364.2],[-74.904952018,42.752134878,364.2],[-74.904960294,42.752105718,364.2],[-74.904968325,42.75207409,364.2],[-74.904975979,42.75204116,364.2],[-74.904982141,42.752011348,364.2],[-74.904987289,42.751980833,364.2],[-74.90499175,42.751950054,364.2],[-74.904995713,42.751919528,364.2],[-74.904999543,42.751892231,364.2],[-74.905003145,42.751866692,364.2],[-74.905006037,42.751842456,364.2],[-74.905007249,42.751819401,364.2],[-74.904999684,42.751798315,364.2],[-74.904989681,42.751776899,364.2],[-74.904978158,42.751755291,364.2],[-74.904965813,42.751733602,364.2],[-74.904955345,42.751712339,364.2],[-74.904949833,42.751682957,364.2],[-74.904947967,42.751647195,364.2],[-74.904949331,42.751605,364.2],[-74.904955634,42.751548215,364.2],[-74.904959255,42.751498019,364.2],[-74.904960889,42.751452897,364.2],[-74.90496076,42.751412673,364.2],[-74.904957901,42.751382426,364.2],[-74.904956996,42.751349194,364.2],[-74.904957626,42.751313391,364.2],[-74.904959787,42.751274604,364.2],[-74.904965349,42.751226879,364.2],[-74.904968018,42.751177044,364.2],[-74.904968663,42.751125621,364.2],[-74.904967758,42.751072742,364.2],[-74.904966006,42.751017338,364.2],[-74.904965508,42.750967722,364.2],[-74.904965889,42.750922142,364.2],[-74.904966946,42.750879612,364.2],[-74.904968372,42.750838378,364.2],[-74.904970858,42.75080091,364.2],[-74.904974224,42.750765874,364.2],[-74.904978557,42.750732254,364.2],[-74.904985557,42.750696024,364.2],[-74.904992486,42.750656871,364.2],[-74.904999228,42.750616126,364.2],[-74.905005526,42.750575151,364.2],[-74.905009373,42.750541499,364.2],[-74.905012235,42.750509247,364.2],[-74.905014395,42.75047732,364.2],[-74.905016008,42.750444245,364.2],[-74.905017286,42.750399961,364.2],[-74.905017489,42.75035517,364.2],[-74.905016956,42.750310342,364.2],[-74.905015906,42.750266162,364.2],[-74.905014995,42.750227514,364.2],[-74.90501792,42.750184088,364.2],[-74.905023706,42.750137351,364.2],[-74.905031966,42.75008824,364.2],[-74.905043564,42.750039342,364.2],[-74.905057647,42.749992077,364.2],[-74.90507363,42.749945992,364.2],[-74.905091346,42.749900856,364.2],[-74.905112019,42.749856462,364.2],[-74.905138189,42.749803286,364.2],[-74.905168171,42.749744249,364.2],[-74.905200842,42.749681592,364.2],[-74.905232769,42.749624388,364.2],[-74.905260371,42.749574989,364.2],[-74.905284434,42.749531335,364.2],[-74.905304817,42.749492446,364.2],[-74.905315925,42.749458372,364.2],[-74.90532588,42.74942054,364.2],[-74.905335085,42.74938006,364.2],[-74.905343892,42.74933764,364.2],[-74.905353969,42.749295242,364.2],[-74.90536408,42.749254671,364.2],[-74.905374099,42.749215858,364.2],[-74.905383796,42.749179358,364.2],[-74.905391278,42.749151719,364.2],[-74.905401433,42.749124435,364.2],[-74.905413649,42.749096671,364.2],[-74.905427742,42.749066938,364.2],[-74.905444956,42.749023058,364.2],[-74.90546207,42.74897265,364.2],[-74.905479134,42.74891675,364.2],[-74.905496207,42.748854934,364.2],[-74.905513679,42.748776678,364.2],[-74.905527578,42.748703658,364.2],[-74.905539151,42.748634235,364.2],[-74.905549516,42.748567147,364.2],[-74.90556446,42.748497116,364.2],[-74.905577662,42.748430598,364.2],[-74.905589612,42.748367477,364.2],[-74.905600628,42.748308825,364.2],[-74.905611628,42.748267767,364.2],[-74.905626124,42.748224736,364.2],[-74.905643115,42.748180108,364.2],[-74.905661906,42.748133897,364.2],[-74.905680158,42.748084102,364.2],[-74.905697089,42.748027699,364.2],[-74.905713054,42.747966523,364.2],[-74.905728266,42.747901791,364.2],[-74.905743223,42.747837151,364.2],[-74.905756276,42.747776279,364.2],[-74.905767924,42.747717829,364.2],[-74.905778468,42.747660489,364.2],[-74.905788535,42.747596589,364.2],[-74.905798344,42.747538282,364.2],[-74.905808196,42.747483932,364.2],[-74.905818598,42.747432306,364.2],[-74.905833896,42.747378312,364.2],[-74.905848891,42.747325833,364.2],[-74.90586403,42.747274108,364.2],[-74.905880099,42.747222158,364.2],[-74.905904031,42.747162642,364.2],[-74.905928207,42.747108429,364.2],[-74.905952573,42.747058245,364.2],[-74.905977108,42.747011421,364.2],[-74.906001872,42.746967661,364.2],[-74.906025846,42.746923857,364.2],[-74.906048957,42.746880137,364.2],[-74.906070773,42.746836752,364.2],[-74.906086334,42.746795987,364.2],[-74.906097841,42.746759418,364.2],[-74.906106209,42.746726121,364.2],[-74.906111844,42.746695712,364.2],[-74.906114084,42.746669268,364.2],[-74.906120647,42.746642087,364.2],[-74.906130337,42.746614545,364.2],[-74.906142235,42.746587161,364.2],[-74.906152409,42.746564065,364.2],[-74.906162221,42.746535301,364.2],[-74.906171806,42.746501702,364.2],[-74.906181313,42.746462972,364.2],[-74.906191785,42.746409768,364.2],[-74.906200499,42.746356763,364.2],[-74.906207434,42.746304697,364.2],[-74.906211922,42.746255166,364.2],[-74.906205381,42.746224149,364.2],[-74.906192082,42.746195292,364.2],[-74.906173723,42.746168179,364.2],[-74.906151471,42.746142702,364.2],[-74.906129125,42.746120279,364.2],[-74.906108885,42.746101357,364.2],[-74.906090313,42.746085326,364.2],[-74.90607324,42.746072138,364.2],[-74.906058371,42.746065352,364.2],[-74.906043366,42.746059737,364.2],[-74.906028247,42.74605497,364.2],[-74.906013022,42.746050781,364.2],[-74.90599759,42.746045775,364.2],[-74.905982554,42.746038161,364.2],[-74.90596802,42.746028341,364.2],[-74.905954342,42.746016259,364.2],[-74.905945659,42.745998277,364.2],[-74.905943349,42.74597702,364.2],[-74.905946394,42.745952736,364.2],[-74.905954817,42.745924836,364.2],[-74.905976432,42.745883253,364.2],[-74.906001948,42.745835282,364.2],[-74.906030367,42.745782703,364.2],[-74.906060893,42.745727136,364.2],[-74.906089733,42.745678112,364.2],[-74.906120668,42.745631252,364.2],[-74.906153021,42.745586549,364.2],[-74.906186056,42.745544716,364.2],[-74.906214374,42.745516019,364.2],[-74.906240311,42.745493534,364.2],[-74.906264707,42.745476031,364.2],[-74.90628856,42.745462959,364.2],[-74.906319879,42.745455828,364.2],[-74.90636005,42.745448516,364.2],[-74.906406821,42.745441,364.2],[-74.906458301,42.745433167,364.2],[-74.906504372,42.745423582,364.2],[-74.906544204,42.745413018,364.2],[-74.906579134,42.745401059,364.2],[-74.906609974,42.74538649,364.2],[-74.906638233,42.745354498,364.2],[-74.906669293,42.745311276,364.2],[-74.906702159,42.7452598,364.2],[-74.9067356,42.745202827,364.2],[-74.906759087,42.745157792,364.2],[-74.906781773,42.745110288,364.2],[-74.906804107,42.745060459,364.2],[-74.906826796,42.745007818,364.2],[-74.906856997,42.744943697,364.2],[-74.90688634,42.744881696,364.2],[-74.906914958,42.744821175,364.2],[-74.906942868,42.744761427,364.2],[-74.9069692,42.744696836,364.2],[-74.906993885,42.744634796,364.2],[-74.907017183,42.744575252,364.2],[-74.907039131,42.744518889,364.2],[-74.907058139,42.744477019,364.2],[-74.90707656,42.744436687,364.2],[-74.90709453,42.744397636,364.2],[-74.907112168,42.744359797,364.2],[-74.907130151,42.744324288,364.2],[-74.907152507,42.744286727,364.2],[-74.907178066,42.744247838,364.2],[-74.907205625,42.744208564,364.2],[-74.907226137,42.744177786,364.2],[-74.907250011,42.74414342,364.2],[-74.907276623,42.744106131,364.2],[-74.907305634,42.744066263,364.2],[-74.907337179,42.744023509,364.2],[-74.907366254,42.74397814,364.2],[-74.907393051,42.743930923,364.2],[-74.90741724,42.743882753,364.2],[-74.907431463,42.743841452,364.2],[-74.907442873,42.743805166,364.2],[-74.907452269,42.743772853,364.2],[-74.907460561,42.743743735,364.2],[-74.907475676,42.743714385,364.2],[-74.907497886,42.743679421,364.2],[-74.907525895,42.743639914,364.2],[-74.907558957,42.743596552,364.2],[-74.907596725,42.743550902,364.2],[-74.907632978,42.743505613,364.2],[-74.907668038,42.743460344,364.2],[-74.907702188,42.743414447,364.2],[-74.907737104,42.743359882,364.2],[-74.907770772,42.743305852,364.2],[-74.907803486,42.743252279,364.2],[-74.907835524,42.743199131,364.2],[-74.90786899,42.743146742,364.2],[-74.907901849,42.743093043,364.2],[-74.907933976,42.743038491,364.2],[-74.907964904,42.742983731,364.2],[-74.907987522,42.742935728,364.2],[-74.908007963,42.742892812,364.2],[-74.908026749,42.742853852,364.2],[-74.908044438,42.742817775,364.2],[-74.908065731,42.742776641,364.2],[-74.908085434,42.742738294,364.2],[-74.908103682,42.742702316,364.2],[-74.908120319,42.742668562,364.2],[-74.908131056,42.742638748,364.2],[-74.908141558,42.742605833,364.2],[-74.90815218,42.742570158,364.2],[-74.908163667,42.742531612,364.2],[-74.908186235,42.742484446,364.2],[-74.908209824,42.74243964,364.2],[-74.908234032,42.742396804,364.2],[-74.908258229,42.742355718,364.2],[-74.908274708,42.742316391,364.2],[-74.908288591,42.742281549,364.2],[-74.90830013,42.742250625,364.2],[-74.908309157,42.742223568,364.2],[-74.908309749,42.742205787,364.2],[-74.908308111,42.742188225,364.2],[-74.90830457,42.742170935,364.2],[-74.908299266,42.742154095,364.2],[-74.908291187,42.742140696,364.2],[-74.908282301,42.742129071,364.2],[-74.908272691,42.742119012,364.2],[-74.908262322,42.742110525,364.2],[-74.908249575,42.742106152,364.2],[-74.90823421,42.742103806,364.2],[-74.908216718,42.742103206,364.2],[-74.908197532,42.74210426,364.2],[-74.908179676,42.742108321,364.2],[-74.908163743,42.742111747,364.2],[-74.908149368,42.742114537,364.2],[-74.90813621,42.742116514,364.2],[-74.908121659,42.742114065,364.2],[-74.908104746,42.742107001,364.2],[-74.908085954,42.742096077,364.2],[-74.908065784,42.742081836,364.2],[-74.908048924,42.742066443,364.2],[-74.90803626,42.74205172,364.2],[-74.908027132,42.742037495,364.2],[-74.908021097,42.742023529,364.2],[-74.908016889,42.742006932,364.2],[-74.908008916,42.741989409,364.2],[-74.907997493,42.741970976,364.2],[-74.907982383,42.741951434,364.2],[-74.907954294,42.741926097,364.2],[-74.907920814,42.741899707,364.2],[-74.907882619,42.741872421,364.2],[-74.907839938,42.741844347,364.2],[-74.907788874,42.741815787,364.2],[-74.907736898,42.741785512,364.2],[-74.907684588,42.741753941,364.2],[-74.907633109,42.741721647,364.2],[-74.907601149,42.741695979,364.2],[-74.907574614,42.741671757,364.2],[-74.907552896,42.741648519,364.2],[-74.907535886,42.741625527,364.2],[-74.907529587,42.741591907,364.2],[-74.907528478,42.741576448,364.2],[-74.907527068,42.741556816,364.2],[-74.907527842,42.741520782,364.2],[-74.907531669,42.741484716,364.2],[-74.907539793,42.741462736,364.2],[-74.907549814,42.741442465,364.2],[-74.907561533,42.741423348,364.2],[-74.907574923,42.741404463,364.2],[-74.907592328,42.741371467,364.2],[-74.907607965,42.741335761,364.2],[-74.90762211,42.741297926,364.2],[-74.907635009,42.741258733,364.2],[-74.907648594,42.741228491,364.2],[-74.907668316,42.741202369,364.2],[-74.90769399,42.741179831,364.2],[-74.907726629,42.741160536,364.2],[-74.907794608,42.741144181,364.2],[-74.907853228,42.741131616,364.2],[-74.907903756,42.741122228,364.2],[-74.907947113,42.741115394,364.2],[-74.907987185,42.741104687,364.2],[-74.908025772,42.741094929,364.2],[-74.908063091,42.741086071,364.2],[-74.908099334,42.741078198,364.2],[-74.908136086,42.74107452,364.2],[-74.908180386,42.741072375,364.2],[-74.908231616,42.741071576,364.2],[-74.908289959,42.741072013,364.2],[-74.908370592,42.741073756,364.2],[-74.908448556,42.741075282,364.2],[-74.908523895,42.741076529,364.2],[-74.90859612,42.741077302,364.2],[-74.908651001,42.741073127,364.2],[-74.908703696,42.741065923,364.2],[-74.90875452,42.7410559,364.2],[-74.908803783,42.741042931,364.2],[-74.908854663,42.741019554,364.2],[-74.908917235,42.740986529,364.2],[-74.9089897,42.740945257,364.2],[-74.909070058,42.740897173,364.2],[-74.909133031,42.740858507,364.2],[-74.909190285,42.740822629,364.2],[-74.909242434,42.740789145,364.2],[-74.909289814,42.740757641,364.2],[-74.909330989,42.740723302,364.2],[-74.90937099,42.740685808,364.2],[-74.909409895,42.740645504,364.2],[-74.909447659,42.740602623,364.2],[-74.909481391,42.74055742,364.2],[-74.909506945,42.740521242,364.2],[-74.909525144,42.740493111,364.2],[-74.909536408,42.740472385,364.2],[-74.909537608,42.740458301,364.2],[-74.909540293,42.740443628,364.2],[-74.909544532,42.740428333,364.2],[-74.9095508,42.740412216,364.2],[-74.909572882,42.740389569,364.2],[-74.909598827,42.740362682,364.2],[-74.909628326,42.740331869,364.2],[-74.909661332,42.740297107,364.2],[-74.909702952,42.740250994,364.2],[-74.909747832,42.740199725,364.2],[-74.909795521,42.740143933,364.2],[-74.909845498,42.740084254,364.2],[-74.909889749,42.740028518,364.2],[-74.909933009,42.739972628,364.2],[-74.909975293,42.739916716,364.2],[-74.91001646,42.739861097,364.2],[-74.910051198,42.739813653,364.2],[-74.910084461,42.739771321,364.2],[-74.910116373,42.739733529,364.2],[-74.910146992,42.739699746,364.2],[-74.910175425,42.739663997,364.2],[-74.910206176,42.739624354,364.2],[-74.910239066,42.739581086,364.2],[-74.910274055,42.739534194,364.2],[-74.910313812,42.739477332,364.2],[-74.910352771,42.739422103,364.2],[-74.910390977,42.739368491,364.2],[-74.910428408,42.739316734,364.2],[-74.910463113,42.739276336,364.2],[-74.910500063,42.739233654,364.2],[-74.910539179,42.739188787,364.2],[-74.910580638,42.739141598,364.2],[-74.910633401,42.73908432,364.2],[-74.910687255,42.739026398,364.2],[-74.910741985,42.738968026,364.2],[-74.910797224,42.7389096,364.2],[-74.910843571,42.738862098,364.2],[-74.910887632,42.738818884,364.2],[-74.910929693,42.738779585,364.2],[-74.910970134,42.738743921,364.2],[-74.911017048,42.738710358,364.2],[-74.911062933,42.738677706,364.2],[-74.911107704,42.738645973,364.2],[-74.911150973,42.738615323,364.2],[-74.911178519,42.738592616,364.2],[-74.911206137,42.738569257,364.2],[-74.91123387,42.738545244,364.2],[-74.911261855,42.738520479,364.2],[-74.911294674,42.738490446,364.2],[-74.911325839,42.738460353,364.2],[-74.911355451,42.738430256,364.2],[-74.911383551,42.73840029,364.2],[-74.911408584,42.738375103,364.2],[-74.911442041,42.738347963,364.2],[-74.911483152,42.738319054,364.2],[-74.911531086,42.738288603,364.2],[-74.911570293,42.738261269,364.2],[-74.911605471,42.738234614,364.2],[-74.911637002,42.738208572,364.2],[-74.911665348,42.738183064,364.2],[-74.911700755,42.738156194,364.2],[-74.91173592,42.73813306,364.2],[-74.911770834,42.738113365,364.2],[-74.911805434,42.738096821,364.2],[-74.911836856,42.73807871,364.2],[-74.911871737,42.738058042,364.2],[-74.911909849,42.738035012,364.2],[-74.911951029,42.738009821,364.2],[-74.911994664,42.737986067,364.2],[-74.912032872,42.737964954,364.2],[-74.912066007,42.737946307,364.2],[-74.912094352,42.737929979,364.2],[-74.912120276,42.737914515,364.2],[-74.912148296,42.737899507,364.2],[-74.912178271,42.737884894,364.2],[-74.912210067,42.737870571,364.2],[-74.912241422,42.737852597,364.2],[-74.912270218,42.737833446,364.2],[-74.912296597,42.737813157,364.2],[-74.912320651,42.737791689,364.2],[-74.912342159,42.73776514,364.2],[-74.912364063,42.737739339,364.2],[-74.91238638,42.737714254,364.2],[-74.9124092,42.737689884,364.2],[-74.91243769,42.737667475,364.2],[-74.91247056,42.73764169,364.2],[-74.912507517,42.737612697,364.2],[-74.912548225,42.737580606,364.2],[-74.912583281,42.737544734,364.2],[-74.912614702,42.737511825,364.2],[-74.912642631,42.737481758,364.2],[-74.912667089,42.737454484,364.2],[-74.912682624,42.737432957,364.2],[-74.912696905,42.737410891,364.2],[-74.912710023,42.73738831,364.2],[-74.912722133,42.737365221,364.2],[-74.912739424,42.737341208,364.2],[-74.912757976,42.737315277,364.2],[-74.912777742,42.737287495,364.2],[-74.912798708,42.737257862,364.2],[-74.912822455,42.737222852,364.2],[-74.912851672,42.737185033,364.2],[-74.91288616,42.737144492,364.2],[-74.912925834,42.737101235,364.2],[-74.912975614,42.737050214,364.2],[-74.913019269,42.737006494,364.2],[-74.913056983,42.736969833,364.2],[-74.913088756,42.736940143,364.2],[-74.913103218,42.736925283,364.2],[-74.913114089,42.736910714,364.2],[-74.913121483,42.736896436,364.2],[-74.913125462,42.736882473,364.2],[-74.913123738,42.736871107,364.2],[-74.913122167,42.736860087,364.2],[-74.913120756,42.7368494,364.2],[-74.913119535,42.736839033,364.2],[-74.913121302,42.736828496,364.2],[-74.913125409,42.736818419,364.2],[-74.913131821,42.736808779,364.2],[-74.913140602,42.736799544,364.2],[-74.913161872,42.736788649,364.2],[-74.913185172,42.736774686,364.2],[-74.913210446,42.736757661,364.2],[-74.913237661,42.736737412,364.2],[-74.913267438,42.73669174,364.2],[-74.913296705,42.736646231,364.2],[-74.913325508,42.736600844,364.2],[-74.913353961,42.736555484,364.2],[-74.913393471,42.736499711,364.2],[-74.91343332,42.73643954,364.2],[-74.913473501,42.736375075,364.2],[-74.913514019,42.736306395,364.2],[-74.913555796,42.736234369,364.2],[-74.913592572,42.736168726,364.2],[-74.913624452,42.736109353,364.2],[-74.913651512,42.736056199,364.2],[-74.913674234,42.736015402,364.2],[-74.913697536,42.735976062,364.2],[-74.913721441,42.735938102,364.2],[-74.913746035,42.735901362,364.2],[-74.913786747,42.735841984,364.2],[-74.91383158,42.735775435,364.2],[-74.913880427,42.735701878,364.2],[-74.91393314,42.735621559,364.2],[-74.913967937,42.73556756,364.2],[-74.913998567,42.735518262,364.2],[-74.914025089,42.735473603,364.2],[-74.914047567,42.735433532,364.2],[-74.914072096,42.735395495,364.2],[-74.914099316,42.735353778,364.2],[-74.914129189,42.735308428,364.2],[-74.914161663,42.735259502,364.2],[-74.91418566,42.735217608,364.2],[-74.914208699,42.73517954,364.2],[-74.914230793,42.735145269,364.2],[-74.914251962,42.735114771,364.2],[-74.914279756,42.735084068,364.2],[-74.914306856,42.735052746,364.2],[-74.914333269,42.735020807,364.2],[-74.914359001,42.734988257,364.2],[-74.914387291,42.734957721,364.2],[-74.914421866,42.734923414,364.2],[-74.914462715,42.73488534,364.2],[-74.914485995,42.734864669,364.2],[-74.914512952,42.734836025,364.2],[-74.914527505,42.734816645,364.2],[-74.914536459,42.734802583,364.2],[-74.914542711,42.734790877,364.2],[-74.914546819,42.734780625,364.2],[-74.914549302,42.734770951,364.2],[-74.914550181,42.73476128,364.2],[-74.914549049,42.734751289,364.2],[-74.9145455,42.734740677,364.2],[-74.914539918,42.734729463,364.2],[-74.914533916,42.734718174,364.2],[-74.914529211,42.734707381,364.2],[-74.914527047,42.734697474,364.2],[-74.914527318,42.73468834,364.2],[-74.914529672,42.734679769,364.2],[-74.914533754,42.734671569,364.2],[-74.914539154,42.734663612,364.2],[-74.914545455,42.734655791,364.2],[-74.914552213,42.734648015,364.2],[-74.914558721,42.734640273,364.2],[-74.914564108,42.734632616,364.2],[-74.91456752,42.734625092,364.2],[-74.914568852,42.734617609,364.2],[-74.914568865,42.734609917,364.2],[-74.914568362,42.734601761,364.2],[-74.914568059,42.734592958,364.2],[-74.914568469,42.73458349,364.2],[-74.914570084,42.734573357,364.2],[-74.91457326,42.73456254,364.2],[-74.914577816,42.734550955,364.2],[-74.914583438,42.734538497,364.2],[-74.914589863,42.734525105,364.2],[-74.914597239,42.734511035,364.2],[-74.914605917,42.734496702,364.2],[-74.914616234,42.73448248,364.2],[-74.914628295,42.734467994,364.2],[-74.914642001,42.734452236,364.2],[-74.914657242,42.734434185,364.2],[-74.914673396,42.73441376,364.2],[-74.914689057,42.734392336,364.2],[-74.91470275,42.73437141,364.2],[-74.914713785,42.734351966,364.2],[-74.914723722,42.734333522,364.2],[-74.914734529,42.73431533,364.2],[-74.91474775,42.734296752,364.2],[-74.914762588,42.734277801,364.2],[-74.914777431,42.734258707,364.2],[-74.914790804,42.734239735,364.2],[-74.914802864,42.734221552,364.2],[-74.914814821,42.734205088,364.2],[-74.914827881,42.73419122,364.2],[-74.914842644,42.73417922,364.2],[-74.914859014,42.734166503,364.2],[-74.914876854,42.73415039,364.2],[-74.914895821,42.734129447,364.2],[-74.914915166,42.734104871,364.2],[-74.914934079,42.734078187,364.2],[-74.914951683,42.734050932,364.2],[-74.91496685,42.734024693,364.2],[-74.914978386,42.734001076,364.2],[-74.914985323,42.733981461,364.2],[-74.914988485,42.733965496,364.2],[-74.914989549,42.733951995,364.2],[-74.91499012,42.733939791,364.2],[-74.914990285,42.733928028,364.2],[-74.914988823,42.733916131,364.2],[-74.914984488,42.733903534,364.2],[-74.914976757,42.733890096,364.2],[-74.914966232,42.733876334,364.2],[-74.914953614,42.733862813,364.2],[-74.914939557,42.733849944,364.2],[-74.914924574,42.733837682,364.2],[-74.914909158,42.733825895,364.2],[-74.914893701,42.733814396,364.2],[-74.914878048,42.733802655,364.2],[-74.914861845,42.733790025,364.2],[-74.914844798,42.733775932,364.2],[-74.914827233,42.733760615,364.2],[-74.91480988,42.733744841,364.2],[-74.914793463,42.73372935,364.2],[-74.914778415,42.733713782,364.2],[-74.914764824,42.733696499,364.2],[-74.914752769,42.733675805,364.2],[-74.914742463,42.733651422,364.2],[-74.914734426,42.733626053,364.2],[-74.914729216,42.733602775,364.2],[-74.914726927,42.733583716,364.2],[-74.914725816,42.733567211,364.2],[-74.914723676,42.733550648,364.2],[-74.914718605,42.733531728,364.2],[-74.914711096,42.733510651,364.2],[-74.914702789,42.733488808,364.2],[-74.914695288,42.733467568,364.2],[-74.914689423,42.733447885,364.2],[-74.914685356,42.733430336,364.2],[-74.91468322,42.733415484,364.2],[-74.914682989,42.733403349,364.2],[-74.914684368,42.733393127,364.2],[-74.914687043,42.733383937,364.2],[-74.914690756,42.733374917,364.2],[-74.914695408,42.733365258,364.2],[-74.914700933,42.733354158,364.2],[-74.91470724,42.733340925,364.2],[-74.914714157,42.7333255,364.2],[-74.914721468,42.733308037,364.2],[-74.914728961,42.733288742,364.2],[-74.914736357,42.733268467,364.2],[-74.91474334,42.73324847,364.2],[-74.914749585,42.733229996,364.2],[-74.914754601,42.733213637,364.2],[-74.914757698,42.733199226,364.2],[-74.914758179,42.733186558,364.2],[-74.91475599,42.733175455,364.2],[-74.914752435,42.733165809,364.2],[-74.914748988,42.733157514,364.2],[-74.914746871,42.733150448,364.2],[-74.914746298,42.7331444,364.2],[-74.914747236,42.733139138,364.2],[-74.91474965,42.733134418,364.2],[-74.914753507,42.733129918,364.2],[-74.914758768,42.733125275,364.2],[-74.914765367,42.733120145,364.2],[-74.914772584,42.733114486,364.2],[-74.914779137,42.733108522,364.2],[-74.914783743,42.733102483,364.2],[-74.914785831,42.733096383,364.2],[-74.914785935,42.733089918,364.2],[-74.914784688,42.73308275,364.2],[-74.914782737,42.733074723,364.2],[-74.914780775,42.733066185,364.2],[-74.914779504,42.733057574,364.2],[-74.914779508,42.733049306,364.2],[-74.91478073,42.733041637,364.2],[-74.914782889,42.733034777,364.2],[-74.914785666,42.733028809,364.2],[-74.914788255,42.733022372,364.2],[-74.914789541,42.733013185,364.2],[-74.914788433,42.732999018,364.2],[-74.914784645,42.732979966,364.2],[-74.914778823,42.732958801,364.2],[-74.914771659,42.73293844,364.2],[-74.914763298,42.73292083,364.2],[-74.914752727,42.732905889,364.2],[-74.914738792,42.732893281,364.2],[-74.914720906,42.732882665,364.2],[-74.914700777,42.732873685,364.2],[-74.914680685,42.73286598,364.2],[-74.914662705,42.732859156,364.2],[-74.914647271,42.732852542,364.2],[-74.91463404,42.732845338,364.2],[-74.914622659,42.732836767,364.2],[-74.914612719,42.732826489,364.2],[-74.914603769,42.732814543,364.2],[-74.914595354,42.732800984,364.2],[-74.91458727,42.732786066,364.2],[-74.914579694,42.73277036,364.2],[-74.914572835,42.732754458,364.2],[-74.914566992,42.73273885,364.2],[-74.914562714,42.73272372,364.2],[-74.914560597,42.732709198,364.2],[-74.914561168,42.732695401,364.2],[-74.914564564,42.73268238,364.2],[-74.914570783,42.732670159,364.2],[-74.914579746,42.73265874,364.2],[-74.914590447,42.732647841,364.2],[-74.914601286,42.732637,364.2],[-74.914610688,42.732625762,364.2],[-74.914618295,42.732614016,364.2],[-74.914625151,42.732602051,364.2],[-74.914632373,42.732590181,364.2],[-74.914640656,42.732578851,364.2],[-74.914649792,42.732568805,364.2],[-74.914659468,42.732560814,364.2],[-74.914669531,42.732555501,364.2],[-74.914680481,42.732552867,364.2],[-74.914692987,42.732552755,364.2],[-74.91470756,42.732554931,364.2],[-74.914723492,42.732558513,364.2],[-74.91473949,42.732562313,364.2],[-74.914754311,42.732565165,364.2],[-74.914767665,42.732566296,364.2],[-74.914780087,42.732565286,364.2],[-74.914792135,42.732561721,364.2],[-74.914804104,42.732555465,364.2],[-74.914815889,42.732546789,364.2],[-74.91482735,42.732536006,364.2],[-74.914838145,42.732523622,364.2],[-74.91484736,42.732510728,364.2],[-74.914853974,42.73249851,364.2],[-74.914857101,42.732487956,364.2],[-74.914856592,42.732478938,364.2],[-74.914852551,42.732470941,364.2],[-74.91484508,42.732463445,364.2],[-74.914834216,42.732455918,364.2],[-74.914819965,42.732447817,364.2],[-74.914802349,42.732438596,364.2],[-74.914782143,42.732427656,364.2],[-74.914760981,42.732414328,364.2],[-74.914740547,42.732397946,364.2],[-74.914722451,42.732378745,364.2],[-74.914708149,42.732358839,364.2],[-74.914699073,42.732340584,364.2],[-74.914696133,42.732325775,364.2],[-74.914698136,42.732313987,364.2],[-74.914703368,42.732304235,364.2],[-74.914710294,42.732295605,364.2],[-74.914718843,42.732287751,364.2],[-74.914729645,42.732280594,364.2],[-74.91474335,42.732274046,364.2],[-74.914761011,42.732267803,364.2],[-74.914784017,42.732261386,364.2],[-74.914813734,42.732254307,364.2],[-74.914849241,42.732246464,364.2],[-74.914886074,42.732238346,364.2],[-74.914919463,42.732230493,364.2],[-74.914946256,42.732223109,364.2],[-74.914967935,42.732215436,364.2],[-74.914986818,42.732206546,364.2],[-74.915004693,42.732195644,364.2],[-74.915020379,42.732182674,364.2],[-74.915031668,42.732167842,364.2],[-74.915036673,42.732151423,364.2],[-74.91503725,42.732134496,364.2],[-74.91503767,42.732118657,364.2],[-74.915042141,42.732105478,364.2],[-74.915051761,42.732095523,364.2],[-74.915064031,42.73208818,364.2],[-74.915076254,42.732082775,364.2],[-74.915086245,42.732078363,364.2],[-74.915092891,42.732073436,364.2],[-74.915095211,42.732066418,364.2],[-74.915093036,42.732056206,364.2],[-74.915089445,42.732043594,364.2],[-74.915088332,42.732029852,364.2],[-74.915093056,42.732016124,364.2],[-74.915102791,42.732002551,364.2],[-74.915114708,42.731988799,364.2],[-74.915126045,42.731974538,364.2],[-74.915135443,42.731959568,364.2],[-74.915142759,42.731943812,364.2],[-74.91514789,42.731927194,364.2],[-74.915150995,42.731909998,364.2],[-74.915152635,42.731893058,364.2],[-74.915153406,42.731877249,364.2],[-74.915153826,42.731863239,364.2],[-74.915154219,42.731851056,364.2],[-74.915154863,42.731840625,364.2],[-74.915156034,42.731831911,364.2],[-74.915157984,42.731825091,364.2],[-74.915160961,42.731820427,364.2],[-74.915165169,42.731818139,364.2],[-74.915170351,42.731818,364.2],[-74.915175952,42.731819499,364.2],[-74.915181421,42.731822124,364.2],[-74.915186555,42.731825498,364.2],[-74.915191538,42.731829406,364.2],[-74.915196585,42.731833641,364.2],[-74.915202115,42.731837881,364.2],[-74.915208988,42.73184156,364.2],[-74.915211896,42.731842365,364.2],[-74.915218113,42.731844087,364.2],[-74.915230076,42.731845125,364.2],[-74.915244154,42.731845372,364.2],[-74.91525929,42.731845785,364.2],[-74.915274562,42.731847205,364.2],[-74.915290074,42.731849593,364.2],[-74.915306418,42.731852489,364.2],[-74.915324131,42.731855435,364.2],[-74.915342631,42.731858164,364.2],[-74.91536037,42.731860564,364.2],[-74.915375794,42.731862531,364.2],[-74.915388548,42.731863902,364.2],[-74.91540016,42.731864428,364.2],[-74.915412311,42.731863852,364.2],[-74.915425939,42.731861902,364.2],[-74.91543985,42.731858276,364.2],[-74.915452467,42.731852662,364.2],[-74.915462515,42.731844919,364.2],[-74.915470417,42.731835877,364.2],[-74.915477191,42.731826699,364.2],[-74.915483837,42.731818497,364.2],[-74.915491195,42.731811774,364.2],[-74.915500005,42.731806642,364.2],[-74.915510983,42.731803197,364.2],[-74.915524254,42.731801416,364.2],[-74.91553926,42.731801123,364.2],[-74.915555409,42.731802138,364.2],[-74.915572343,42.731804124,364.2],[-74.915590213,42.731806423,364.2],[-74.915609229,42.731808339,364.2],[-74.915629286,42.731809306,364.2],[-74.915649017,42.731809293,364.2],[-74.91566674,42.731808402,364.2],[-74.915681006,42.731806636,364.2],[-74.915692247,42.731803188,364.2],[-74.915701795,42.731796877,364.2],[-74.91571095,42.731786603,364.2],[-74.915720435,42.731772885,364.2],[-74.915730475,42.731757641,364.2],[-74.915741272,42.731742823,364.2],[-74.915752585,42.731729521,364.2],[-74.91576349,42.731717484,364.2],[-74.915773008,42.731706351,364.2],[-74.915780323,42.731695836,364.2],[-74.915785105,42.731685873,364.2],[-74.915787109,42.731676437,364.2],[-74.915786371,42.731667405,364.2],[-74.915784516,42.731658114,364.2],[-74.915783717,42.731647711,364.2],[-74.91578597,42.731635426,364.2],[-74.915791154,42.731621422,364.2],[-74.915797779,42.731606461,364.2],[-74.915804375,42.731591284,364.2],[-74.915810636,42.73157552,364.2],[-74.91581759,42.731557524,364.2],[-74.915826345,42.731535574,364.2],[-74.915837713,42.731507402,364.2],[-74.915848812,42.731477826,364.2],[-74.915853119,42.731468272,364.2],[-74.915859611,42.73145212,364.2],[-74.915869042,42.731430155,364.2],[-74.915879564,42.73140901,364.2],[-74.915889897,42.7313906,364.2],[-74.915898871,42.731376637,364.2],[-74.915906245,42.731367102,364.2],[-74.915912238,42.731361123,364.2],[-74.915917214,42.731357874,364.2],[-74.915923083,42.731357078,364.2],[-74.915932696,42.731358799,364.2],[-74.91594866,42.731363037,364.2],[-74.915969718,42.731368837,364.2],[-74.915991707,42.731374521,364.2],[-74.916010538,42.731378455,364.2],[-74.916024993,42.73138022,364.2],[-74.916036513,42.731380524,364.2],[-74.916046622,42.731380069,364.2],[-74.916056252,42.731378171,364.2],[-74.916065666,42.731372574,364.2],[-74.916075073,42.731360992,364.2],[-74.916084139,42.731343703,364.2],[-74.916091769,42.731324574,364.2],[-74.916096817,42.731307711,364.2],[-74.916098652,42.731295294,364.2],[-74.916097546,42.731286188,364.2],[-74.916093846,42.731278931,364.2],[-74.916087102,42.731272239,364.2],[-74.916075152,42.731265215,364.2],[-74.916055617,42.731257015,364.2],[-74.916027373,42.731247171,364.2],[-74.915992647,42.731236233,364.2],[-74.91595422,42.731224919,364.2],[-74.91591485,42.731213832,364.2],[-74.915877245,42.731203183,364.2],[-74.915844092,42.731193107,364.2],[-74.915817525,42.731183702,364.2],[-74.915797292,42.731174939,364.2],[-74.915782509,42.731166753,364.2],[-74.915772333,42.731159106,364.2],[-74.91576612,42.731152108,364.2],[-74.9157633,42.731145923,364.2],[-74.915763415,42.73114068,364.2],[-74.915766829,42.73113628,364.2],[-74.915774245,42.731132527,364.2],[-74.915786274,42.73112927,364.2],[-74.915802663,42.731126709,364.2],[-74.915822708,42.731125232,364.2],[-74.91584579,42.731125192,364.2],[-74.915872305,42.731126514,364.2],[-74.915903299,42.731128846,364.2],[-74.91593965,42.731131822,364.2],[-74.915979345,42.731134975,364.2],[-74.916018081,42.731137748,364.2],[-74.916051643,42.731139608,364.2],[-74.91607927,42.731140462,364.2],[-74.916103557,42.731140652,364.2],[-74.91612721,42.731140522,364.2],[-74.916151975,42.731139938,364.2],[-74.916178451,42.731138183,364.2],[-74.916207149,42.731134517,364.2],[-74.916237618,42.731128561,364.2],[-74.916267983,42.731120465,364.2],[-74.916296266,42.731110425,364.2],[-74.91632104,42.731098866,364.2],[-74.91634189,42.731086619,364.2],[-74.916358509,42.731074563,364.2],[-74.916371155,42.731062868,364.2],[-74.916381381,42.731050128,364.2],[-74.916390904,42.731034718,364.2],[-74.916400959,42.731015976,364.2],[-74.916411386,42.730995966,364.2],[-74.916421786,42.730977223,364.2],[-74.916431964,42.730961548,364.2],[-74.916442467,42.730948125,364.2],[-74.916453999,42.730935557,364.2],[-74.91646688,42.730922716,364.2],[-74.916479661,42.730909713,364.2],[-74.9164904,42.730896999,364.2],[-74.916497696,42.730884823,364.2],[-74.916503237,42.730872241,364.2],[-74.916509801,42.730857889,364.2],[-74.916519713,42.730840512,364.2],[-74.916531948,42.730819655,364.2],[-74.916543997,42.730795216,364.2],[-74.916553576,42.730767188,364.2],[-74.916560575,42.730736425,364.2],[-74.916566084,42.730704258,364.2],[-74.916571122,42.730672015,364.2],[-74.916575688,42.730640973,364.2],[-74.916579087,42.730612366,364.2],[-74.916580661,42.730587367,364.2],[-74.916580552,42.730566084,364.2],[-74.916579583,42.73054773,364.2],[-74.916578592,42.730531509,364.2],[-74.916578462,42.730516992,364.2],[-74.916580119,42.730504131,364.2],[-74.916584463,42.730492888,364.2],[-74.916591442,42.730483107,364.2],[-74.916599812,42.73047447,364.2],[-74.916608263,42.730466642,364.2],[-74.916616388,42.730458719,364.2],[-74.91662517,42.730448926,364.2],[-74.916635709,42.730435421,364.2],[-74.916648273,42.730417696,364.2],[-74.916661538,42.730397802,364.2],[-74.916674004,42.730378081,364.2],[-74.916684924,42.730359962,364.2],[-74.916695366,42.73034272,364.2],[-74.916706649,42.730325317,364.2],[-74.916719938,42.730306919,364.2],[-74.916735894,42.730287315,364.2],[-74.916755094,42.730266408,364.2],[-74.916777596,42.730244385,364.2],[-74.916801516,42.73022252,364.2],[-74.916824514,42.730202341,364.2],[-74.916844833,42.730184895,364.2],[-74.916863497,42.730168947,364.2],[-74.916882364,42.730152577,364.2],[-74.916903067,42.730134186,364.2],[-74.91692589,42.730114092,364.2],[-74.916950612,42.730093335,364.2],[-74.916977051,42.730072792,364.2],[-74.917005329,42.730052083,364.2],[-74.917035711,42.730030235,364.2],[-74.917068304,42.730006443,364.2],[-74.917101619,42.729981614,364.2],[-74.917133238,42.729957653,364.2],[-74.917160935,42.729936314,364.2],[-74.917185224,42.729917072,364.2],[-74.917208581,42.729897788,364.2],[-74.917233439,42.729876386,364.2],[-74.917260707,42.729852676,364.2],[-74.917289938,42.729828133,364.2],[-74.91732061,42.729804271,364.2],[-74.917351137,42.729782309,364.2],[-74.917378793,42.729763138,364.2],[-74.917400864,42.729747613,364.2],[-74.917417233,42.729735656,364.2],[-74.917431241,42.729725957,364.2],[-74.917446439,42.729717122,364.2],[-74.917464787,42.729708097,364.2],[-74.917485645,42.729698376,364.2],[-74.917508134,42.729687503,364.2],[-74.917531667,42.729675112,364.2],[-74.917556263,42.729661019,364.2],[-74.917582008,42.729645061,364.2],[-74.917608732,42.729627285,364.2],[-74.917635608,42.729608258,364.2],[-74.917661709,42.729588632,364.2],[-74.917686291,42.729568884,364.2],[-74.917709196,42.72954896,364.2],[-74.917730381,42.729528697,364.2],[-74.917750005,42.729507961,364.2],[-74.917769055,42.729486721,364.2],[-74.917788722,42.729464983,364.2],[-74.917809907,42.729442824,364.2],[-74.917832014,42.729420736,364.2],[-74.91785399,42.729399334,364.2],[-74.917874823,42.729379133,364.2],[-74.91789385,42.729359975,364.2],[-74.917910543,42.729341438,364.2],[-74.917924484,42.729323116,364.2],[-74.917936181,42.729304743,364.2],[-74.917946604,42.729286125,364.2],[-74.917956613,42.729267101,364.2],[-74.917965885,42.729247869,364.2],[-74.917973371,42.729228847,364.2],[-74.917978046,42.729210445,364.2],[-74.917979389,42.729192858,364.2],[-74.917977258,42.729176121,364.2],[-74.917971547,42.729160271,364.2],[-74.917962726,42.72914541,364.2],[-74.917951789,42.729131695,364.2],[-74.91793975,42.729119278,364.2],[-74.917927688,42.729107902,364.2],[-74.917916747,42.729096843,364.2],[-74.917908057,42.729085365,364.2],[-74.917901888,42.729073233,364.2],[-74.917897315,42.729060915,364.2],[-74.917893331,42.729048928,364.2],[-74.917889581,42.729037567,364.2],[-74.917886836,42.729026739,364.2],[-74.917885977,42.729016311,364.2],[-74.91788763,42.729005609,364.2],[-74.917891865,42.728992796,364.2],[-74.917898688,42.728975891,364.2],[-74.91790802,42.728954259,364.2],[-74.917919587,42.728930851,364.2],[-74.917933071,42.728909216,364.2],[-74.917948388,42.728891848,364.2],[-74.917966219,42.728877731,364.2],[-74.917987405,42.728865106,364.2],[-74.91801234,42.728852764,364.2],[-74.918039537,42.728841815,364.2],[-74.91806701,42.728833978,364.2],[-74.91809296,42.728830411,364.2],[-74.918116605,42.728829208,364.2],[-74.918137511,42.728827441,364.2],[-74.918155333,42.728822492,364.2],[-74.918170373,42.72881386,364.2],[-74.918183204,42.728801932,364.2],[-74.918194329,42.728787139,364.2],[-74.918203629,42.72877027,364.2],[-74.918210666,42.728752298,364.2],[-74.918215031,42.728734172,364.2],[-74.918216662,42.728716524,364.2],[-74.918215734,42.728699778,364.2],[-74.918212467,42.728684356,364.2],[-74.918207787,42.728670624,364.2],[-74.918203176,42.728658912,364.2],[-74.91820008,42.728649513,364.2],[-74.918198629,42.728641991,364.2],[-74.918197686,42.728635205,364.2],[-74.918196087,42.728628008,364.2],[-74.918193475,42.728620044,364.2],[-74.918190451,42.728611911,364.2],[-74.918187666,42.728604242,364.2],[-74.918185071,42.728596942,364.2],[-74.918181605,42.728588825,364.2],[-74.918176129,42.728578631,364.2],[-74.918168235,42.728565685,364.2],[-74.918158841,42.728550398,364.2],[-74.918149005,42.72853329,364.2],[-74.918139359,42.728514808,364.2],[-74.918129597,42.728495236,364.2],[-74.918119274,42.728474833,364.2],[-74.918108276,42.728453844,364.2],[-74.918097414,42.728432472,364.2],[-74.918087657,42.728410913,364.2],[-74.918079446,42.728389461,364.2],[-74.918071346,42.728368752,364.2],[-74.918061504,42.728349502,364.2],[-74.918048597,42.728332132,364.2],[-74.918033718,42.728315743,364.2],[-74.918018634,42.728299071,364.2],[-74.918004846,42.728281155,364.2],[-74.917992356,42.728262801,364.2],[-74.917980634,42.72824544,364.2],[-74.917969181,42.728230319,364.2],[-74.917957718,42.728217351,364.2],[-74.91794607,42.728205853,364.2],[-74.91793404,42.728195105,364.2],[-74.917921218,42.728184011,364.2],[-74.917907077,42.728171271,364.2],[-74.91789119,42.72815571,364.2],[-74.917874368,42.728137733,364.2],[-74.917858271,42.728118816,364.2],[-74.917844445,42.728100389,364.2],[-74.917832204,42.728082708,364.2],[-74.917819001,42.728065055,364.2],[-74.917802324,42.728046713,364.2],[-74.917781696,42.728027766,364.2],[-74.917758742,42.728009121,364.2],[-74.917735155,42.727991708,364.2],[-74.9177117,42.727975877,364.2],[-74.917687965,42.727961251,364.2],[-74.91766347,42.727947409,364.2],[-74.917637996,42.727933974,364.2],[-74.917611731,42.727920651,364.2],[-74.917584891,42.727907145,364.2],[-74.917557544,42.7278933,364.2],[-74.917529458,42.727879218,364.2],[-74.917500368,42.727865027,364.2],[-74.917470497,42.727850674,364.2],[-74.917441222,42.727835672,364.2],[-74.917414088,42.727819467,364.2],[-74.917389975,42.727801889,364.2],[-74.917367797,42.727783894,364.2],[-74.917346095,42.727766655,364.2],[-74.917323544,42.72775091,364.2],[-74.917299321,42.727735772,364.2],[-74.917272722,42.727719973,364.2],[-74.917243258,42.727702543,364.2],[-74.917211461,42.727683934,364.2],[-74.917178166,42.727665027,364.2],[-74.917144411,42.727646682,364.2],[-74.917112434,42.727629658,364.2],[-74.917084924,42.727614669,364.2],[-74.917064218,42.727602311,364.2],[-74.917049895,42.727592195,364.2],[-74.917040243,42.727583477,364.2],[-74.917033664,42.727575352,364.2],[-74.917029819,42.727567417,364.2],[-74.917029097,42.727559507,364.2],[-74.917031891,42.727551508,364.2],[-74.917038545,42.727543955,364.2],[-74.917049368,42.727537844,364.2],[-74.917064595,42.727534117,364.2],[-74.917083164,42.727532419,364.2],[-74.917102865,42.727531257,364.2],[-74.917121485,42.727529135,364.2],[-74.917137766,42.727525421,364.2],[-74.917151481,42.727520431,364.2],[-74.917162448,42.727514517,364.2],[-74.91717044,42.727507958,364.2],[-74.917175149,42.727500921,364.2],[-74.917176277,42.727493569,364.2],[-74.917174204,42.727486006,364.2],[-74.917170412,42.727478241,364.2],[-74.91716649,42.727470274,364.2],[-74.917163592,42.727462008,364.2],[-74.917161999,42.727453141,364.2],[-74.917161888,42.727443347,364.2],[-74.917163118,42.727432561,364.2],[-74.917164755,42.727421363,364.2],[-74.917165736,42.727410438,364.2],[-74.917165198,42.727400139,364.2],[-74.917162886,42.727389793,364.2],[-74.917158671,42.727378521,364.2],[-74.917152677,42.727365695,364.2],[-74.917146061,42.727351684,364.2],[-74.917140231,42.727337108,364.2],[-74.917135943,42.727322355,364.2],[-74.917130631,42.727306651,364.2],[-74.917120677,42.727288857,364.2],[-74.917103102,42.727268159,364.2],[-74.917079011,42.727245864,364.2],[-74.917051131,42.727224118,364.2],[-74.917022101,42.727204901,364.2],[-74.916993771,42.727188786,364.2],[-74.916967597,42.727175645,364.2],[-74.916944848,42.727165324,364.2],[-74.916924697,42.727157337,364.2],[-74.916905048,42.727151001,364.2],[-74.916883856,42.727145649,364.2],[-74.91686013,42.727140844,364.2],[-74.916833674,42.727136317,364.2],[-74.916804365,42.727131836,364.2],[-74.916773083,42.72712763,364.2],[-74.916741645,42.727124369,364.2],[-74.916711886,42.727122712,364.2],[-74.916685108,42.727122557,364.2],[-74.916662006,42.727122945,364.2],[-74.91664322,42.727122875,364.2],[-74.916628361,42.727121681,364.2],[-74.916615592,42.727119162,364.2],[-74.916602992,42.72711516,364.2],[-74.916590158,42.727109782,364.2],[-74.916579298,42.727103603,364.2],[-74.916572881,42.727097244,364.2],[-74.916572491,42.727091207,364.2],[-74.916577842,42.727085751,364.2],[-74.9165884,42.727081102,364.2],[-74.916603026,42.727077093,364.2],[-74.916618944,42.727072495,364.2],[-74.916633112,42.727065908,364.2],[-74.916643055,42.727056553,364.2],[-74.916648191,42.727045752,364.2],[-74.916648348,42.727035259,364.2],[-74.916643455,42.727026432,364.2],[-74.916633916,42.727018939,364.2],[-74.916620265,42.727012,364.2],[-74.916603342,42.727004874,364.2],[-74.916597546,42.727002303,364.2],[-74.916585675,42.726997038,364.2],[-74.916570355,42.726988036,364.2],[-74.916560157,42.726977553,364.2],[-74.916555755,42.726966234,364.2],[-74.916556924,42.726955113,364.2],[-74.916563322,42.726945134,364.2],[-74.916573499,42.726936364,364.2],[-74.916585431,42.726928418,364.2],[-74.916597098,42.726920883,364.2],[-74.91660661,42.726913122,364.2],[-74.916612157,42.72690436,364.2],[-74.916612106,42.726893866,364.2],[-74.916607571,42.726881783,364.2],[-74.916601842,42.726868938,364.2],[-74.916598193,42.726856159,364.2],[-74.916598116,42.726843762,364.2],[-74.916601375,42.726831574,364.2],[-74.916607646,42.726819409,364.2],[-74.916615982,42.726807328,364.2],[-74.916624707,42.726795709,364.2],[-74.916632119,42.726784933,364.2],[-74.916637585,42.726775227,364.2],[-74.916642037,42.726766578,364.2],[-74.91664653,42.726758956,364.2],[-74.916651694,42.726752381,364.2],[-74.916657391,42.726746972,364.2],[-74.916663398,42.726742863,364.2],[-74.916669586,42.726740143,364.2],[-74.916676011,42.726738827,364.2],[-74.916682765,42.726738912,364.2],[-74.916689996,42.726740219,364.2],[-74.91669803,42.726742056,364.2],[-74.916707218,42.726743641,364.2],[-74.916717469,42.726744189,364.2],[-74.91672711,42.726742891,364.2],[-74.916734107,42.726738931,364.2],[-74.916736611,42.726731532,364.2],[-74.916733561,42.726720093,364.2],[-74.916724118,42.72670406,364.2],[-74.916707896,42.726683189,364.2],[-74.916687069,42.726659002,364.2],[-74.916664723,42.726633648,364.2],[-74.916643762,42.726609113,364.2],[-74.916625748,42.726586188,364.2],[-74.916611656,42.726565138,364.2],[-74.916602338,42.726546206,364.2],[-74.916597534,42.72652948,364.2],[-74.916596364,42.726514961,364.2],[-74.916598027,42.726502651,364.2],[-74.916602718,42.726492633,364.2],[-74.916611302,42.726485035,364.2],[-74.916624614,42.72647998,364.2],[-74.916642609,42.726477435,364.2],[-74.916664518,42.726477241,364.2],[-74.916689565,42.726479213,364.2],[-74.916717481,42.726482627,364.2],[-74.916748506,42.726486209,364.2],[-74.916782897,42.726488681,364.2],[-74.916820481,42.726489746,364.2],[-74.916860536,42.726490335,364.2],[-74.916902311,42.726491444,364.2],[-74.916944922,42.726493431,364.2],[-74.916987285,42.726495665,364.2],[-74.917028302,42.72649743,364.2],[-74.91706751,42.726497882,364.2],[-74.917105655,42.726495945,364.2],[-74.917143618,42.726490515,364.2],[-74.917181465,42.726481439,364.2],[-74.917217313,42.726470825,364.2],[-74.917248998,42.726461112,364.2],[-74.917275912,42.72645398,364.2],[-74.917302089,42.726448844,364.2],[-74.917332426,42.726444699,364.2],[-74.917370244,42.72644061,364.2],[-74.917412888,42.726435894,364.2],[-74.917456299,42.72642993,364.2],[-74.917496941,42.7264223,364.2],[-74.917533763,42.726413562,364.2],[-74.917566452,42.726404559,364.2],[-74.917594761,42.726395922,364.2],[-74.917618775,42.726386971,364.2],[-74.917638721,42.726376539,364.2],[-74.917654808,42.726363665,364.2],[-74.917667164,42.726349064,364.2],[-74.917675872,42.726334225,364.2],[-74.91768112,42.726320499,364.2],[-74.917684055,42.726307751,364.2],[-74.917686393,42.726294986,364.2],[-74.9176898,42.72628128,364.2],[-74.917695156,42.726266866,364.2],[-74.917702779,42.726252797,364.2],[-74.917712975,42.726240119,364.2],[-74.917726006,42.726229292,364.2],[-74.917742092,42.726220268,364.2],[-74.917761418,42.726212964,364.2],[-74.91778317,42.726206736,364.2],[-74.917805463,42.726200346,364.2],[-74.917826393,42.726192548,364.2],[-74.917845482,42.726183124,364.2],[-74.917864138,42.726173218,364.2],[-74.917883897,42.72616406,364.2],[-74.917905598,42.726156512,364.2],[-74.917928949,42.726150823,364.2],[-74.91795355,42.72614719,364.2],[-74.917978871,42.726145745,364.2],[-74.918004101,42.726146503,364.2],[-74.918028409,42.726149464,364.2],[-74.918051427,42.726154283,364.2],[-74.918073989,42.726159763,364.2],[-74.918097112,42.726164569,364.2],[-74.918121532,42.726167723,364.2],[-74.918147116,42.726169361,364.2],[-74.918173555,42.72616984,364.2],[-74.918200558,42.726169528,364.2],[-74.91822793,42.726168841,364.2],[-74.918255491,42.726168196,364.2],[-74.918283004,42.726167855,364.2],[-74.918309906,42.726167233,364.2],[-74.918335538,42.726165486,364.2],[-74.918359291,42.726161917,364.2],[-74.918380898,42.726156793,364.2],[-74.918400224,42.726150763,364.2],[-74.918417184,42.726144471,364.2],[-74.91843207,42.726138501,364.2],[-74.918445367,42.726133405,364.2],[-74.918457575,42.726129698,364.2],[-74.918469377,42.726127478,364.2],[-74.918481566,42.726126588,364.2],[-74.918494852,42.726126864,364.2],[-74.918508723,42.726128185,364.2],[-74.918521746,42.726130449,364.2],[-74.918532517,42.72613356,364.2],[-74.918540687,42.726137417,364.2],[-74.918546879,42.726141925,364.2],[-74.918551751,42.726146984,364.2],[-74.918555858,42.726152407,364.2],[-74.918559632,42.726157909,364.2],[-74.918563487,42.726163209,364.2],[-74.918567556,42.726168371,364.2],[-74.918571565,42.726173944,364.2],[-74.918575212,42.726180509,364.2],[-74.918578337,42.726188192,364.2],[-74.918581022,42.726196347,364.2],[-74.918583381,42.72620425,364.2],[-74.918585875,42.72621139,364.2],[-74.918589737,42.72621771,364.2],[-74.918596291,42.726223211,364.2],[-74.918606204,42.726227935,364.2],[-74.918618376,42.726232043,364.2],[-74.918631424,42.726235711,364.2],[-74.918645067,42.726239169,364.2],[-74.918662744,42.72624283,364.2],[-74.918688667,42.726247139,364.2],[-74.918725363,42.726252293,364.2],[-74.918768186,42.726257401,364.2],[-74.918810593,42.726261292,364.2],[-74.918847069,42.726262947,364.2],[-74.918877656,42.726262214,364.2],[-74.918904247,42.72625922,364.2],[-74.918928561,42.726254135,364.2],[-74.918951071,42.726247374,364.2],[-74.918971738,42.726239459,364.2],[-74.91899064,42.726230924,364.2],[-74.91900896,42.726222447,364.2],[-74.919028457,42.726214775,364.2],[-74.91905069,42.726208627,364.2],[-74.919074839,42.726204344,364.2],[-74.919098546,42.726202025,364.2],[-74.919119552,42.726201698,364.2],[-74.919137577,42.726202299,364.2],[-74.919153902,42.726201903,364.2],[-74.919169831,42.726198613,364.2],[-74.919186125,42.726191749,364.2],[-74.919203029,42.726181814,364.2],[-74.91922076,42.726169364,364.2],[-74.919239497,42.72615501,364.2],[-74.919259379,42.726139432,364.2],[-74.919280531,42.726123313,364.2],[-74.919303017,42.726107361,364.2],[-74.919326801,42.726092322,364.2],[-74.919351841,42.726078939,364.2],[-74.919378388,42.726067405,364.2],[-74.919407222,42.726056915,364.2],[-74.919439181,42.72604656,364.2],[-74.919473536,42.726035915,364.2],[-74.919506046,42.726025641,364.2],[-74.919531992,42.726016546,364.2],[-74.919549007,42.726009051,364.2],[-74.919561355,42.726002474,364.2],[-74.919574464,42.72599594,364.2],[-74.919592552,42.725988671,364.2],[-74.919615516,42.725980233,364.2],[-74.9196423,42.725970267,364.2],[-74.91967191,42.725958495,364.2],[-74.919703644,42.72594501,364.2],[-74.919736888,42.725930006,364.2],[-74.919771039,42.725913799,364.2],[-74.919805617,42.725897413,364.2],[-74.919840177,42.725882112,364.2],[-74.919874314,42.725868999,364.2],[-74.919907868,42.725857964,364.2],[-74.919940797,42.725848359,364.2],[-74.919972958,42.725839568,364.2],[-74.920003248,42.725831308,364.2],[-74.920030042,42.725823477,364.2],[-74.920051889,42.725815951,364.2],[-74.920069601,42.725808278,364.2],[-74.920085534,42.725799778,364.2],[-74.920102051,42.725789822,364.2],[-74.92012117,42.725778662,364.2],[-74.920144617,42.725767284,364.2],[-74.920173994,42.725756678,364.2],[-74.920208021,42.725747355,364.2],[-74.920242465,42.725739334,364.2],[-74.920273029,42.725732603,364.2],[-74.920298025,42.725726837,364.2],[-74.920319055,42.725721314,364.2],[-74.920337934,42.725715288,364.2],[-74.920356754,42.725708111,364.2],[-74.920378037,42.725699284,364.2],[-74.92040433,42.725688323,364.2],[-74.920436692,42.725675245,364.2],[-74.920473324,42.725661014,364.2],[-74.920512109,42.7256467,364.2],[-74.920551392,42.725633071,364.2],[-74.920590613,42.725620166,364.2],[-74.920629376,42.72560792,364.2],[-74.920667549,42.725596196,364.2],[-74.920705779,42.725584645,364.2],[-74.920744858,42.725572875,364.2],[-74.920785016,42.725560844,364.2],[-74.920824327,42.725549802,364.2],[-74.920860365,42.725541312,364.2],[-74.920891362,42.725536461,364.2],[-74.920918715,42.7255341,364.2],[-74.920944767,42.725532408,364.2],[-74.920971645,42.725529721,364.2],[-74.921000187,42.725525324,364.2],[-74.921030748,42.725518862,364.2],[-74.921063691,42.725510012,364.2],[-74.921099463,42.725498764,364.2],[-74.921138549,42.725485247,364.2],[-74.921181226,42.725469666,364.2],[-74.921225681,42.725452975,364.2],[-74.921268881,42.725436567,364.2],[-74.921307989,42.725421738,364.2],[-74.921343009,42.725408435,364.2],[-74.921375969,42.725395639,364.2],[-74.921408864,42.725382345,364.2],[-74.921442181,42.725368157,364.2],[-74.921475084,42.725353219,364.2],[-74.921506684,42.725337709,364.2],[-74.92153597,42.725322208,364.2],[-74.921561804,42.725307735,364.2],[-74.921583081,42.7252953,364.2],[-74.921600598,42.725284732,364.2],[-74.921617671,42.725274286,364.2],[-74.921637756,42.725262123,364.2],[-74.921662133,42.725247358,364.2],[-74.921688524,42.725230659,364.2],[-74.921714337,42.725212834,364.2],[-74.921738118,42.725194294,364.2],[-74.921760737,42.72517465,364.2],[-74.921783341,42.725153417,364.2],[-74.921806634,42.725130589,364.2],[-74.921830216,42.725107375,364.2],[-74.921853511,42.725085176,364.2],[-74.921876149,42.725064536,364.2],[-74.921898415,42.72504329,364.2],[-74.921920723,42.725018748,364.2],[-74.921943323,42.724988923,364.2],[-74.921965814,42.724954671,364.2],[-74.92198763,42.724917557,364.2],[-74.922008569,42.724879241,364.2],[-74.92203028,42.724841878,364.2],[-74.922054989,42.724807778,364.2],[-74.922084188,42.724778703,364.2],[-74.922114599,42.724752886,364.2],[-74.922141055,42.724727161,364.2],[-74.922159049,42.72469862,364.2],[-74.922169617,42.724666535,364.2],[-74.922176532,42.724631246,364.2],[-74.922183339,42.724593249,364.2],[-74.922190888,42.724554556,364.2],[-74.922198379,42.724518107,364.2],[-74.922205026,42.724486591,364.2],[-74.922210536,42.724458833,364.2],[-74.922214988,42.724430738,364.2],[-74.922218457,42.72439835,364.2],[-74.922220572,42.724361834,364.2],[-74.922220565,42.724325173,364.2],[-74.922217674,42.724292408,364.2],[-74.922211865,42.724264931,364.2],[-74.922203929,42.724241137,364.2],[-74.922194695,42.724219268,364.2],[-74.922184868,42.724198265,364.2],[-74.92217496,42.724178042,364.2],[-74.922165471,42.72415858,364.2],[-74.922156647,42.724139433,364.2],[-74.922148304,42.724119422,364.2],[-74.92214021,42.724097302,364.2],[-74.922132382,42.724072759,364.2],[-74.922125346,42.72404747,364.2],[-74.922119699,42.724023372,364.2],[-74.922114943,42.724001763,364.2],[-74.922107679,42.723982243,364.2],[-74.922094027,42.723964137,364.2],[-74.922072061,42.723946678,364.2],[-74.922046399,42.723928814,364.2],[-74.922023033,42.723909426,364.2],[-74.92200659,42.723887733,364.2],[-74.921995927,42.723864368,364.2],[-74.921988372,42.72384034,364.2],[-74.921981716,42.723816685,364.2],[-74.921976255,42.723794578,364.2],[-74.921973126,42.723775242,364.2],[-74.921973013,42.723759303,364.2],[-74.921973488,42.723743349,364.2],[-74.921970819,42.723722261,364.2],[-74.921961776,42.723691749,364.2],[-74.921947557,42.723654884,364.2],[-74.921931676,42.723618573,364.2],[-74.921917444,42.723589255,364.2],[-74.921905576,42.723567473,364.2],[-74.921895109,42.723549974,364.2],[-74.921885111,42.72353357,364.2],[-74.921875627,42.723517076,364.2],[-74.921867475,42.723500908,364.2],[-74.921861482,42.723485501,364.2],[-74.921858238,42.723470953,364.2],[-74.921858106,42.723457014,364.2],[-74.921861411,42.723443415,364.2],[-74.921867496,42.723429515,364.2],[-74.921874535,42.723414233,364.2],[-74.921880649,42.723396486,364.2],[-74.921884907,42.723376463,364.2],[-74.921887768,42.723356227,364.2],[-74.921889805,42.723337981,364.2],[-74.921891736,42.723322936,364.2],[-74.92189455,42.7233105,364.2],[-74.921899261,42.723299897,364.2],[-74.921906412,42.723290342,364.2],[-74.921915487,42.723281058,364.2],[-74.921925825,42.723271261,364.2],[-74.921936562,42.723260322,364.2],[-74.921946252,42.723248036,364.2],[-74.921953356,42.72323427,364.2],[-74.92195672,42.723219089,364.2],[-74.921956608,42.723203249,364.2],[-74.921953589,42.723187664,364.2],[-74.921948276,42.723173094,364.2],[-74.92194146,42.72315963,364.2],[-74.921933976,42.723147176,364.2],[-74.921926614,42.72313549,364.2],[-74.921919874,42.723123499,364.2],[-74.921914156,42.723109839,364.2],[-74.921909825,42.723093377,364.2],[-74.921907029,42.723074687,364.2],[-74.921905807,42.723055098,364.2],[-74.921906204,42.723035887,364.2],[-74.921908293,42.723017757,364.2],[-74.921912164,42.723001103,364.2],[-74.921917838,42.722986219,364.2],[-74.921924547,42.722972186,364.2],[-74.921930979,42.722957262,364.2],[-74.921935871,42.722939798,364.2],[-74.921938996,42.722919972,364.2],[-74.921940987,42.722899498,364.2],[-74.921942524,42.722880083,364.2],[-74.921944768,42.722862282,364.2],[-74.921949372,42.722845467,364.2],[-74.921957973,42.722828977,364.2],[-74.921970677,42.722812877,364.2],[-74.921985665,42.722798148,364.2],[-74.922001011,42.722785808,364.2],[-74.92201587,42.722775549,364.2],[-74.922031073,42.722765012,364.2],[-74.922047586,42.722751673,364.2],[-74.922065372,42.722734765,364.2],[-74.922082486,42.722716862,364.2],[-74.922096762,42.722700921,364.2],[-74.922107009,42.722688425,364.2],[-74.92211435,42.722677348,364.2],[-74.922120242,42.722665153,364.2],[-74.92212601,42.722649893,364.2],[-74.922132566,42.722631372,364.2],[-74.922140749,42.722609719,364.2],[-74.922150819,42.72258548,364.2],[-74.922160861,42.722560757,364.2],[-74.922168445,42.722538021,364.2],[-74.92217176,42.722519184,364.2],[-74.922171956,42.722503481,364.2],[-74.922171063,42.722489352,364.2],[-74.922171031,42.722475325,364.2],[-74.922173287,42.722460455,364.2],[-74.922179067,42.722443993,364.2],[-74.92218943,42.722425286,364.2],[-74.922204021,42.722404412,364.2],[-74.922221829,42.72238179,364.2],[-74.922241841,42.722357838,364.2],[-74.92226307,42.722332889,364.2],[-74.922284547,42.722307239,364.2],[-74.922305387,42.722281222,364.2],[-74.922325908,42.722255772,364.2],[-74.922347276,42.722232246,364.2],[-74.922370604,42.722211946,364.2],[-74.922395493,42.722194982,364.2],[-74.922420226,42.72218041,364.2],[-74.922443083,42.722167262,364.2],[-74.922463456,42.722154748,364.2],[-74.92248195,42.722142272,364.2],[-74.922499226,42.72212925,364.2],[-74.922515816,42.72211504,364.2],[-74.922532084,42.722098933,364.2],[-74.922548375,42.722080227,364.2],[-74.922564469,42.72205928,364.2],[-74.922579211,42.722038177,364.2],[-74.922591371,42.722019152,364.2],[-74.922600675,42.72200328,364.2],[-74.922608789,42.721989285,364.2],[-74.92261761,42.721975606,364.2],[-74.92262811,42.721961492,364.2],[-74.922638925,42.721948221,364.2],[-74.922648336,42.721937386,364.2],[-74.922655542,42.721929812,364.2],[-74.92266266,42.721923898,364.2],[-74.922672385,42.721917565,364.2],[-74.922687034,42.721909067,364.2],[-74.922707423,42.721898006,364.2],[-74.922733997,42.721884313,364.2],[-74.922766694,42.7218681,364.2],[-74.922802916,42.721850356,364.2],[-74.922839266,42.721832344,364.2],[-74.922872649,42.721815178,364.2],[-74.922901932,42.721798963,364.2],[-74.922926761,42.721783408,364.2],[-74.9229469,42.721768261,364.2],[-74.922963098,42.721753638,364.2],[-74.922976586,42.72173983,364.2],[-74.922988616,42.721727097,364.2],[-74.923000651,42.72171534,364.2],[-74.923014277,42.721704237,364.2],[-74.923030965,42.721693384,364.2],[-74.923050488,42.721681209,364.2],[-74.923071335,42.721665259,364.2],[-74.923091984,42.721643193,364.2],[-74.923111258,42.721615287,364.2],[-74.923128302,42.721584248,364.2],[-74.923142309,42.721552812,364.2],[-74.92315344,42.721521956,364.2],[-74.923162962,42.721490646,364.2],[-74.923172182,42.721457772,364.2],[-74.923181731,42.721423398,364.2],[-74.923191274,42.721389219,364.2],[-74.923200424,42.721357043,364.2],[-74.923209243,42.721327295,364.2],[-74.92321858,42.721298033,364.2],[-74.923229361,42.721267083,364.2],[-74.923241825,42.721233772,364.2],[-74.923254748,42.721200617,364.2],[-74.923266712,42.72117054,364.2],[-74.923277015,42.721145224,364.2],[-74.923286846,42.721123038,364.2],[-74.923297709,42.721101801,364.2],[-74.923310365,42.721079903,364.2],[-74.923323083,42.721057626,364.2],[-74.923333612,42.721035653,364.2],[-74.923340174,42.721014666,364.2],[-74.923342987,42.720995348,364.2],[-74.9233428,42.720978382,364.2],[-74.923340288,42.720964157,364.2],[-74.923335721,42.720951478,364.2],[-74.923329232,42.720938625,364.2],[-74.923320992,42.72092416,364.2],[-74.923311424,42.720908618,364.2],[-74.923301057,42.720893364,364.2],[-74.923290363,42.720879638,364.2],[-74.923279331,42.720867571,364.2],[-74.923267698,42.720856712,364.2],[-74.923255264,42.72084662,364.2],[-74.923242533,42.720837045,364.2],[-74.923230469,42.720827856,364.2],[-74.923220014,42.720818919,364.2],[-74.923211664,42.720810109,364.2],[-74.923205562,42.720801293,364.2],[-74.923201832,42.72079235,364.2],[-74.923200426,42.720783333,364.2],[-74.923201133,42.72077446,364.2],[-74.923203739,42.720765957,364.2],[-74.92320832,42.720757978,364.2],[-74.923215299,42.720750597,364.2],[-74.923225105,42.720743878,364.2],[-74.923237609,42.720738027,364.2],[-74.923251861,42.720733451,364.2],[-74.923266855,42.720730568,364.2],[-74.923282027,42.720729441,364.2],[-74.923297651,42.720729488,364.2],[-74.923314076,42.720730058,364.2],[-74.923331882,42.720730325,364.2],[-74.923352149,42.720729078,364.2],[-74.923376023,42.720725047,364.2],[-74.923403641,42.720717456,364.2],[-74.923432282,42.720706902,364.2],[-74.923458721,42.720694235,364.2],[-74.923480927,42.720680064,364.2],[-74.923501095,42.720664184,364.2],[-74.923522355,42.720646207,364.2],[-74.923546876,42.720626075,364.2],[-74.923572482,42.720605223,364.2],[-74.923595769,42.720585501,364.2],[-74.923614004,42.720568575,364.2],[-74.923628225,42.720555053,364.2],[-74.923640815,42.720545163,364.2],[-74.923653904,42.720539016,364.2],[-74.923667782,42.720535857,364.2],[-74.923681925,42.72053455,364.2],[-74.923695785,42.720533968,364.2],[-74.92370863,42.720533076,364.2],[-74.923719621,42.720530901,364.2],[-74.923728047,42.720526549,364.2],[-74.923734735,42.720520173,364.2],[-74.92374156,42.720512641,364.2],[-74.923750269,42.72050481,364.2],[-74.923760033,42.720497182,364.2],[-74.923767872,42.720489959,364.2],[-74.923770862,42.720483299,364.2],[-74.92376889,42.720476568,364.2],[-74.923764741,42.720468307,364.2],[-74.923761294,42.720457055,364.2],[-74.923760276,42.720442616,364.2],[-74.923761956,42.720426387,364.2],[-74.923766497,42.720409856,364.2],[-74.923773632,42.720394099,364.2],[-74.923782404,42.720379552,364.2],[-74.923791811,42.720366591,364.2],[-74.923801549,42.720355321,364.2],[-74.923812665,42.720345323,364.2],[-74.92382635,42.720336119,364.2],[-74.923843119,42.72032742,364.2],[-74.923861847,42.720319387,364.2],[-74.923881182,42.720312244,364.2],[-74.923900025,42.720306267,364.2],[-74.923918072,42.720301873,364.2],[-74.92393516,42.720299506,364.2],[-74.923951185,42.720299595,364.2],[-74.923966256,42.720302511,364.2],[-74.923980534,42.72030861,364.2],[-74.923994358,42.720317788,364.2],[-74.924008925,42.720327764,364.2],[-74.924025686,42.720335603,364.2],[-74.92404583,42.720338989,364.2],[-74.924068961,42.720339334,364.2],[-74.92409409,42.720339456,364.2],[-74.924120163,42.720341787,364.2],[-74.924145646,42.720345753,364.2],[-74.92416878,42.72034938,364.2],[-74.924187943,42.72035083,364.2],[-74.924202929,42.720349794,364.2],[-74.924214345,42.720346848,364.2],[-74.924222913,42.720342597,364.2],[-74.924230668,42.72033786,364.2],[-74.924240588,42.72033361,364.2],[-74.924255514,42.720330796,364.2],[-74.924275317,42.720329819,364.2],[-74.924297262,42.720330594,364.2],[-74.924318574,42.720333001,364.2],[-74.924337694,42.720336335,364.2],[-74.924354382,42.720339261,364.2],[-74.924368455,42.720340417,364.2],[-74.924379423,42.720338725,364.2],[-74.924386391,42.720333477,364.2],[-74.924388448,42.720323998,364.2],[-74.924385949,42.72031036,364.2],[-74.924381305,42.720293851,364.2],[-74.92437711,42.720275872,364.2],[-74.924375015,42.720257701,364.2],[-74.924374764,42.720240376,364.2],[-74.924375872,42.720224907,364.2],[-74.92437826,42.720211856,364.2],[-74.924382871,42.720200683,364.2],[-74.924390813,42.720190672,364.2],[-74.924402714,42.720181422,364.2],[-74.924417723,42.720173517,364.2],[-74.924434692,42.720167736,364.2],[-74.924452583,42.720164707,364.2],[-74.9244708,42.720164453,364.2],[-74.924488859,42.720166844,364.2],[-74.924506296,42.720171689,364.2],[-74.924522766,42.720178496,364.2],[-74.924537963,42.720186681,364.2],[-74.924551648,42.720195645,364.2],[-74.924564039,42.720204706,364.2],[-74.924575533,42.720213148,364.2],[-74.92458666,42.720220365,364.2],[-74.924599073,42.720226656,364.2],[-74.924614972,42.720232767,364.2],[-74.924636398,42.720239345,364.2],[-74.924663616,42.720245915,364.2],[-74.924695806,42.720251314,364.2],[-74.924732032,42.720254425,364.2],[-74.924769946,42.720254927,364.2],[-74.924806135,42.720253095,364.2],[-74.924837298,42.720249212,364.2],[-74.924863085,42.720243453,364.2],[-74.924885862,42.72023589,364.2],[-74.92490807,42.720226595,364.2],[-74.924931323,42.720215845,364.2],[-74.924956288,42.72020415,364.2],[-74.924983564,42.720192025,364.2],[-74.92501293,42.720179849,364.2],[-74.925043013,42.720167795,364.2],[-74.925072355,42.720156025,364.2],[-74.925099348,42.720144612,364.2],[-74.92512212,42.720133469,364.2],[-74.925138779,42.720122499,364.2],[-74.925148245,42.720111585,364.2],[-74.925151179,42.720100567,364.2],[-74.925148462,42.720089287,364.2],[-74.925141582,42.72007762,364.2],[-74.925133624,42.720065552,364.2],[-74.925127946,42.720053086,364.2],[-74.925127043,42.720040266,364.2],[-74.925130544,42.72002729,364.2],[-74.92513748,42.720014385,364.2],[-74.92514717,42.720002022,364.2],[-74.925160168,42.719991717,364.2],[-74.925177352,42.719985258,364.2],[-74.925199061,42.719983822,364.2],[-74.925222702,42.71998529,364.2],[-74.92524471,42.71998644,364.2],[-74.925262024,42.719984288,364.2],[-74.925275108,42.719977495,364.2],[-74.925285897,42.719965408,364.2],[-74.925296222,42.719947684,364.2],[-74.925306912,42.7199267,364.2],[-74.925318276,42.719906249,364.2],[-74.925330613,42.719889922,364.2],[-74.925337375,42.719884358,364.2],[-74.925344146,42.719878787,364.2],[-74.925359056,42.719872285,364.2],[-74.925375456,42.719869817,364.2],[-74.925392529,42.719870575,364.2],[-74.925408706,42.71987359,364.2],[-74.925422475,42.719877908,364.2],[-74.925433971,42.719883131,364.2],[-74.92544494,42.719889399,364.2],[-74.925457149,42.719896853,364.2],[-74.925471184,42.719904871,364.2],[-74.925486202,42.719911909,364.2],[-74.925501292,42.719916378,364.2],[-74.925516129,42.719916977,364.2],[-74.925531265,42.719912828,364.2],[-74.925547319,42.719903096,364.2],[-74.92556495,42.719888222,364.2],[-74.9255849,42.719870957,364.2],[-74.925607907,42.719854286,364.2],[-74.925633477,42.719840288,364.2],[-74.925658333,42.719828984,364.2],[-74.925678812,42.71982011,364.2],[-74.92569292,42.719812942,364.2],[-74.92570337,42.719805466,364.2],[-74.925713691,42.719795441,364.2],[-74.925726374,42.719781297,364.2],[-74.925740213,42.719763868,364.2],[-74.925753174,42.719744517,364.2],[-74.925763783,42.719724278,364.2],[-74.925773058,42.719702694,364.2],[-74.925782722,42.719678888,364.2],[-74.925794087,42.719652305,364.2],[-74.925806126,42.71962424,364.2],[-74.925816985,42.719596645,364.2],[-74.925825069,42.719571236,364.2],[-74.925830683,42.719548023,364.2],[-74.925834967,42.719526265,364.2],[-74.925839026,42.719505211,364.2],[-74.92584354,42.71948409,364.2],[-74.92584895,42.719462123,364.2],[-74.925855629,42.719438618,364.2],[-74.925863019,42.71941396,364.2],[-74.925869942,42.719389275,364.2],[-74.925875284,42.719365671,364.2],[-74.925879288,42.719343767,364.2],[-74.925883331,42.719323772,364.2],[-74.925888771,42.719305844,364.2],[-74.92589565,42.719289249,364.2],[-74.925902665,42.719272337,364.2],[-74.925908476,42.719253433,364.2],[-74.925912712,42.719231493,364.2],[-74.925916224,42.719206272,364.2],[-74.925919927,42.719177593,364.2],[-74.925924183,42.719146214,364.2],[-74.92592849,42.719114353,364.2],[-74.925932274,42.71908434,364.2],[-74.925935301,42.719057118,364.2],[-74.925937987,42.719030969,364.2],[-74.925940814,42.71900388,364.2],[-74.925944143,42.718974657,364.2],[-74.925948017,42.718944053,364.2],[-74.925952435,42.718913113,364.2],[-74.925957287,42.718883041,364.2],[-74.925962147,42.718855535,364.2],[-74.925966527,42.718832383,364.2],[-74.925969934,42.718814558,364.2],[-74.925971844,42.718799955,364.2],[-74.925971735,42.718785743,364.2],[-74.925969306,42.718769586,364.2],[-74.925965337,42.718751497,364.2],[-74.925960929,42.718732195,364.2],[-74.925957077,42.71871225,364.2],[-74.925954117,42.718691372,364.2],[-74.925952138,42.718668942,364.2],[-74.925951151,42.718644365,364.2],[-74.92595056,42.718617203,364.2],[-74.925949484,42.7185871,364.2],[-74.925947122,42.718553913,364.2],[-74.925943481,42.718519701,364.2],[-74.925939034,42.718487801,364.2],[-74.925934262,42.718461326,364.2],[-74.925929624,42.718440221,364.2],[-74.925925567,42.718422163,364.2],[-74.92592249,42.718404839,364.2],[-74.925920057,42.718387114,364.2],[-74.925917275,42.718368888,364.2],[-74.925913158,42.718350093,364.2],[-74.925907471,42.718330634,364.2],[-74.925900792,42.718310382,364.2],[-74.925893736,42.718289209,364.2],[-74.925886731,42.718267096,364.2],[-74.925879973,42.718244163,364.2],[-74.925873636,42.718220544,364.2],[-74.925867655,42.718196652,364.2],[-74.925861579,42.718173356,364.2],[-74.925854921,42.718151561,364.2],[-74.925847431,42.718131387,364.2],[-74.925839316,42.718111366,364.2],[-74.925830843,42.71808984,364.2],[-74.925822257,42.718065843,364.2],[-74.925813741,42.718040147,364.2],[-74.925805471,42.718013791,364.2],[-74.925798002,42.717985583,364.2],[-74.925796829,42.717976416,364.2],[-74.925795354,42.717955001,364.2],[-74.925781544,42.717919967,364.2],[-74.925762773,42.717876828,364.2],[-74.925737816,42.717814152,364.2],[-74.925704363,42.717730215,364.2],[-74.925664916,42.717636663,364.2],[-74.925631464,42.717561147,364.2],[-74.925607902,42.717510996,364.2],[-74.925589438,42.717473586,364.2],[-74.925574492,42.717447452,364.2],[-74.925559619,42.717429377,364.2],[-74.925537348,42.71740786,364.2],[-74.925510376,42.71738231,364.2],[-74.925485185,42.71735768,364.2],[-74.925461061,42.717334996,364.2],[-74.92543644,42.717315149,364.2],[-74.925410385,42.71729907,364.2],[-74.925382659,42.717284578,364.2],[-74.925353141,42.717271505,364.2],[-74.925321339,42.717264507,364.2],[-74.92528493,42.71726152,364.2],[-74.925245017,42.71725751,364.2],[-74.925216505,42.717252202,364.2],[-74.925201304,42.717244158,364.2],[-74.925187302,42.717229927,364.2],[-74.92517932,42.717207657,364.2],[-74.92518424,42.717179755,364.2],[-74.925200629,42.717154559,364.2],[-74.925227133,42.717130655,364.2],[-74.925260206,42.71710248,364.2],[-74.925286895,42.717073511,364.2],[-74.925299824,42.717044393,364.2],[-74.925300155,42.71701049,364.2],[-74.925288865,42.716968056,364.2],[-74.925268487,42.716917361,364.2],[-74.925244375,42.716865056,364.2],[-74.92521205,42.716809615,364.2],[-74.925166317,42.716748317,364.2],[-74.925124682,42.71669626,364.2],[-74.925095797,42.716658159,364.2],[-74.925071912,42.716622947,364.2],[-74.925048238,42.71659008,364.2],[-74.925022065,42.716559775,364.2],[-74.924991776,42.716524397,364.2],[-74.924958888,42.716485431,364.2],[-74.924926377,42.716448727,364.2],[-74.924894269,42.716408117,364.2],[-74.924861432,42.716357155,364.2],[-74.924826857,42.716295142,364.2],[-74.924794508,42.716238657,364.2],[-74.924769425,42.716198562,364.2],[-74.924753674,42.716157062,364.2],[-74.924743019,42.71610981,364.2],[-74.924729962,42.716063751,364.2],[-74.924712729,42.716016333,364.2],[-74.924693418,42.715962975,364.2],[-74.924676499,42.715900286,364.2],[-74.92465997,42.715828759,364.2],[-74.924640688,42.7157548,364.2],[-74.92462045,42.715693614,364.2],[-74.92460341,42.715644992,364.2],[-74.924592786,42.715594677,364.2],[-74.924581854,42.715527911,364.2],[-74.924569186,42.715451148,364.2],[-74.924563852,42.715396574,364.2],[-74.924566684,42.715357985,364.2],[-74.924570929,42.715313577,364.2],[-74.924563091,42.715254603,364.2],[-74.924545084,42.715189885,364.2],[-74.924530391,42.715137459,364.2],[-74.924519013,42.715094645,364.2],[-74.924508791,42.715054356,364.2],[-74.924500451,42.715013075,364.2],[-74.924494329,42.714974796,364.2],[-74.924489163,42.714943892,364.2],[-74.924480536,42.71491545,364.2],[-74.924467586,42.714886022,364.2],[-74.924452379,42.71485526,364.2],[-74.924432589,42.714824256,364.2],[-74.924407964,42.714793417,364.2],[-74.924383211,42.714761359,364.2],[-74.924356926,42.714726381,364.2],[-74.924326799,42.714689199,364.2],[-74.924298415,42.714657342,364.2],[-74.92427398,42.714630976,364.2],[-74.924251649,42.714602867,364.2],[-74.92423322,42.714571313,364.2],[-74.924219374,42.714537375,364.2],[-74.924206987,42.714503206,364.2],[-74.924195586,42.714468239,364.2],[-74.924186684,42.714432123,364.2],[-74.924182199,42.714400133,364.2],[-74.924182517,42.714372673,364.2],[-74.924185825,42.71434448,364.2],[-74.9241873,42.714313312,364.2],[-74.924182455,42.714275741,364.2],[-74.924169804,42.714224852,364.2],[-74.924153914,42.714162569,364.2],[-74.924139738,42.714097494,364.2],[-74.924121723,42.714040595,364.2],[-74.924098438,42.713996027,364.2],[-74.924074909,42.713959701,364.2],[-74.92405338,42.713926152,364.2],[-74.924035006,42.713893189,364.2],[-74.924021001,42.713865067,364.2],[-74.924010849,42.713839755,364.2],[-74.924003902,42.713811609,364.2],[-74.92400307,42.713778951,364.2],[-74.924009008,42.713740199,364.2],[-74.924018462,42.713693521,364.2],[-74.924025764,42.713641461,364.2],[-74.924026549,42.713588355,364.2],[-74.924020931,42.713537883,364.2],[-74.924009192,42.713484809,364.2],[-74.923992957,42.713423909,364.2],[-74.923979592,42.713373145,364.2],[-74.923970104,42.71333835,364.2],[-74.92395764,42.71330575,364.2],[-74.923946809,42.713276109,364.2],[-74.923941119,42.713250528,364.2],[-74.923931142,42.713216975,364.2],[-74.923916156,42.713175422,364.2],[-74.923902798,42.713132923,364.2],[-74.923895363,42.713083382,364.2],[-74.923892532,42.713025953,364.2],[-74.923887598,42.712968992,364.2],[-74.923882355,42.712905609,364.2],[-74.923880854,42.712831703,364.2],[-74.923882851,42.712765339,364.2],[-74.923885705,42.712709587,364.2],[-74.923885955,42.71265533,364.2],[-74.923882909,42.712603568,364.2],[-74.923878538,42.71255678,364.2],[-74.923876995,42.712515462,364.2],[-74.923878549,42.712478698,364.2],[-74.923882937,42.712444693,364.2],[-74.9238931,42.71241124,364.2],[-74.923906599,42.712380391,364.2],[-74.923918299,42.712355134,364.2],[-74.923933357,42.712326206,364.2],[-74.923951282,42.712291167,364.2],[-74.923960056,42.712261608,364.2],[-74.923957045,42.712239565,364.2],[-74.923945667,42.71222151,364.2],[-74.923931066,42.712203921,364.2],[-74.9239164,42.712184308,364.2],[-74.923902924,42.712161941,364.2],[-74.92389251,42.712140155,364.2],[-74.923887493,42.712121347,364.2],[-74.923890279,42.712104303,364.2],[-74.92390018,42.712085365,364.2],[-74.92391357,42.712061668,364.2],[-74.923923626,42.712035437,364.2],[-74.923927537,42.712001453,364.2],[-74.923927133,42.711952053,364.2],[-74.923925736,42.711907807,364.2],[-74.923925398,42.711879393,364.2],[-74.923925676,42.711847706,364.2],[-74.923928913,42.711810346,364.2],[-74.923937855,42.71177411,364.2],[-74.923951087,42.711739331,364.2],[-74.923964286,42.711707906,364.2],[-74.923972684,42.711682055,364.2],[-74.923980929,42.711650357,364.2],[-74.923993181,42.711608239,364.2],[-74.924006862,42.711570209,364.2],[-74.92401753,42.711538401,364.2],[-74.924021382,42.711505723,364.2],[-74.924018933,42.711464362,364.2],[-74.924010896,42.71141719,364.2],[-74.923997445,42.711375939,364.2],[-74.92397965,42.711336472,364.2],[-74.923960044,42.711292025,364.2],[-74.923942997,42.711242706,364.2],[-74.923930133,42.711195735,364.2],[-74.923921467,42.711159174,364.2],[-74.923918157,42.711129882,364.2],[-74.923921747,42.711104846,364.2],[-74.923933617,42.711082333,364.2],[-74.923952911,42.711050759,364.2],[-74.923976493,42.711003277,364.2],[-74.923998651,42.710949696,364.2],[-74.924016069,42.71089611,364.2],[-74.924029118,42.710841948,364.2],[-74.924044395,42.710777373,364.2],[-74.924060894,42.710706463,364.2],[-74.924068486,42.710648713,364.2],[-74.924068158,42.710598359,364.2],[-74.924064761,42.710547502,364.2],[-74.924060695,42.710505989,364.2],[-74.92405411,42.710474235,364.2],[-74.92404119,42.710445158,364.2],[-74.924021775,42.710415959,364.2],[-74.923997601,42.710386947,364.2],[-74.923971252,42.710360271,364.2],[-74.923942135,42.710332772,364.2],[-74.923912706,42.710303559,364.2],[-74.923894744,42.710281092,364.2],[-74.923890636,42.710258257,364.2],[-74.923894386,42.710220631,364.2],[-74.923899845,42.710177591,364.2],[-74.923905236,42.710135953,364.2],[-74.923913847,42.710092267,364.2],[-74.923923113,42.710054674,364.2],[-74.923930575,42.710031542,364.2],[-74.923940922,42.710018002,364.2],[-74.923957357,42.710008716,364.2],[-74.923979987,42.709999908,364.2],[-74.924004529,42.709989292,364.2],[-74.924028212,42.709971405,364.2],[-74.924052955,42.709936041,364.2],[-74.924087767,42.709875952,364.2],[-74.924133752,42.709798117,364.2],[-74.924164743,42.709739314,364.2],[-74.924174248,42.709705512,364.2],[-74.924175997,42.70967554,364.2],[-74.924180412,42.709646303,364.2],[-74.924192197,42.709617617,364.2],[-74.924208669,42.70958585,364.2],[-74.924222152,42.709552772,364.2],[-74.924227063,42.709520422,364.2],[-74.924229599,42.70948388,364.2],[-74.92423518,42.709446516,364.2],[-74.924245876,42.709418532,364.2],[-74.924259835,42.709400487,364.2],[-74.92427687,42.709390207,364.2],[-74.924300247,42.70938612,364.2],[-74.924322264,42.709386858,364.2],[-74.924333382,42.709391368,364.2],[-74.924337082,42.709399346,364.2],[-74.924337674,42.709412093,364.2],[-74.924337012,42.709431759,364.2],[-74.924331707,42.709457347,364.2],[-74.924321445,42.709485463,364.2],[-74.924313561,42.709511011,364.2],[-74.92431047,42.70953453,364.2],[-74.924311251,42.709558793,364.2],[-74.924315129,42.709582815,364.2],[-74.924320391,42.709606559,364.2],[-74.924325262,42.709631556,364.2],[-74.924333318,42.709658403,364.2],[-74.9243466,42.709685811,364.2],[-74.924361127,42.70971025,364.2],[-74.924374659,42.709733959,364.2],[-74.924387385,42.709761085,364.2],[-74.924402412,42.709789515,364.2],[-74.924420606,42.70981399,364.2],[-74.924440146,42.709828534,364.2],[-74.924461726,42.709835167,364.2],[-74.924484727,42.709837682,364.2],[-74.924504746,42.709837366,364.2],[-74.924524721,42.709835087,364.2],[-74.92455002,42.709830934,364.2],[-74.924576313,42.709822752,364.2],[-74.924600018,42.709812283,364.2],[-74.92462077,42.70980549,364.2],[-74.9246373,42.709802723,364.2],[-74.924650107,42.709803198,364.2],[-74.924664317,42.709808656,364.2],[-74.924687331,42.709821145,364.2],[-74.924725363,42.709840607,364.2],[-74.924775644,42.709859251,364.2],[-74.924832875,42.709871194,364.2],[-74.924891701,42.709875448,364.2],[-74.924950246,42.709873588,364.2],[-74.925006134,42.709867192,364.2],[-74.925053367,42.709855781,364.2],[-74.925095722,42.709838886,364.2],[-74.925142929,42.709815308,364.2],[-74.925197331,42.709780338,364.2],[-74.925252268,42.709737633,364.2],[-74.925295511,42.709700528,364.2],[-74.925342684,42.70966475,364.2],[-74.925405292,42.709625863,364.2],[-74.925456975,42.709597525,364.2],[-74.925488494,42.70958345,364.2],[-74.925508817,42.709577406,364.2],[-74.925527718,42.709573414,364.2],[-74.925548042,42.709566955,364.2],[-74.925563545,42.709555725,364.2],[-74.92557265,42.709540737,364.2],[-74.925577835,42.709524602,364.2],[-74.925584971,42.709509907,364.2],[-74.92559742,42.709495685,364.2],[-74.925615041,42.70947952,364.2],[-74.925633614,42.709465865,364.2],[-74.925655884,42.709452146,364.2],[-74.925694005,42.709424611,364.2],[-74.925739213,42.709386263,364.2],[-74.925777976,42.709346163,364.2],[-74.925813117,42.709305487,364.2],[-74.92584316,42.709266556,364.2],[-74.925861876,42.709232768,364.2],[-74.925870164,42.709202185,364.2],[-74.925870752,42.709171618,364.2],[-74.925865886,42.709139119,364.2],[-74.925858798,42.709108953,364.2],[-74.925854515,42.709085382,364.2],[-74.925861266,42.709063435,364.2],[-74.925883608,42.709037918,364.2],[-74.925921473,42.7090055,364.2],[-74.925971626,42.708965846,364.2],[-74.926027152,42.708924988,364.2],[-74.926078688,42.70889551,364.2],[-74.926136818,42.708866444,364.2],[-74.926210289,42.708822741,364.2],[-74.926269202,42.708778049,364.2],[-74.926311875,42.708732689,364.2],[-74.926365607,42.708672641,364.2],[-74.926421652,42.708608028,364.2],[-74.926470376,42.708544876,364.2],[-74.926521265,42.708469845,364.2],[-74.926564882,42.708398025,364.2],[-74.926585847,42.708351146,364.2],[-74.92659048,42.708313234,364.2],[-74.926586027,42.708273323,364.2],[-74.926575896,42.7082333,364.2],[-74.926561985,42.708192557,364.2],[-74.926547162,42.708151667,364.2],[-74.9265367,42.708115268,364.2],[-74.9265324,42.708085399,364.2],[-74.92653416,42.70806169,364.2],[-74.926543836,42.708042191,364.2],[-74.926568356,42.708019152,364.2],[-74.926616065,42.707981839,364.2],[-74.926671245,42.707939584,364.2],[-74.926717656,42.707903468,364.2],[-74.926756913,42.70787232,364.2],[-74.926795419,42.707842971,364.2],[-74.92683837,42.707812282,364.2],[-74.926879985,42.707778637,364.2],[-74.926913659,42.707741099,364.2],[-74.926936606,42.707698361,364.2],[-74.926958529,42.707643944,364.2],[-74.926986944,42.707574147,364.2],[-74.927014336,42.707495996,364.2],[-74.927035067,42.707423424,364.2],[-74.927048581,42.70736621,364.2],[-74.927062942,42.707303104,364.2],[-74.927078957,42.707225629,364.2],[-74.927087244,42.707149386,364.2],[-74.927089724,42.707079676,364.2],[-74.927090984,42.707016234,364.2],[-74.927089716,42.706958173,364.2],[-74.927083443,42.706905354,364.2],[-74.927071434,42.706858016,364.2],[-74.927061137,42.706815305,364.2],[-74.927056627,42.70677194,364.2],[-74.927054261,42.706718484,364.2],[-74.927047054,42.706656125,364.2],[-74.927029315,42.706592259,364.2],[-74.927001595,42.706536388,364.2],[-74.92696643,42.706492341,364.2],[-74.926928051,42.706459885,364.2],[-74.92689402,42.706442436,364.2],[-74.926865504,42.706438657,364.2],[-74.926834127,42.706439588,364.2],[-74.926797984,42.706441007,364.2],[-74.92675985,42.706441034,364.2],[-74.926724804,42.706437045,364.2],[-74.926691067,42.706427336,364.2],[-74.926651917,42.706411501,364.2],[-74.926606951,42.70639108,364.2],[-74.926562752,42.706370184,364.2],[-74.926532032,42.706354944,364.2],[-74.926514244,42.706342419,364.2],[-74.926502841,42.706327522,364.2],[-74.926494652,42.706312488,364.2],[-74.926484166,42.70629875,364.2],[-74.926465284,42.70628539,364.2],[-74.926442331,42.706269109,364.2],[-74.926421396,42.706249311,364.2],[-74.92640575,42.706229754,364.2],[-74.926394517,42.70620383,364.2],[-74.926385012,42.706164696,364.2],[-74.926375924,42.706121822,364.2],[-74.926372542,42.706080084,364.2],[-74.926382833,42.706037896,364.2],[-74.926396136,42.705998135,364.2],[-74.926398787,42.705957629,364.2],[-74.926384048,42.705902894,364.2],[-74.926360365,42.70584687,364.2],[-74.926339516,42.705808968,364.2],[-74.926317193,42.705778726,364.2],[-74.926290541,42.705749189,364.2],[-74.9262613,42.705721924,364.2],[-74.926230677,42.705692963,364.2],[-74.926192344,42.705659189,364.2],[-74.926129633,42.705623014,364.2],[-74.926055754,42.705589346,364.2],[-74.925997077,42.705562233,364.2],[-74.925958749,42.705538969,364.2],[-74.925935734,42.705515827,364.2],[-74.925917907,42.705490033,364.2],[-74.925902926,42.7054623,364.2],[-74.925893604,42.705433273,364.2],[-74.925896492,42.705400847,364.2],[-74.925915263,42.705361314,364.2],[-74.92594755,42.70531509,364.2],[-74.925978072,42.705279361,364.2],[-74.925996709,42.705259085,364.2],[-74.926002919,42.705242216,364.2],[-74.925998659,42.705225357,364.2],[-74.925984783,42.705206963,364.2],[-74.925958252,42.705181707,364.2],[-74.925914986,42.705147877,364.2],[-74.925854729,42.70510775,364.2],[-74.925792571,42.705067351,364.2],[-74.925735791,42.705025604,364.2],[-74.925679243,42.704973745,364.2],[-74.925628137,42.704917365,364.2],[-74.925589142,42.704865088,364.2],[-74.925561826,42.704818319,364.2],[-74.925545209,42.704776977,364.2],[-74.925538063,42.704739868,364.2],[-74.925537045,42.704703177,364.2],[-74.925536431,42.704666866,364.2],[-74.925529018,42.70463597,364.2],[-74.92551465,42.704610607,364.2],[-74.925497201,42.704588347,364.2],[-74.925482345,42.704566536,364.2],[-74.925476365,42.704544095,364.2],[-74.925484356,42.704521007,364.2],[-74.925505057,42.704496287,364.2],[-74.925529598,42.704469802,364.2],[-74.925542862,42.704441207,364.2],[-74.925544852,42.7043962,364.2],[-74.925540951,42.704330016,364.2],[-74.925530819,42.704275551,364.2],[-74.925506342,42.704236115,364.2],[-74.925458796,42.70419093,364.2],[-74.925402847,42.70414475,364.2],[-74.92535288,42.704106534,364.2],[-74.925313009,42.704079515,364.2],[-74.925285283,42.704058101,364.2],[-74.925269455,42.704034662,364.2],[-74.925261332,42.704007458,364.2],[-74.925262175,42.703975315,364.2],[-74.92527681,42.703937948,364.2],[-74.925301006,42.70390096,364.2],[-74.925324558,42.70387031,364.2],[-74.925333983,42.703849108,364.2],[-74.925331051,42.703834269,364.2],[-74.92531985,42.703818354,364.2],[-74.925287715,42.703791292,364.2],[-74.92522586,42.703751187,364.2],[-74.925135146,42.703704852,364.2],[-74.925033043,42.703661892,364.2],[-74.924934392,42.703627432,364.2],[-74.924840784,42.703598024,364.2],[-74.924749523,42.703570325,364.2],[-74.924659152,42.703542716,364.2],[-74.924576536,42.703516991,364.2],[-74.924498222,42.703492766,364.2],[-74.924412609,42.703467691,364.2],[-74.924328416,42.703443993,364.2],[-74.924256417,42.70342516,364.2],[-74.92419807,42.703413719,364.2],[-74.924148894,42.703408406,364.2],[-74.924102047,42.70340481,364.2],[-74.924053179,42.703396132,364.2],[-74.924004652,42.703383842,364.2],[-74.923963996,42.703376727,364.2],[-74.923930241,42.703372227,364.2],[-74.923896833,42.703366485,364.2],[-74.923853639,42.703360944,364.2],[-74.923799783,42.703354727,364.2],[-74.923740426,42.703346884,364.2],[-74.923679963,42.703342389,364.2],[-74.923624002,42.703343463,364.2],[-74.923578139,42.703347505,364.2],[-74.923537995,42.703349875,364.2],[-74.923497785,42.703348106,364.2],[-74.923456863,42.703345296,364.2],[-74.923418657,42.703344198,364.2],[-74.923388299,42.703346063,364.2],[-74.923368262,42.7033493,364.2],[-74.923354852,42.703353679,364.2],[-74.923338636,42.703361084,364.2],[-74.923316012,42.703371742,364.2],[-74.923287287,42.703383915,364.2],[-74.923255515,42.703393524,364.2],[-74.923223138,42.703398987,364.2],[-74.923192087,42.703400904,364.2],[-74.923164883,42.703400391,364.2],[-74.92314114,42.703397288,364.2],[-74.923128768,42.703393566,364.2],[-74.923116966,42.703390016,364.2],[-74.92309086,42.703379479,364.2],[-74.923063658,42.703367494,364.2],[-74.923037689,42.703354805,364.2],[-74.922998692,42.703333005,364.2],[-74.922928211,42.703292408,364.2],[-74.922843354,42.703246298,364.2],[-74.922757037,42.703205138,364.2],[-74.922662987,42.703166369,364.2],[-74.922543794,42.703116436,364.2],[-74.922396326,42.703050566,364.2],[-74.922260894,42.702994646,364.2],[-74.922166761,42.702958737,364.2],[-74.922122539,42.702935632,364.2],[-74.92210895,42.702915287,364.2],[-74.922109279,42.702889627,364.2],[-74.922120138,42.702855838,364.2],[-74.922131508,42.702824291,364.2],[-74.922130969,42.702804431,364.2],[-74.922110283,42.702787896,364.2],[-74.922072755,42.70277372,364.2],[-74.922030929,42.702768261,364.2],[-74.921996142,42.70277114,364.2],[-74.921970923,42.702785518,364.2],[-74.921946104,42.70282005,364.2],[-74.921919525,42.702857971,364.2],[-74.921893423,42.702877963,364.2],[-74.921870264,42.70288285,364.2],[-74.921848095,42.70287389,364.2],[-74.92181926,42.702849086,364.2],[-74.921768385,42.70281569,364.2],[-74.921692822,42.702782031,364.2],[-74.921613037,42.702752892,364.2],[-74.921542511,42.702726975,364.2],[-74.921489141,42.702700781,364.2],[-74.921459127,42.702673713,364.2],[-74.921452369,42.702644216,364.2],[-74.921463567,42.702608325,364.2],[-74.921490716,42.702557167,364.2],[-74.921524033,42.702494849,364.2],[-74.92154045,42.702447812,364.2],[-74.92153466,42.702420496,364.2],[-74.921508995,42.702402426,364.2],[-74.921455331,42.702381954,364.2],[-74.921382689,42.702356118,364.2],[-74.921317713,42.702331044,364.2],[-74.921275168,42.702312533,364.2],[-74.921257005,42.702300147,364.2],[-74.921250946,42.702283568,364.2],[-74.921251177,42.70226083,364.2],[-74.921259054,42.702233205,364.2],[-74.921282487,42.702193457,364.2],[-74.921319654,42.702137484,364.2],[-74.92135884,42.702066077,364.2],[-74.921401115,42.701977631,364.2],[-74.921441822,42.701885618,364.2],[-74.921457547,42.701830129,364.2],[-74.921443704,42.701805947,364.2],[-74.921410373,42.70178302,364.2],[-74.921369665,42.701757202,364.2],[-74.921325967,42.701730501,364.2],[-74.921273913,42.70170417,364.2],[-74.921205479,42.701671341,364.2],[-74.921123094,42.701631104,364.2],[-74.921050785,42.701599921,364.2],[-74.920998574,42.701579998,364.2],[-74.920961763,42.701563531,364.2],[-74.920925036,42.70154854,364.2],[-74.920879427,42.701532811,364.2],[-74.920827509,42.701513176,364.2],[-74.92077797,42.701493655,364.2],[-74.920735376,42.701477639,364.2],[-74.920691155,42.701460883,364.2],[-74.920645316,42.701443119,364.2],[-74.920603638,42.701427189,364.2],[-74.920564305,42.70141343,364.2],[-74.920526167,42.701400279,364.2],[-74.920490906,42.70138517,364.2],[-74.920456499,42.701370251,364.2],[-74.920421657,42.70135864,364.2],[-74.920390724,42.701350584,364.2],[-74.920367924,42.70134377,364.2],[-74.92035537,42.701334808,364.2],[-74.920349388,42.701322955,364.2],[-74.920345209,42.701307054,364.2],[-74.920339121,42.701285257,364.2],[-74.920331314,42.70126243,364.2],[-74.920320817,42.701243817,364.2],[-74.920300004,42.701227808,364.2],[-74.920271139,42.701214543,364.2],[-74.920241857,42.701205373,364.2],[-74.920203055,42.701196663,364.2],[-74.920153779,42.701186019,364.2],[-74.920109948,42.701174665,364.2],[-74.920071762,42.701161766,364.2],[-74.920034721,42.701145411,364.2],[-74.920004524,42.701123683,364.2],[-74.919983817,42.701088371,364.2],[-74.919970305,42.701030783,364.2],[-74.919958121,42.700966558,364.2],[-74.919943604,42.700906186,364.2],[-74.919927616,42.700842636,364.2],[-74.919907247,42.700783897,0.0],[-74.919880107,42.700741292,0.0],[-74.919851312,42.700710713,0.0]]]},"properties":{"OBJECTID":97444,"GPO_NAME":"Otsego Lake","GNIS_ID":"00959551","AreaSqKm":16.88018143,"Elevation":365.80000000000001,"Permanent_Identifier":"43492729","ReachCode":"02050101002203","FType":390,"FCode":39009,"FCode_Description":"Lake/Pond: Hydrographic Category = Perennial; Stage = Average Water Elevation","GPO_County":"Otsego","GPO_NAME_SOURCE":"NHD","GPO_HUC":"Upper Susquehanna"}}]}