{"type":"FeatureCollection","features":[{"type":"Feature","id":34473,"geometry":{"type":"Polygon","coordinates":[[[-73.737030418,41.372270888,0.0],[-73.736984161,41.372290638,0.0],[-73.736966511,41.372303551,0.0],[-73.736959356,41.372302982,0.0],[-73.736949137,41.372302169,0.0],[-73.736930319,41.372293621,0.0],[-73.73691455,41.372291065,0.0],[-73.736884131,41.372309797,0.0],[-73.736875832,41.372329963,0.0],[-73.736856439,41.372351199,0.0],[-73.736830742,41.372371173,0.0],[-73.736814673,41.372384106,0.0],[-73.736793477,41.372406221,0.0],[-73.73679207,41.372407689,0.0],[-73.736769351,41.37243723,0.0],[-73.73675782,41.372460935,0.0],[-73.736756968,41.372505015,0.0],[-73.736762901,41.372525338,0.0],[-73.736789212,41.372555417,0.0],[-73.736798147,41.372584113,0.0],[-73.736797478,41.372618663,0.0],[-73.736798485,41.372648464,0.0],[-73.736802652,41.372678299,0.0],[-73.736806729,41.3727129,0.0],[-73.736807643,41.372747467,0.0],[-73.736797415,41.372785486,0.0],[-73.736789,41.37281161,0.0],[-73.736788752,41.372824475,0.0],[-73.736788655,41.372829478,0.0],[-73.736804355,41.37283561,0.0],[-73.736831127,41.372841862,0.0],[-73.736840316,41.372857453,0.0],[-73.736832331,41.372870941,0.0],[-73.736830504,41.372874027,0.0],[-73.736817482,41.37289295,0.0],[-73.736801391,41.372907073,0.0],[-73.736802672,41.372922578,0.0],[-73.736814932,41.37294297,0.0],[-73.736831915,41.372964605,0.0],[-73.736847431,41.372980266,0.0],[-73.736872644,41.37298531,0.0],[-73.736916675,41.3729989,0.0],[-73.736960521,41.373022022,0.0],[-73.737017611,41.373096528,0.0],[-73.736969771,41.373116261,0.0],[-73.73702686,41.373190766,0.0],[-73.736974,41.373224743,0.0],[-73.736975328,41.373237865,0.0],[-73.737085223,41.373362997,0.0],[-73.73711981,41.373374102,0.0],[-73.73715038,41.3733687,0.0],[-73.737183304,41.373362884,0.0],[-73.737304002,41.373420213,0.0],[-73.737303772,41.373432126,0.0],[-73.737295403,41.373455866,0.0],[-73.737315503,41.373479919,0.0],[-73.737335833,41.373492059,0.0],[-73.737360839,41.373507823,0.0],[-73.737417154,41.373540615,0.0],[-73.737467257,41.37356738,0.0],[-73.737511242,41.373583353,0.0],[-73.737552156,41.373594526,0.0],[-73.737590375,41.373616215,0.0],[-73.73759284,41.373617614,0.0],[-73.737700627,41.373666044,0.0],[-73.737715167,41.373672577,0.0],[-73.737749686,41.373687256,0.0],[-73.737793671,41.373703228,0.0],[-73.737837517,41.37372635,0.0],[-73.737868487,41.373744564,0.0],[-73.737990666,41.373816418,0.0],[-73.737992367,41.373817419,0.0],[-73.737995277,41.373830559,0.0],[-73.738002587,41.37386162,0.0],[-73.738008405,41.3738879,0.0],[-73.738012828,41.373904631,0.0],[-73.738024998,41.373929788,0.0],[-73.738038771,41.37395377,0.0],[-73.738047776,41.373978893,0.0],[-73.73805825,41.374009989,0.0],[-73.738066978,41.374049409,0.0],[-73.738085152,41.374091314,0.0],[-73.738102043,41.374117714,0.0],[-73.738127118,41.374129905,0.0],[-73.738185315,41.374147225,0.0],[-73.738245208,41.374158607,0.0],[-73.738327038,41.374180953,0.0],[-73.738374024,41.3742053,0.0],[-73.738413012,41.374234326,0.0],[-73.73842188,41.374266597,0.0],[-73.738427355,41.374310746,0.0],[-73.738410963,41.374340357,0.0],[-73.738399271,41.374372401,0.0],[-73.738381114,41.374411525,0.0],[-73.738382073,41.374443709,0.0],[-73.738390941,41.37447598,0.0],[-73.738399924,41.374502293,0.0],[-73.738421652,41.374523981,0.0],[-73.738451196,41.37455052,0.0],[-73.73847155,41.374561467,0.0],[-73.738507697,41.374573781,0.0],[-73.738542263,41.374586075,0.0],[-73.738584919,41.374588926,0.0],[-73.738613435,41.374586856,0.0],[-73.73863388,41.374593037,0.0],[-73.738641535,41.374606228,0.0],[-73.738649144,41.374621802,0.0],[-73.738656685,41.374640951,0.0],[-73.738654665,41.37466357,0.0],[-73.738644829,41.374681336,0.0],[-73.738622296,41.374701346,0.0],[-73.738603132,41.374710668,0.0],[-73.738579177,41.374722322,0.0],[-73.738564644,41.374737653,0.0],[-73.738556276,41.374761394,0.0],[-73.73856833,41.374792508,0.0],[-73.738583594,41.374821274,0.0],[-73.738583133,41.3748451,0.0],[-73.738571602,41.374868807,0.0],[-73.738550627,41.374890025,0.0],[-73.738517366,41.374892044,0.0],[-73.738498594,41.374881114,0.0],[-73.738470494,41.37486174,0.0],[-73.7384423,41.374847132,0.0],[-73.738415644,41.374834923,0.0],[-73.73837803,41.374816637,0.0],[-73.738340302,41.374804307,0.0],[-73.738296224,41.374793099,0.0],[-73.738258265,41.374792684,0.0],[-73.738218655,41.374795823,0.0],[-73.738179023,41.374800156,0.0],[-73.738137717,41.374809235,0.0],[-73.738109017,41.374820837,0.0],[-73.738073969,41.37483356,0.0],[-73.738010404,41.374848353,0.0],[-73.737962749,41.374858555,0.0],[-73.737908928,41.374860348,0.0],[-73.737850248,41.374868045,0.0],[-73.737800871,41.374885377,0.0],[-73.737740125,41.374918076,0.0],[-73.737711103,41.374946357,0.0],[-73.737693152,41.374974758,0.0],[-73.737683111,41.375003246,0.0],[-73.737674465,41.375041283,0.0],[-73.737668961,41.375080545,0.0],[-73.737668292,41.375115094,0.0],[-73.737680392,41.375143825,0.0],[-73.737687678,41.375176078,0.0],[-73.737693405,41.375207123,0.0],[-73.737692991,41.375228568,0.0],[-73.737679946,41.375248682,0.0],[-73.737671669,41.375267657,0.0],[-73.737664998,41.375285458,0.0],[-73.737653235,41.375321075,0.0],[-73.737651285,41.37534012,0.0],[-73.737642916,41.37536386,0.0],[-73.737632896,41.375391158,0.0],[-73.737616596,41.375416002,0.0],[-73.737598761,41.375438447,0.0],[-73.7375776,41.375469196,0.0],[-73.737570651,41.375501293,0.0],[-73.737555933,41.375526156,0.0],[-73.737514166,41.375559062,0.0],[-73.737490072,41.375577864,0.0],[-73.7374594,41.3756097,0.0],[-73.73741126,41.37564492,0.0],[-73.737363189,41.375676566,0.0],[-73.737316814,41.375702272,0.0],[-73.737265878,41.375718395,0.0],[-73.737224435,41.375734623,0.0],[-73.737184617,41.375748486,0.0],[-73.737143148,41.375765905,0.0],[-73.737103216,41.375785723,0.0],[-73.737074239,41.375811621,0.0],[-73.737054637,41.375843578,0.0],[-73.737050874,41.375874518,0.0],[-73.737026551,41.375905234,0.0],[-73.737011831,41.375930096,0.0],[-73.737012952,41.37595394,0.0],[-73.7370074,41.375995585,0.0],[-73.737008221,41.376034917,0.0],[-73.737005948,41.37607064,0.0],[-73.737002141,41.376103963,0.0],[-73.73699212,41.37613126,0.0],[-73.736968072,41.376147678,0.0],[-73.736937814,41.376158071,0.0],[-73.73691693,41.376174524,0.0],[-73.736899187,41.376192203,0.0],[-73.736881396,41.376212265,0.0],[-73.736872681,41.376221807,0.0],[-73.736855537,41.37624058,0.0],[-73.736846913,41.376277424,0.0],[-73.73684636,41.376306017,0.0],[-73.736831618,41.37633207,0.0],[-73.736812108,41.376359263,0.0],[-73.736786155,41.376392343,0.0],[-73.736761832,41.376423058,0.0],[-73.736742391,41.376446676,0.0],[-73.736719488,41.376485748,0.0],[-73.73669828,41.37651888,0.0],[-73.73668191,41.376547298,0.0],[-73.736659306,41.376570883,0.0],[-73.736638283,41.376594483,0.0],[-73.736620447,41.376616928,0.0],[-73.736588329,41.376641599,0.0],[-73.73655463,41.376666252,0.0],[-73.736516279,41.376686089,0.0],[-73.736486043,41.376695289,0.0],[-73.736445012,41.376690073,0.0],[-73.736399375,41.376677656,0.0],[-73.736373883,41.376686909,0.0],[-73.736351232,41.376712874,0.0],[-73.736322187,41.376742345,0.0],[-73.736286882,41.376768173,0.0],[-73.73625637,41.37679167,0.0],[-73.736235301,41.376817653,0.0],[-73.736207858,41.376845951,0.0],[-73.736185116,41.376876683,0.0],[-73.736168722,41.376906293,0.0],[-73.736144328,41.376940582,0.0],[-73.736123145,41.376972521,0.0],[-73.736106658,41.377006897,0.0],[-73.736090357,41.377031741,0.0],[-73.736080453,41.377053082,0.0],[-73.736068896,41.377077978,0.0],[-73.736054016,41.37711118,0.0],[-73.73604702,41.37714566,0.0],[-73.736043233,41.377177791,0.0],[-73.736036169,41.377215845,0.0],[-73.736021195,41.377253812,0.0],[-73.736009455,41.377288239,0.0],[-73.73598655,41.37732731,0.0],[-73.735965319,41.377361634,0.0],[-73.735959997,41.377391365,0.0],[-73.735957587,41.377434237,0.0],[-73.735960172,41.377464055,0.0],[-73.73595469,41.377502125,0.0],[-73.735936644,41.377535292,0.0],[-73.735921648,41.37757445,0.0],[-73.735903696,41.377602851,0.0],[-73.735887349,41.37763008,0.0],[-73.735866072,41.377666785,0.0],[-73.735846445,41.377699934,0.0],[-73.735818772,41.377740144,0.0],[-73.735791215,41.377774398,0.0],[-73.735770192,41.377797999,0.0],[-73.735739793,41.377815539,0.0],[-73.735715905,41.377823617,0.0],[-73.735698115,41.37784368,0.0],[-73.735691374,41.377865055,0.0],[-73.735678327,41.377885168,0.0],[-73.735665305,41.377904091,0.0],[-73.735647606,41.377919387,0.0],[-73.735621976,41.377935788,0.0],[-73.735585274,41.377952067,0.0],[-73.735556503,41.377967242,0.0],[-73.735524593,41.377981191,0.0],[-73.7354958,41.377997556,0.0],[-73.735470077,41.378018722,0.0],[-73.735439355,41.378052941,0.0],[-73.735415007,41.378084846,0.0],[-73.735387588,41.378111952,0.0],[-73.735348912,41.378148467,0.0],[-73.735324563,41.378180372,0.0],[-73.735289073,41.378215731,0.0],[-73.735253538,41.378253471,0.0],[-73.735205232,41.37829703,0.0],[-73.735172906,41.378332422,0.0],[-73.735139067,41.378364223,0.0],[-73.735110043,41.378392502,0.0],[-73.735074715,41.378419521,0.0],[-73.7350395,41.378440583,0.0],[-73.735010499,41.37846767,0.0],[-73.734975195,41.378493497,0.0],[-73.734933424,41.378526403,0.0],[-73.734891561,41.378564074,0.0],[-73.734854627,41.378592267,0.0],[-73.734816204,41.378615676,0.0],[-73.734796878,41.378633338,0.0],[-73.734763153,41.378659182,0.0],[-73.734735849,41.378680331,0.0],[-73.734706824,41.37870861,0.0],[-73.734669844,41.378739185,0.0],[-73.734640935,41.378761508,0.0],[-73.73461991,41.378785108,0.0],[-73.734594026,41.378814613,0.0],[-73.734568233,41.378839353,0.0],[-73.73453772,41.378862849,0.0],[-73.734511996,41.378884016,0.0],[-73.734486157,41.378911139,0.0],[-73.734460318,41.378938261,0.0],[-73.73443455,41.37896181,0.0],[-73.734397386,41.379001916,0.0],[-73.734366893,41.37902422,0.0],[-73.734342658,41.379050169,0.0],[-73.734315263,41.379076084,0.0],[-73.734291074,41.379099649,0.0],[-73.734270027,41.379124441,0.0],[-73.734252189,41.379146886,0.0],[-73.734234328,41.37917052,0.0],[-73.734211652,41.379197677,0.0],[-73.734187419,41.379223626,0.0],[-73.734166394,41.379247227,0.0],[-73.734145393,41.379269637,0.0],[-73.734121204,41.379293202,0.0],[-73.734097064,41.379314386,0.0],[-73.734069735,41.379336725,0.0],[-73.734044219,41.379347169,0.0],[-73.73401889,41.379348083,0.0],[-73.733993674,41.379343038,0.0],[-73.733971738,41.379332072,0.0],[-73.73396257,41.379315289,0.0],[-73.733951845,41.379297297,0.0],[-73.733950749,41.379272262,0.0],[-73.733957677,41.379241356,0.0],[-73.733958162,41.379216338,0.0],[-73.733958763,41.379185363,0.0],[-73.733959548,41.379144858,0.0],[-73.733961754,41.379112708,0.0],[-73.733960935,41.379073375,0.0],[-73.733958533,41.379034026,0.0],[-73.733957599,41.379000651,0.0],[-73.733950291,41.378969589,0.0],[-73.733938285,41.378936093,0.0],[-73.733928022,41.378894274,0.0],[-73.733914455,41.378859568,0.0],[-73.733908753,41.378827332,0.0],[-73.733904517,41.37880107,0.0],[-73.733897139,41.378773583,0.0],[-73.73388825,41.378742502,0.0],[-73.73388406,41.378713859,0.0],[-73.73387659,41.378691135,0.0],[-73.733867586,41.378666013,0.0],[-73.733841874,41.378604958,0.0],[-73.733831403,41.378573861,0.0],[-73.733817585,41.378552261,0.0],[-73.733805485,41.37852353,0.0],[-73.733796504,41.378497215,0.0],[-73.733789126,41.378469726,0.0],[-73.733781565,41.378451769,0.0],[-73.733766371,41.37841943,0.0],[-73.73375418,41.378395463,0.0],[-73.733732568,41.378367818,0.0],[-73.733720285,41.378348617,0.0],[-73.733717491,41.378329521,0.0],[-73.733710067,41.378304415,0.0],[-73.733702645,41.378279311,0.0],[-73.73368736,41.378251736,0.0],[-73.733672073,41.378224161,0.0],[-73.733660021,41.378193046,0.0],[-73.733655785,41.378166785,0.0],[-73.733648362,41.378141678,0.0],[-73.733642543,41.378115399,0.0],[-73.733633468,41.378093851,0.0],[-73.733621254,41.378071075,0.0],[-73.733605853,41.378049458,0.0],[-73.733590476,41.378026648,0.0],[-73.733578261,41.378003873,0.0],[-73.73356756,41.37798469,0.0],[-73.733555415,41.377958341,0.0],[-73.733543223,41.377934374,0.0],[-73.733532475,41.377917573,0.0],[-73.733528169,41.377894886,0.0],[-73.733517676,41.377864981,0.0],[-73.733512204,41.377820831,0.0],[-73.73349401,41.377780116,0.0],[-73.73349154,41.377744341,0.0],[-73.733483043,41.377693009,0.0],[-73.733474224,41.377658355,0.0],[-73.733459147,41.377620058,0.0],[-73.733453768,41.377571143,0.0],[-73.73344848,41.377517462,0.0],[-73.733452707,41.377462695,0.0],[-73.733455399,41.377405528,0.0],[-73.733459464,41.3773591,0.0],[-73.733464925,41.377322221,0.0],[-73.733474993,41.377292542,0.0],[-73.73349178,41.37724268,0.0],[-73.733514825,41.37719646,0.0],[-73.733523543,41.37715485,0.0],[-73.733519468,41.377120248,0.0],[-73.733504137,41.377095057,0.0],[-73.733490202,41.377079412,0.0],[-73.733497014,41.377054464,0.0],[-73.733505339,41.377033107,0.0],[-73.733522945,41.377022576,0.0],[-73.733555155,41.37699314,0.0],[-73.733562639,41.376933643,0.0],[-73.733571472,41.376886075,0.0],[-73.733577118,41.376839665,0.0],[-73.733582879,41.376787298,0.0],[-73.733586782,41.376749211,0.0],[-73.733594219,41.376692095,0.0],[-73.733601423,41.376646894,0.0],[-73.733599231,41.376596822,0.0],[-73.733596853,41.376556282,0.0],[-73.733594383,41.376520507,0.0],[-73.733593518,41.376483558,0.0],[-73.733587907,41.376446556,0.0],[-73.733600136,41.37638711,0.0],[-73.733607386,41.376339525,0.0],[-73.733628848,41.376293289,0.0],[-73.733646918,41.376258933,0.0],[-73.733674522,41.376222296,0.0],[-73.733686379,41.376181912,0.0],[-73.733690374,41.376139059,0.0],[-73.733691182,41.376097362,0.0],[-73.733696782,41.376053334,0.0],[-73.733699035,41.376018802,0.0],[-73.733696449,41.375988984,0.0],[-73.733682653,41.375966192,0.0],[-73.733648089,41.375953894,0.0],[-73.733632596,41.375937042,0.0],[-73.733645665,41.375915737,0.0],[-73.733671342,41.375896953,0.0],[-73.733696831,41.375887701,0.0],[-73.733716157,41.37587004,0.0],[-73.733716805,41.375836682,0.0],[-73.733715847,41.375804499,0.0],[-73.733719589,41.37577475,0.0],[-73.733734263,41.375752271,0.0],[-73.733742564,41.375732106,0.0],[-73.733732001,41.375705773,0.0],[-73.733734114,41.37567839,0.0],[-73.733736389,41.375642667,0.0],[-73.733756062,41.375607136,0.0],[-73.733791758,41.375561056,0.0],[-73.733828852,41.375524524,0.0],[-73.733861247,41.375485558,0.0],[-73.733906549,41.375433626,0.0],[-73.733937387,41.375393451,0.0],[-73.733968245,41.375352084,0.0],[-73.734000594,41.3753155,0.0],[-73.734073223,41.375241228,0.0],[-73.734106922,41.375216576,0.0],[-73.734137413,41.37519427,0.0],[-73.734160086,41.375167113,0.0],[-73.73416692,41.375140973,0.0],[-73.734156403,41.37511226,0.0],[-73.734131629,41.375084581,0.0],[-73.734116205,41.375064152,0.0],[-73.734121436,41.375039187,0.0],[-73.734141086,41.375004846,0.0],[-73.734173179,41.374981368,0.0],[-73.73421302,41.374966315,0.0],[-73.734257514,41.37495608,0.0],[-73.734297146,41.374951749,0.0],[-73.734339918,41.374948645,0.0],[-73.734374876,41.374940689,0.0],[-73.734403529,41.374931471,0.0],[-73.734435601,41.374909184,0.0],[-73.734462765,41.374895183,0.0],[-73.734482068,41.374878713,0.0],[-73.734504742,41.374851556,0.0],[-73.734527416,41.374824398,0.0],[-73.734556254,41.374805649,0.0],[-73.734583488,41.374788074,0.0],[-73.734610745,41.374769309,0.0],[-73.734630186,41.374745691,0.0],[-73.734648092,41.374719672,0.0],[-73.734666204,41.374682932,0.0],[-73.734687597,41.374640269,0.0],[-73.734702547,41.374603494,0.0],[-73.734711218,41.374564266,0.0],[-73.734718283,41.374526213,0.0],[-73.734722069,41.374494082,0.0],[-73.7347306,41.374462001,0.0],[-73.734739087,41.374432305,0.0],[-73.734746036,41.374400208,0.0],[-73.734759266,41.374370564,0.0],[-73.734770914,41.374340902,0.0],[-73.734776237,41.374311171,0.0],[-73.734781558,41.374281439,0.0],[-73.734782113,41.374252847,0.0],[-73.734771756,41.374215793,0.0],[-73.73475803,41.374189426,0.0],[-73.734733579,41.374145069,0.0],[-73.734715293,41.374109119,0.0],[-73.734706219,41.374087571,0.0],[-73.734694097,41.374060031,0.0],[-73.734694674,41.374030247,0.0],[-73.734687367,41.373999185,0.0],[-73.734681687,41.373965758,0.0],[-73.734680728,41.373933573,0.0],[-73.734678581,41.37388112,0.0],[-73.734674646,41.37383937,0.0],[-73.734685924,41.37382877,0.0],[-73.734695944,41.373801473,0.0],[-73.734695033,41.373766907,0.0],[-73.734694167,41.373729958,0.0],[-73.734690115,41.373694165,0.0],[-73.734689272,41.373656024,0.0],[-73.734704314,41.373614484,0.0],[-73.734712823,41.373583596,0.0],[-73.734713585,41.373544281,0.0],[-73.734698439,41.373509559,0.0],[-73.734686016,41.373497506,0.0],[-73.734655897,41.373500748,0.0],[-73.734630246,41.373518341,0.0],[-73.734614015,41.373539612,0.0],[-73.734602273,41.373574038,0.0],[-73.734587323,41.373610814,0.0],[-73.734582001,41.373640545,0.0],[-73.734583028,41.373669156,0.0],[-73.734584194,41.373690616,0.0],[-73.734583755,41.373713252,0.0],[-73.73457078,41.373729792,0.0],[-73.734551593,41.373740306,0.0],[-73.734519939,41.373741149,0.0],[-73.734497796,41.373740906,0.0],[-73.73446793,41.373731044,0.0],[-73.734444715,41.373704573,0.0],[-73.734429546,41.373671042,0.0],[-73.734412864,41.373633918,0.0],[-73.734410671,41.373583847,0.0],[-73.734414757,41.373536228,0.0],[-73.734417032,41.373500505,0.0],[-73.734432098,41.373457773,0.0],[-73.734445605,41.373413833,0.0],[-73.734467044,41.373368787,0.0],[-73.734488667,41.373314212,0.0],[-73.734497358,41.373273793,0.0],[-73.734509239,41.373232217,0.0],[-73.734514514,41.373204868,0.0],[-73.734517066,41.373154849,0.0],[-73.734514711,41.373113117,0.0],[-73.734499703,41.373071245,0.0],[-73.734489118,41.373046106,0.0],[-73.73448009,41.373022174,0.0],[-73.734474133,41.373003043,0.0],[-73.734463547,41.372977903,0.0],[-73.734456055,41.372956372,0.0],[-73.734448701,41.372927692,0.0],[-73.734442905,41.372900222,0.0],[-73.734440436,41.372864446,0.0],[-73.734444106,41.372838272,0.0],[-73.734450918,41.372813323,0.0],[-73.734456102,41.372790739,0.0],[-73.73446454,41.372763425,0.0],[-73.734474376,41.37274566,0.0],[-73.734466606,41.372738424,0.0],[-73.734457141,41.37273713,0.0],[-73.734437931,41.372748834,0.0],[-73.734426421,41.372771348,0.0],[-73.734419426,41.372805826,0.0],[-73.734410801,41.372842672,0.0],[-73.734410294,41.372868882,0.0],[-73.734403367,41.372899787,0.0],[-73.734396579,41.372923544,0.0],[-73.734386558,41.372950841,0.0],[-73.734376723,41.372968607,0.0],[-73.73437147,41.372994764,0.0],[-73.734370754,41.373031696,0.0],[-73.734374898,41.373062723,0.0],[-73.734374367,41.373090124,0.0],[-73.734372231,41.373118699,0.0],[-73.734363583,41.373156735,0.0],[-73.734358076,41.373195998,0.0],[-73.734349362,41.373237609,0.0],[-73.734343831,41.373278062,0.0],[-73.734335322,41.373308949,0.0],[-73.734331514,41.373342273,0.0],[-73.734321215,41.373383866,0.0],[-73.734307893,41.373418275,0.0],[-73.734289849,41.373451442,0.0],[-73.734276641,41.373479895,0.0],[-73.734260248,41.373509505,0.0],[-73.734253321,41.37354041,0.0],[-73.734246464,41.373567741,0.0],[-73.734217256,41.373605551,0.0],[-73.734180418,41.373628978,0.0],[-73.73415009,41.373642944,0.0],[-73.734115065,41.373654475,0.0],[-73.73409448,41.37365544,0.0],[-73.734032822,41.37365357,0.0],[-73.733974026,41.373667222,0.0],[-73.733912138,41.373677266,0.0],[-73.733858363,41.373676674,0.0],[-73.733809357,41.373674943,0.0],[-73.733753864,41.373681482,0.0],[-73.733690322,41.373695082,0.0],[-73.733619081,41.373697872,0.0],[-73.733554145,41.373701924,0.0],[-73.733509768,41.373706202,0.0],[-73.733488975,41.37371789,0.0],[-73.733466556,41.373731942,0.0],[-73.733428437,41.373739863,0.0],[-73.73313052,41.373766373,0.0],[-73.732891193,41.373789953,0.0],[-73.732761132,41.373807587,0.0],[-73.732553505,41.373827941,0.0],[-73.732315712,41.373853919,0.0],[-73.73215716,41.37387243,0.0],[-73.732001725,41.373893358,0.0],[-73.731950766,41.37391067,0.0],[-73.731928301,41.373927103,0.0],[-73.731907277,41.373950705,0.0],[-73.731884835,41.373965948,0.0],[-73.731851343,41.373979878,0.0],[-73.731816386,41.373987834,0.0],[-73.731792624,41.373993056,0.0],[-73.731775079,41.373996912,0.0],[-73.731729121,41.374001171,0.0],[-73.73169114,41.374001944,0.0],[-73.73165953,41.374000405,0.0],[-73.731621665,41.373995221,0.0],[-73.731579054,41.373989985,0.0],[-73.731542932,41.373976478,0.0],[-73.731492485,41.373967581,0.0],[-73.731434174,41.373956214,0.0],[-73.731385028,41.373961631,0.0],[-73.731331,41.373974142,0.0],[-73.731272319,41.373981836,0.0],[-73.731207404,41.373984695,0.0],[-73.731147235,41.373987607,0.0],[-73.731093321,41.373994162,0.0],[-73.731047386,41.37399723,0.0],[-73.730998241,41.374002646,0.0],[-73.73094756,41.374005661,0.0],[-73.730901602,41.374009921,0.0],[-73.730855736,41.374009415,0.0],[-73.730519813,41.374052573,0.0],[-73.730473392,41.374065969,0.0],[-73.730431946,41.374082194,0.0],[-73.730398546,41.374091358,0.0],[-73.730366591,41.374107688,0.0],[-73.730307539,41.374134443,0.0],[-73.730248464,41.37416239,0.0],[-73.730200621,41.374182119,0.0],[-73.730146616,41.374193439,0.0],[-73.730100853,41.374195886,0.0],[-73.730091191,41.374196402,0.0],[-73.730023112,41.374199226,0.0],[-73.729959733,41.374204484,0.0],[-73.72990268,41.374209813,0.0],[-73.729864522,41.37421547,0.0],[-73.729850324,41.374217575,0.0],[-73.729810552,41.374229052,0.0],[-73.729767571,41.374242876,0.0],[-73.729726242,41.374253146,0.0],[-73.729693198,41.374264022,0.0],[-73.729691215,41.374264675,0.0],[-73.729676587,41.374284771,0.0],[-73.729660307,41.374308423,0.0],[-73.729651773,41.374340502,0.0],[-73.729630586,41.374372442,0.0],[-73.729620471,41.374404502,0.0],[-73.72961517,41.374433042,0.0],[-73.729597123,41.374466208,0.0],[-73.72957596,41.374496957,0.0],[-73.729561122,41.374527774,0.0],[-73.729562833,41.374550509,0.0],[-73.729563636,41.374561167,0.0],[-73.729567847,41.37458862,0.0],[-73.729551243,41.374628951,0.0],[-73.729515869,41.37465835,0.0],[-73.72946791,41.374684036,0.0],[-73.729429441,41.374709827,0.0],[-73.729397276,41.374736878,0.0],[-73.729369786,41.374767557,0.0],[-73.729372694,41.374780696,0.0],[-73.72938137,41.374784386,0.0],[-73.729389952,41.374788036,0.0],[-73.72939935,41.374792907,0.0],[-73.729416446,41.374808587,0.0],[-73.72941582,41.374840752,0.0],[-73.729407286,41.374872832,0.0],[-73.729389401,41.374897658,0.0],[-73.729365097,41.37492718,0.0],[-73.729347189,41.374953197,0.0],[-73.729335585,41.374980475,0.0],[-73.729330306,41.375007823,0.0],[-73.729274097,41.375132321,0.0],[-73.729257493,41.375172652,0.0],[-73.729251913,41.375215489,0.0],[-73.729259264,41.375244168,0.0],[-73.729309551,41.375261406,0.0],[-73.729350512,41.3752702,0.0],[-73.729394587,41.375281411,0.0],[-73.729425989,41.375293673,0.0],[-73.729436735,41.375310474,0.0],[-73.729431432,41.375339015,0.0],[-73.729430528,41.375385477,0.0],[-73.729429926,41.375416452,0.0],[-73.729438882,41.375443958,0.0],[-73.729460562,41.375468028,0.0],[-73.729470798,41.37551104,0.0],[-73.729465219,41.375553875,0.0],[-73.729456707,41.375584763,0.0],[-73.729441917,41.375613198,0.0],[-73.729427135,41.375639892,0.0],[-73.72942552,41.375642808,0.0],[-73.729401472,41.375659224,0.0],[-73.729367555,41.375667693,0.0],[-73.72936491,41.375668353,0.0],[-73.729359951,41.375672637,0.0],[-73.729347208,41.375683649,0.0],[-73.729319951,41.375702413,0.0],[-73.729305229,41.375727275,0.0],[-73.72929695,41.375746248,0.0],[-73.729302929,41.375764189,0.0],[-73.729321538,41.37578346,0.0],[-73.729352775,41.375804062,0.0],[-73.729382293,41.375831795,0.0],[-73.729410182,41.375861893,0.0],[-73.729431607,41.375899069,0.0],[-73.729434098,41.375933653,0.0],[-73.729430239,41.375969359,0.0],[-73.729434358,41.376001577,0.0],[-73.729422614,41.376036005,0.0],[-73.729417011,41.376080032,0.0],[-73.729402011,41.376119189,0.0],[-73.729380823,41.376151128,0.0],[-73.729359821,41.376173536,0.0],[-73.729337307,41.376192353,0.0],[-73.729313351,41.376204005,0.0],[-73.72930342,41.376226536,0.0],[-73.729299677,41.376256285,0.0],[-73.72930247,41.376275381,0.0],[-73.729310123,41.376288573,0.0],[-73.729319473,41.376295826,0.0],[-73.729319056,41.37631727,0.0],[-73.729316988,41.376342271,0.0],[-73.729314965,41.376364889,0.0],[-73.729309757,41.376388664,0.0],[-73.729320503,41.376405465,0.0],[-73.729348857,41.376411736,0.0],[-73.729378816,41.376416833,0.0],[-73.72938947,41.376438399,0.0],[-73.729396613,41.376477801,0.0],[-73.729396079,41.376505202,0.0],[-73.729385988,41.376536072,0.0],[-73.729380616,41.376568187,0.0],[-73.729375314,41.376596726,0.0],[-73.729369827,41.376634797,0.0],[-73.729366014,41.37666812,0.0],[-73.729362225,41.376700251,0.0],[-73.729356785,41.376735939,0.0],[-73.729349669,41.376776375,0.0],[-73.72933803,41.376820528,0.0],[-73.729337717,41.376821524,0.0],[-73.729327415,41.376863116,0.0],[-73.729326696,41.376900047,0.0],[-73.7293103,41.376929657,0.0],[-73.729295578,41.376954517,0.0],[-73.729282437,41.376979396,0.0],[-73.72927253,41.377000736,0.0],[-73.729270554,41.377020971,0.0],[-73.729269951,41.377051946,0.0],[-73.729267743,41.377084095,0.0],[-73.729265651,41.377110287,0.0],[-73.729257187,41.377138792,0.0],[-73.729250373,41.37716374,0.0],[-73.729249793,41.377193523,0.0],[-73.729249283,41.377219734,0.0],[-73.729256402,41.377260327,0.0],[-73.729258986,41.377290145,0.0],[-73.729258545,41.377312781,0.0],[-73.729258104,41.377335417,0.0],[-73.729262479,41.37735453,0.0],[-73.729263365,41.377390288,0.0],[-73.729259528,41.377424802,0.0],[-73.729255646,41.377461699,0.0],[-73.729248741,41.377491413,0.0],[-73.729225948,41.377524526,0.0],[-73.729191036,41.377530098,0.0],[-73.729160982,41.377529766,0.0],[-73.729135444,41.3775414,0.0],[-73.729112861,41.377563791,0.0],[-73.729106023,41.377589931,0.0],[-73.72909765,41.377613671,0.0],[-73.729094023,41.377637463,0.0],[-73.729091862,41.377667228,0.0],[-73.729089747,41.377694612,0.0],[-73.729097145,41.377720909,0.0],[-73.729087075,41.377750588,0.0],[-73.729070817,41.377773048,0.0],[-73.729068749,41.377798049,0.0],[-73.729077798,41.37782079,0.0],[-73.729094895,41.37783647,0.0],[-73.729102548,41.377849662,0.0],[-73.729103736,41.377869932,0.0],[-73.729092316,41.37788768,0.0],[-73.729077408,41.377922072,0.0],[-73.729072222,41.377944655,0.0],[-73.729065408,41.377969603,0.0],[-73.729060106,41.377998143,0.0],[-73.729051665,41.378025457,0.0],[-73.729049502,41.378055223,0.0],[-73.72904883,41.378089771,0.0],[-73.72904511,41.378118328,0.0],[-73.729041414,41.378145695,0.0],[-73.729039229,41.378176653,0.0],[-73.729030902,41.37819801,0.0],[-73.729013087,41.378219262,0.0],[-73.729001528,41.378244158,0.0],[-73.728989875,41.378273819,0.0],[-73.728976619,41.378304655,0.0],[-73.728963431,41.378331915,0.0],[-73.728951989,41.378350855,0.0],[-73.728914826,41.378471987,0.0],[-73.728901685,41.378496866,0.0],[-73.728883682,41.378527648,0.0],[-73.72886575,41.378554858,0.0],[-73.728850981,41.3785821,0.0],[-73.728839399,41.378608188,0.0],[-73.728832539,41.378635519,0.0],[-73.728830447,41.378661712,0.0],[-73.728820539,41.37868305,0.0],[-73.728809073,41.378703182,0.0],[-73.728799233,41.378720946,0.0],[-73.728790978,41.378738728,0.0],[-73.728781186,41.378754112,0.0],[-73.728767929,41.378784947,0.0],[-73.728756439,41.378806269,0.0],[-73.728741832,41.378825172,0.0],[-73.728728692,41.378850051,0.0],[-73.72871562,41.378871356,0.0],[-73.728702549,41.378892661,0.0],[-73.728681523,41.37891626,0.0],[-73.728668498,41.378935182,0.0],[-73.728655473,41.378954103,0.0],[-73.728639215,41.378976564,0.0],[-73.728629238,41.379001477,0.0],[-73.72861605,41.379028739,0.0],[-73.728601281,41.379055983,0.0],[-73.728588141,41.379080861,0.0],[-73.728575068,41.379102165,0.0],[-73.728563532,41.379125869,0.0],[-73.728553392,41.379159122,0.0],[-73.728540089,41.37919234,0.0],[-73.728531531,41.37922561,0.0],[-73.728521321,41.379262438,0.0],[-73.728514205,41.379302873,0.0],[-73.728507299,41.379332587,0.0],[-73.728498855,41.3793599,0.0],[-73.728491995,41.379387231,0.0],[-73.728489879,41.379414614,0.0],[-73.728489322,41.379443207,0.0],[-73.728498117,41.379479052,0.0],[-73.728499072,41.379511236,0.0],[-73.728498539,41.379538637,0.0],[-73.728498097,41.379561272,0.0],[-73.728492795,41.379589812,0.0],[-73.728487586,41.379613587,0.0],[-73.728477701,41.379633734,0.0],[-73.728473957,41.379663483,0.0],[-73.728471865,41.379689675,0.0],[-73.728469749,41.379717059,0.0],[-73.728469308,41.379739694,0.0],[-73.728465703,41.379762295,0.0],[-73.728457378,41.379783651,0.0],[-73.72845524,41.379812226,0.0],[-73.728452985,41.379846758,0.0],[-73.728449124,41.379882464,0.0],[-73.728450056,41.379915838,0.0],[-73.728455618,41.379955223,0.0],[-73.728464412,41.379991068,0.0],[-73.728471717,41.380022131,0.0],[-73.728472556,41.380060271,0.0],[-73.72846865,41.380098359,0.0],[-73.728463162,41.38013643,0.0],[-73.728457743,41.380170926,0.0],[-73.728455302,41.380214988,0.0],[-73.728460888,41.380253181,0.0],[-73.728471241,41.380290236,0.0],[-73.72848164,41.380324907,0.0],[-73.728488899,41.380358351,0.0],[-73.728497716,41.380393006,0.0],[-73.728505021,41.380424068,0.0],[-73.728509163,41.380455095,0.0],[-73.72851342,41.380480166,0.0],[-73.728514492,41.380506393,0.0],[-73.728505771,41.380548003,0.0],[-73.728503655,41.380575387,0.0],[-73.728502913,41.380613509,0.0],[-73.728503705,41.380654032,0.0],[-73.728507685,41.380693399,0.0],[-73.728510268,41.380723218,0.0],[-73.728522388,41.380750759,0.0],[-73.728526529,41.380781786,0.0],[-73.728519553,41.380815073,0.0],[-73.728515787,41.380846013,0.0],[-73.728513531,41.380880545,0.0],[-73.728519185,41.380915164,0.0],[-73.728529492,41.3809546,0.0],[-73.728536611,41.380995193,0.0],[-73.728537497,41.381030951,0.0],[-73.728536847,41.38106431,0.0],[-73.728533057,41.38109644,0.0],[-73.728532385,41.38113099,0.0],[-73.728531758,41.381163156,0.0],[-73.728542111,41.38120021,0.0],[-73.728550951,41.381233672,0.0],[-73.728556791,41.38125876,0.0],[-73.728564213,41.381283866,0.0],[-73.728573262,41.381306607,0.0],[-73.728582266,41.381331731,0.0],[-73.728599247,41.381353366,0.0],[-73.728614623,41.381376176,0.0],[-73.728637817,41.38140384,0.0],[-73.728640563,41.381425318,0.0],[-73.728641657,41.381450355,0.0],[-73.728656988,41.381475547,0.0],[-73.728662757,41.38150421,0.0],[-73.728662201,41.381532801,0.0],[-73.72865541,41.381556559,0.0],[-73.72865655,41.381579212,0.0],[-73.728654504,41.381603021,0.0],[-73.728642944,41.381627917,0.0],[-73.728632804,41.38166117,0.0],[-73.728625733,41.381699223,0.0],[-73.728621781,41.381739694,0.0],[-73.728617783,41.381782547,0.0],[-73.728613738,41.381827784,0.0],[-73.72861132,41.381870655,0.0],[-73.728608972,41.38190995,0.0],[-73.728606508,41.381955205,0.0],[-73.728607371,41.381992153,0.0],[-73.728606861,41.382018363,0.0],[-73.728606303,41.382046956,0.0],[-73.728605793,41.382073165,0.0],[-73.728606841,41.382100583,0.0],[-73.728607843,41.382130385,0.0],[-73.728605727,41.382157768,0.0],[-73.728605263,41.382181595,0.0],[-73.728604799,41.382205421,0.0],[-73.728604126,41.382239971,0.0],[-73.728603639,41.382264989,0.0],[-73.72859822,41.382299486,0.0],[-73.728600711,41.38233407,0.0],[-73.728609597,41.382365149,0.0],[-73.7286233,41.382392708,0.0],[-73.728625953,41.382418952,0.0],[-73.72861288,41.382440257,0.0],[-73.728612417,41.382464084,0.0],[-73.728610115,41.382500997,0.0],[-73.728613042,41.38251755,0.0],[-73.728615816,41.382533234,0.0],[-73.728623076,41.382566678,0.0],[-73.728623447,41.382572073,0.0],[-73.728625542,41.382602455,0.0],[-73.728623288,41.382636986,0.0],[-73.7286228,41.382662003,0.0],[-73.728612752,41.382690492,0.0],[-73.728607752,41.382703544,0.0],[-73.728647042,41.382717086,0.0],[-73.728657469,41.382718382,0.0],[-73.728678608,41.38272101,0.0],[-73.728686029,41.382746115,0.0],[-73.728686776,41.38278902,0.0],[-73.728682266,41.382858083,0.0],[-73.728666104,41.382956808,0.0],[-73.728663501,41.383009209,0.0],[-73.728646782,41.383136525,0.0],[-73.72864448,41.38317344,0.0],[-73.728645436,41.383205624,0.0],[-73.72864788,41.38324259,0.0],[-73.728647416,41.383266417,0.0],[-73.728645324,41.38329261,0.0],[-73.728638393,41.383323515,0.0],[-73.728622111,41.383347166,0.0],[-73.72861376,41.383369715,0.0],[-73.728609923,41.383404228,0.0],[-73.728591711,41.383445733,0.0],[-73.728575429,41.383469386,0.0],[-73.728560845,41.383487098,0.0],[-73.72853991,41.383505932,0.0],[-73.72851132,41.383511574,0.0],[-73.728492037,41.383526852,0.0],[-73.72848043,41.383554131,0.0],[-73.728475128,41.38358267,0.0],[-73.728474501,41.383614837,0.0],[-73.728477085,41.383644656,0.0],[-73.728478064,41.383675648,0.0],[-73.728474319,41.383705396,0.0],[-73.728470621,41.383732763,0.0],[-73.728468505,41.383760146,0.0],[-73.728466344,41.383789912,0.0],[-73.728464297,41.383813721,0.0],[-73.728459019,41.38384107,0.0],[-73.728458462,41.383869662,0.0],[-73.728456323,41.383898237,0.0],[-73.728454206,41.38392562,0.0],[-73.728456767,41.383956631,0.0],[-73.728459164,41.38399598,0.0],[-73.728463422,41.384021049,0.0],[-73.728466238,41.384038955,0.0],[-73.728468915,41.384064008,0.0],[-73.728481151,41.384085592,0.0],[-73.728493342,41.384109559,0.0],[-73.728505578,41.384131143,0.0],[-73.728524119,41.384153988,0.0],[-73.728537915,41.384176782,0.0],[-73.728550152,41.384198365,0.0],[-73.728563971,41.384219967,0.0],[-73.728587304,41.384240483,0.0],[-73.72860424,41.384264501,0.0],[-73.728618128,41.384282528,0.0],[-73.728631885,41.384298157,0.0],[-73.728638251,41.384305391,0.0],[-73.72865835,41.384329445,0.0],[-73.72868315,41.384355935,0.0],[-73.728695479,41.384372753,0.0],[-73.728701637,41.384381561,0.0],[-73.728704716,41.384385963,0.0],[-73.728701366,41.384395459,0.0],[-73.728721303,41.384427852,0.0],[-73.72873817,41.384455445,0.0],[-73.728759875,41.384478325,0.0],[-73.728783207,41.38449884,0.0],[-73.728798748,41.384513311,0.0],[-73.72881445,41.384519443,0.0],[-73.728841086,41.384532845,0.0],[-73.728863185,41.384535472,0.0],[-73.728879097,41.384530882,0.0],[-73.728902824,41.384531143,0.0],[-73.728928018,41.384537381,0.0],[-73.72896575,41.384549713,0.0],[-73.72898443,41.38456541,0.0],[-73.728987176,41.384586889,0.0],[-73.728985107,41.38461189,0.0],[-73.728978501,41.384626116,0.0],[-73.728992391,41.384644144,0.0],[-73.729029938,41.384666007,0.0],[-73.729056549,41.3846806,0.0],[-73.72909263,41.38469649,0.0],[-73.729130317,41.384711205,0.0],[-73.729175935,41.384724816,0.0],[-73.72922153,41.384739619,0.0],[-73.729256145,41.384749535,0.0],[-73.729304928,41.384763182,0.0],[-73.729339754,41.38477378,0.0],[-73.729353687,41.384778019,0.0],[-73.729388324,41.384786742,0.0],[-73.729419753,41.384797813,0.0],[-73.729446413,41.384810024,0.0],[-73.729491962,41.38482721,0.0],[-73.729496638,41.384828639,0.0],[-73.729520273,41.384835864,0.0],[-73.729556517,41.384843413,0.0],[-73.729576942,41.384850788,0.0],[-73.729613185,41.384858339,0.0],[-73.729649358,41.384869462,0.0],[-73.729691952,41.38487589,0.0],[-73.729725078,41.384881022,0.0],[-73.729755087,41.384883737,0.0],[-73.729783561,41.384884051,0.0],[-73.729799379,41.384884226,0.0],[-73.729858023,41.384878915,0.0],[-73.729899082,41.384882943,0.0],[-73.729933882,41.384883327,0.0],[-73.729981339,41.384883851,0.0],[-73.730016278,41.384877088,0.0],[-73.730059104,41.384871602,0.0],[-73.730093998,41.38486722,0.0],[-73.73013045,41.384864049,0.0],[-73.730157342,41.384864345,0.0],[-73.730188886,41.38486946,0.0],[-73.7302061,41.384879183,0.0],[-73.730237692,41.384881914,0.0],[-73.730263071,41.38487862,0.0],[-73.730293335,41.384868228,0.0],[-73.730317271,41.384857769,0.0],[-73.730345952,41.384847362,0.0],[-73.730382428,41.384842997,0.0],[-73.730417182,41.384845764,0.0],[-73.730448635,41.384855643,0.0],[-73.730484807,41.384866768,0.0],[-73.730530543,41.384874421,0.0],[-73.730573183,41.384878467,0.0],[-73.73060945,41.384884824,0.0],[-73.730650324,41.384898384,0.0],[-73.730686474,41.384910698,0.0],[-73.730719415,41.384925361,0.0],[-73.730744424,41.384941127,0.0],[-73.73076785,41.384956877,0.0],[-73.730787928,41.384982122,0.0],[-73.730803352,41.385002549,0.0],[-73.730820313,41.385025376,0.0],[-73.730834178,41.385044595,0.0],[-73.730854372,41.385063884,0.0],[-73.730871494,41.385078372,0.0],[-73.730894736,41.385103651,0.0],[-73.730911719,41.385125288,0.0],[-73.730927144,41.385145715,0.0],[-73.73095983,41.385173483,0.0],[-73.730975208,41.385196293,0.0],[-73.73098105,41.385221381,0.0],[-73.730988612,41.385239338,0.0],[-73.731008736,41.3852622,0.0],[-73.731024114,41.385285011,0.0],[-73.731047263,41.385315056,0.0],[-73.731073622,41.385342753,0.0],[-73.731095236,41.385370398,0.0],[-73.731116756,41.385402809,0.0],[-73.731135206,41.385430419,0.0],[-73.731161564,41.385458117,0.0],[-73.731178571,41.385478562,0.0],[-73.731190717,41.385504911,0.0],[-73.731204397,41.38553366,0.0],[-73.731219661,41.385562426,0.0],[-73.731239645,41.385592437,0.0],[-73.731253442,41.38561523,0.0],[-73.731270264,41.385645205,0.0],[-73.731297835,41.385691982,0.0],[-73.731323986,41.385730401,0.0],[-73.731347179,41.385758064,0.0],[-73.731365722,41.385780908,0.0],[-73.731388988,41.385804997,0.0],[-73.731420208,41.38582679,0.0],[-73.731453173,41.385840261,0.0],[-73.731476878,41.385841714,0.0],[-73.731503793,41.385840819,0.0],[-73.731519543,41.385844567,0.0],[-73.731531804,41.38586496,0.0],[-73.731529991,41.385876856,0.0],[-73.731526595,41.385888735,0.0],[-73.731540507,41.38590557,0.0],[-73.73155456,41.385915258,0.0],[-73.731579638,41.385927451,0.0],[-73.731623652,41.385942236,0.0],[-73.731647079,41.385957985,0.0],[-73.73165448,41.385984281,0.0],[-73.731655551,41.386010508,0.0],[-73.731662721,41.386048718,0.0],[-73.731663747,41.386077328,0.0],[-73.731667983,41.38610359,0.0],[-73.731678593,41.386127539,0.0],[-73.731689065,41.386158636,0.0],[-73.731702653,41.38619215,0.0],[-73.731711635,41.386218465,0.0],[-73.731718989,41.386247144,0.0],[-73.731723202,41.386274597,0.0],[-73.731722553,41.386307955,0.0],[-73.731722021,41.386335356,0.0],[-73.731721512,41.386361565,0.0],[-73.731728912,41.386387863,0.0],[-73.73174257,41.386417803,0.0],[-73.731757902,41.386442995,0.0],[-73.731771723,41.386464596,0.0],[-73.731794989,41.386488685,0.0],[-73.731816672,41.386512756,0.0],[-73.731833517,41.38654154,0.0],[-73.731845754,41.386563124,0.0],[-73.73186439,41.386581203,0.0],[-73.731898798,41.386601839,0.0],[-73.731923831,41.386616414,0.0],[-73.73195182,41.386641746,0.0],[-73.731965663,41.386662157,0.0],[-73.731971574,41.38668367,0.0],[-73.731972763,41.38670394,0.0],[-73.731967623,41.386724141,0.0],[-73.731957761,41.386743098,0.0],[-73.731946387,41.386758464,0.0],[-73.731936594,41.386773847,0.0],[-73.731933199,41.386785725,0.0],[-73.731934456,41.386802421,0.0],[-73.731937203,41.3868239,0.0],[-73.731952513,41.386850284,0.0],[-73.731955261,41.386871763,0.0],[-73.731956425,41.386893224,0.0],[-73.731949658,41.386915791,0.0],[-73.731950777,41.386939635,0.0],[-73.731970925,41.386961306,0.0],[-73.731988049,41.386975794,0.0],[-73.732011429,41.386993925,0.0],[-73.732038161,41.387002561,0.0],[-73.732069821,41.387001718,0.0],[-73.732103227,41.386992555,0.0],[-73.73213505,41.386983372,0.0],[-73.73216371,41.386974155,0.0],[-73.732187692,41.386961312,0.0],[-73.732211537,41.386955616,0.0],[-73.732230288,41.386967739,0.0],[-73.732233151,41.386983262,0.0],[-73.732228127,41.386997506,0.0],[-73.732221616,41.387006966,0.0],[-73.73221971,41.387023627,0.0],[-73.732221014,41.387037941,0.0],[-73.732246138,41.38704775,0.0],[-73.732266541,41.387056317,0.0],[-73.732280478,41.387071962,0.0],[-73.732284691,41.387099415,0.0],[-73.732280994,41.387126781,0.0],[-73.732275832,41.387148172,0.0],[-73.732280161,41.387169669,0.0],[-73.732301799,41.387196122,0.0],[-73.732326416,41.387232142,0.0],[-73.732348006,41.387260978,0.0],[-73.732380648,41.387291127,0.0],[-73.732410219,41.387316476,0.0],[-73.732458725,41.387344418,0.0],[-73.732512117,41.387365264,0.0],[-73.732565625,41.387380152,0.0],[-73.73261292,41.387389014,0.0],[-73.732650724,41.387397772,0.0],[-73.732697881,41.387413783,0.0],[-73.732727705,41.387426026,0.0],[-73.732760765,41.387434732,0.0],[-73.732792218,41.387444612,0.0],[-73.732836396,41.387451056,0.0],[-73.732882201,41.387455135,0.0],[-73.732912258,41.387455466,0.0],[-73.732942546,41.387443884,0.0],[-73.732966344,41.387440571,0.0],[-73.732991631,41.387442041,0.0],[-73.733029551,41.387444842,0.0],[-73.73306433,41.387446417,0.0],[-73.733118023,41.387451774,0.0],[-73.733154339,41.387455748,0.0],[-73.733190583,41.387463297,0.0],[-73.733223642,41.387472002,0.0],[-73.733250419,41.387478256,0.0],[-73.733277149,41.387486891,0.0],[-73.733318024,41.387500448,0.0],[-73.733347827,41.387513884,0.0],[-73.733380793,41.387527356,0.0],[-73.733413874,41.387534868,0.0],[-73.733450096,41.387543609,0.0],[-73.733475292,41.387549844,0.0],[-73.733502023,41.38755848,0.0],[-73.733533452,41.387569549,0.0],[-73.733558578,41.387579359,0.0],[-73.733588449,41.387589221,0.0],[-73.733615273,41.38759309,0.0],[-73.733643747,41.387593403,0.0],[-73.733672269,41.387591335,0.0],[-73.733699162,41.387591631,0.0],[-73.733722867,41.387593083,0.0],[-73.733746596,41.387593344,0.0],[-73.733776792,41.387586527,0.0],[-73.733808499,41.387583301,0.0],[-73.733838417,41.387590781,0.0],[-73.733862029,41.387596998,0.0],[-73.733887341,41.387597276,0.0],[-73.733919071,41.38759286,0.0],[-73.733949267,41.387586042,0.0],[-73.733969924,41.387581502,0.0],[-73.733995351,41.387575825,0.0],[-73.734023871,41.387573756,0.0],[-73.734060324,41.387570582,0.0],[-73.734087218,41.387570877,0.0],[-73.734112297,41.387583069,0.0],[-73.734115114,41.387600974,0.0],[-73.734125795,41.387621349,0.0],[-73.73413636,41.387647681,0.0],[-73.734148507,41.38767403,0.0],[-73.734163841,41.387699222,0.0],[-73.73418713,41.387722118,0.0],[-73.734224496,41.387753511,0.0],[-73.73424939,41.387775234,0.0],[-73.734286848,41.387801862,0.0],[-73.734319561,41.387828436,0.0],[-73.73435546,41.387853855,0.0],[-73.734391381,41.387878083,0.0],[-73.734417951,41.387895056,0.0],[-73.734452338,41.387916884,0.0],[-73.734477302,41.387935033,0.0],[-73.734494379,41.387951902,0.0],[-73.734524066,41.387971294,0.0],[-73.734552218,41.387988286,0.0],[-73.734589815,41.388007766,0.0],[-73.734611639,41.388024688,0.0],[-73.734630321,41.388040385,0.0],[-73.734653704,41.388058516,0.0],[-73.734683368,41.388079098,0.0],[-73.734708355,41.388096056,0.0],[-73.734731852,41.388108231,0.0],[-73.734750629,41.388119162,0.0],[-73.734777337,41.388128988,0.0],[-73.734806908,41.388154337,0.0],[-73.734824055,41.388167633,0.0],[-73.734849066,41.388183398,0.0],[-73.734871028,41.388193173,0.0],[-73.734886571,41.388207643,0.0],[-73.734905185,41.388226913,0.0],[-73.734930171,41.38824387,0.0],[-73.734951995,41.388260793,0.0],[-73.734970655,41.388277681,0.0],[-73.734986174,41.388293342,0.0],[-73.735012652,41.388315082,0.0],[-73.735031381,41.388328395,0.0],[-73.73506907,41.388343109,0.0],[-73.735091079,41.3883505,0.0],[-73.735124022,41.388365162,0.0],[-73.735150685,41.38837737,0.0],[-73.735174161,41.388390736,0.0],[-73.735199217,41.38840412,0.0],[-73.735222738,41.388415102,0.0],[-73.735247933,41.388421337,0.0],[-73.735269757,41.38843826,0.0],[-73.735294791,41.388452834,0.0],[-73.735318336,41.388462626,0.0],[-73.735344837,41.388483174,0.0],[-73.735355564,41.388501166,0.0],[-73.735366338,41.388516775,0.0],[-73.735384951,41.388536046,0.0],[-73.735413033,41.388556611,0.0],[-73.735433275,41.388573516,0.0],[-73.735455053,41.388592821,0.0],[-73.735476831,41.388612126,0.0],[-73.735504983,41.388629118,0.0],[-73.735528573,41.388636526,0.0],[-73.735566401,41.388644093,0.0],[-73.735593111,41.388653919,0.0],[-73.735610212,41.388669597,0.0],[-73.73561154,41.388682719,0.0],[-73.735609657,41.38869819,0.0],[-73.735612568,41.38871133,0.0],[-73.735615431,41.388726851,0.0],[-73.735621575,41.388736451,0.0],[-73.73563863,41.388754513,0.0],[-73.735652568,41.388770157,0.0],[-73.735671204,41.388788236,0.0],[-73.735689703,41.388813463,0.0],[-73.735703571,41.388832681,0.0],[-73.735728444,41.388855594,0.0],[-73.735759829,41.388869047,0.0],[-73.73578491,41.388881239,0.0],[-73.735824251,41.388892395,0.0],[-73.735877898,41.388900135,0.0],[-73.735939387,41.388911535,0.0],[-73.735945669,41.388913987,0.0],[-73.7359724,41.388922621,0.0],[-73.73599748,41.388934813,0.0],[-73.736009813,41.388951631,0.0],[-73.736010956,41.388974284,0.0],[-73.735997724,41.389003928,0.0],[-73.735986282,41.389022868,0.0],[-73.735993799,41.389043208,0.0],[-73.736010854,41.38906127,0.0],[-73.736016744,41.389083974,0.0],[-73.736014816,41.389101827,0.0],[-73.736003303,41.389124341,0.0],[-73.735998003,41.389152881,0.0],[-73.735994193,41.389186205,0.0],[-73.735995129,41.38921958,0.0],[-73.735999252,41.389251798,0.0],[-73.736005002,41.389281651,0.0],[-73.736012381,41.389309139,0.0],[-73.736024622,41.389330722,0.0],[-73.736041469,41.389359506,0.0],[-73.736056874,41.389381123,0.0],[-73.736070673,41.389403916,0.0],[-73.736084403,41.389430282,0.0],[-73.736096575,41.389455439,0.0],[-73.73610721,41.389478196,0.0],[-73.736117891,41.38949857,0.0],[-73.736125386,41.389520102,0.0],[-73.736128135,41.389541581,0.0],[-73.736129555,41.389549938,0.0],[-73.736147846,41.389585886,0.0],[-73.736156715,41.389618157,0.0],[-73.736157673,41.389650341,0.0],[-73.736163264,41.389688533,0.0],[-73.736167271,41.389726709,0.0],[-73.736171393,41.389758927,0.0],[-73.736188312,41.389784137,0.0],[-73.736209789,41.38981893,0.0],[-73.736218636,41.389852391,0.0],[-73.736224364,41.389883435,0.0],[-73.736228531,41.389913271,0.0],[-73.736229791,41.389929967,0.0],[-73.736229329,41.389953794,0.0],[-73.736227217,41.389981178,0.0],[-73.736232922,41.390013413,0.0],[-73.736241929,41.390038537,0.0],[-73.736255775,41.390058945,0.0],[-73.736280625,41.39008305,0.0],[-73.736300822,41.390102338,0.0],[-73.736329043,41.390115756,0.0],[-73.736358755,41.390133956,0.0],[-73.736375765,41.390154399,0.0],[-73.736395616,41.390191557,0.0],[-73.736405951,41.390229802,0.0],[-73.73642101,41.39026929,0.0],[-73.736439277,41.390306431,0.0],[-73.736462362,41.390340048,0.0],[-73.736485538,41.390368901,0.0],[-73.73650555,41.39039772,0.0],[-73.736521001,41.390416955,0.0],[-73.7365398,41.390426694,0.0],[-73.736542503,41.390450556,0.0],[-73.736553185,41.390470931,0.0],[-73.73657815,41.390489078,0.0],[-73.736577827,41.390505757,0.0],[-73.736583856,41.390521314,0.0],[-73.736608982,41.390531123,0.0],[-73.736642067,41.390538636,0.0],[-73.73666231,41.390555541,0.0],[-73.736688788,41.390577281,0.0],[-73.736718431,41.390599055,0.0],[-73.736752866,41.390618498,0.0],[-73.736782531,41.390639081,0.0],[-73.73681073,41.39065369,0.0],[-73.736824645,41.390670524,0.0],[-73.736851124,41.390692265,0.0],[-73.736879231,41.390711639,0.0],[-73.736902753,41.390722621,0.0],[-73.736931046,41.390732465,0.0],[-73.736956126,41.390744656,0.0],[-73.736982836,41.390754483,0.0],[-73.7370095,41.390766691,0.0],[-73.737045608,41.390781387,0.0],[-73.737083416,41.390790142,0.0],[-73.737115194,41.390783342,0.0],[-73.737148647,41.390771793,0.0],[-73.737183589,41.390765026,0.0],[-73.737231164,41.390759591,0.0],[-73.737264478,41.39075519,0.0],[-73.737305495,41.390761599,0.0],[-73.737354352,41.390771668,0.0],[-73.7373953,41.390781649,0.0],[-73.737433061,41.390792788,0.0],[-73.737469262,41.390802719,0.0],[-73.737508627,41.390812683,0.0],[-73.737544944,41.390816657,0.0],[-73.737601689,41.390828003,0.0],[-73.737660062,41.390836986,0.0],[-73.737718642,41.390835245,0.0],[-73.737786945,41.390821695,0.0],[-73.73786027,41.390793901,0.0],[-73.737901863,41.390770525,0.0],[-73.737943478,41.390745958,0.0],[-73.737983444,41.390724948,0.0],[-73.738013894,41.390705024,0.0],[-73.738052276,41.390683996,0.0],[-73.738085844,41.390666491,0.0],[-73.738127368,41.390646689,0.0],[-73.738157863,41.390624383,0.0],[-73.738189826,41.390608051,0.0],[-73.73820904,41.390596346,0.0],[-73.738222133,41.390573849,0.0],[-73.738232064,41.390551318,0.0],[-73.738262467,41.390533777,0.0],[-73.738299198,41.390516307,0.0],[-73.738317083,41.39049148,0.0],[-73.738338225,41.390461921,0.0],[-73.738368791,41.39043604,0.0],[-73.738400776,41.390418518,0.0],[-73.738432716,41.390403377,0.0],[-73.738463119,41.390385837,0.0],[-73.738493591,41.390364721,0.0],[-73.738524018,41.39034599,0.0],[-73.738557562,41.390329675,0.0],[-73.738594293,41.390312203,0.0],[-73.738631048,41.390293541,0.0],[-73.738662941,41.390280783,0.0],[-73.738699625,41.390265694,0.0],[-73.738731564,41.390250553,0.0],[-73.73876355,41.390233031,0.0],[-73.738800396,41.390209602,0.0],[-73.738838847,41.390185,0.0],[-73.738864574,41.390163834,0.0],[-73.738896604,41.390143927,0.0],[-73.738936638,41.390119342,0.0],[-73.738979743,41.390099559,0.0],[-73.739014777,41.390088025,0.0],[-73.739056162,41.390075371,0.0],[-73.739103806,41.390066362,0.0],[-73.739149798,41.390060907,0.0],[-73.739184602,41.390061289,0.0],[-73.739209844,41.39006514,0.0],[-73.739233574,41.3900654,0.0],[-73.739279383,41.390069477,0.0],[-73.739317304,41.390072276,0.0],[-73.739358321,41.390078683,0.0],[-73.73941025,41.390093551,0.0],[-73.739446521,41.390099907,0.0],[-73.739485817,41.390113445,0.0],[-73.739528254,41.390128209,0.0],[-73.739576881,41.390150191,0.0],[-73.73961448,41.390169668,0.0],[-73.739647312,41.390190285,0.0],[-73.739680004,41.390218049,0.0],[-73.739723725,41.390248318,0.0],[-73.739761187,41.390274944,0.0],[-73.739801858,41.390299222,0.0],[-73.739831524,41.390319803,0.0],[-73.739851676,41.390341473,0.0],[-73.739879646,41.390367995,0.0],[-73.739899705,41.39039443,0.0],[-73.739926093,41.390420935,0.0],[-73.739949386,41.39044383,0.0],[-73.739974261,41.390466742,0.0],[-73.739994367,41.390490794,0.0],[-73.740023895,41.390518524,0.0],[-73.740036138,41.390540108,0.0],[-73.740046935,41.390554525,0.0],[-73.740056174,41.390567734,0.0],[-73.740073186,41.390588176,0.0],[-73.740093429,41.390605081,0.0],[-73.740108927,41.390621934,0.0],[-73.740135429,41.390642481,0.0],[-73.740150893,41.390657246,0.0],[-73.740155627,41.390661767,0.0],[-73.740164682,41.390684508,0.0],[-73.740167387,41.390708368,0.0],[-73.740173323,41.390728691,0.0],[-73.740182332,41.390753813,0.0],[-73.7401882,41.39077771,0.0],[-73.740198814,41.390801658,0.0],[-73.740220364,41.390832875,0.0],[-73.740257988,41.390851162,0.0],[-73.740298843,41.390865908,0.0],[-73.740331812,41.390879376,0.0],[-73.740356802,41.390896333,0.0],[-73.740367485,41.390916706,0.0],[-73.740367002,41.390941725,0.0],[-73.740376012,41.390966847,0.0],[-73.740411938,41.390991072,0.0],[-73.740443278,41.391006906,0.0],[-73.740469805,41.391026262,0.0],[-73.740496286,41.391048,0.0],[-73.740513274,41.391069636,0.0],[-73.740525423,41.391095984,0.0],[-73.740529641,41.391123436,0.0],[-73.740530717,41.391149664,0.0],[-73.740530211,41.391175873,0.0],[-73.740529728,41.391200891,0.0],[-73.740526035,41.391228258,0.0],[-73.74051606,41.391253172,0.0],[-73.740499711,41.3912804,0.0],[-73.740488246,41.391300532,0.0],[-73.740484622,41.391324324,0.0],[-73.740492072,41.391348238,0.0],[-73.740505942,41.391367456,0.0],[-73.740516671,41.391385447,0.0],[-73.740525795,41.391404612,0.0],[-73.740528592,41.391423708,0.0],[-73.740531318,41.391446378,0.0],[-73.740528325,41.391459736,0.0],[-73.740527855,41.391461831,0.0],[-73.740511391,41.391495016,0.0],[-73.740503067,41.391516373,0.0],[-73.740492953,41.391548436,0.0],[-73.740484585,41.391572176,0.0],[-73.740485661,41.391598403,0.0],[-73.740492995,41.391628273,0.0],[-73.740501981,41.391654587,0.0],[-73.74050308,41.391679623,0.0],[-73.740502552,41.391707024,0.0],[-73.740502046,41.391733234,0.0],[-73.74050154,41.391759443,0.0],[-73.740496196,41.391790366,0.0],[-73.740492456,41.391820115,0.0],[-73.740495092,41.39184755,0.0],[-73.740499217,41.391879769,0.0],[-73.740511252,41.391912074,0.0],[-73.740521774,41.391940788,0.0],[-73.740525945,41.391970623,0.0],[-73.740526998,41.391998041,0.0],[-73.740528121,41.392021886,0.0],[-73.740532338,41.392049339,0.0],[-73.740536601,41.392074409,0.0],[-73.740536026,41.392104193,0.0],[-73.740535337,41.392139934,0.0],[-73.740541066,41.392170977,0.0],[-73.740546889,41.392197257,0.0],[-73.740555874,41.39222357,0.0],[-73.740566443,41.3922499,0.0],[-73.740573985,41.392269049,0.0],[-73.740586113,41.392296589,0.0],[-73.74059847,41.392312215,0.0],[-73.740650517,41.392321125,0.0],[-73.740670761,41.39233803,0.0],[-73.740670485,41.392352325,0.0],[-73.740689056,41.392373977,0.0],[-73.740721865,41.392395785,0.0],[-73.740759557,41.392410497,0.0],[-73.740795599,41.392428766,0.0],[-73.740820682,41.392440956,0.0],[-73.740858628,41.392442563,0.0],[-73.740909253,41.392443117,0.0],[-73.740950525,41.392436419,0.0],[-73.740996589,41.39242739,0.0],[-73.741039442,41.39242071,0.0],[-73.74108062,41.392418777,0.0],[-73.741124986,41.392415688,0.0],[-73.741159928,41.392408921,0.0],[-73.741191754,41.392399736,0.0],[-73.74122195,41.392392917,0.0],[-73.741259827,41.392398098,0.0],[-73.741297613,41.392408044,0.0],[-73.741324439,41.392411913,0.0],[-73.741357638,41.392413467,0.0],[-73.741397166,41.392415091,0.0],[-73.74144151,41.392413193,0.0],[-73.741484294,41.392410086,0.0],[-73.741525496,41.392406962,0.0],[-73.741566721,41.392402647,0.0],[-73.741615878,41.392397226,0.0],[-73.741658617,41.392396502,0.0],[-73.741692,41.392388526,0.0],[-73.74173169,41.392381811,0.0],[-73.741766357,41.39238934,0.0],[-73.741808933,41.392396955,0.0],[-73.741845345,41.392396161,0.0],[-73.741886592,41.392390655,0.0],[-73.741934283,41.392379259,0.0],[-73.74198493,41.392378621,0.0],[-73.742035556,41.392379175,0.0],[-73.742086067,41.392385686,0.0],[-73.742136578,41.392392196,0.0],[-73.742182365,41.392397463,0.0],[-73.742225012,41.392401503,0.0],[-73.742266121,41.392403145,0.0],[-73.742305695,41.392402386,0.0],[-73.742342105,41.392401592,0.0],[-73.742383262,41.39240085,0.0],[-73.742416714,41.3923893,0.0],[-73.742440616,41.392387315,0.0],[-73.742442072,41.392387194,0.0],[-73.742451336,41.392399211,0.0],[-73.742494943,41.392435436,0.0],[-73.742535365,41.392472818,0.0],[-73.74257574,41.392512582,0.0],[-73.742622329,41.392558371,0.0],[-73.742667427,41.392599378,0.0],[-73.742707895,41.392634377,0.0],[-73.742732635,41.392664438,0.0],[-73.742755929,41.392687333,0.0],[-73.742799882,41.392705687,0.0],[-73.742835902,41.392725146,0.0],[-73.742856032,41.392748007,0.0],[-73.742869697,41.392777945,0.0],[-73.742880014,41.392817381,0.0],[-73.742893495,41.392856851,0.0],[-73.742908765,41.392885617,0.0],[-73.742924011,41.392915573,0.0],[-73.742961544,41.392938623,0.0],[-73.74298179,41.392955527,0.0],[-73.743021226,41.392961916,0.0],[-73.743059149,41.392964714,0.0],[-73.74312383,41.392974952,0.0],[-73.743182321,41.392977975,0.0],[-73.743225243,41.39296772,0.0],[-73.74327142,41.392952734,0.0],[-73.743308151,41.392935261,0.0],[-73.743341743,41.392916562,0.0],[-73.743378497,41.392897897,0.0],[-73.743421649,41.392875728,0.0],[-73.743463149,41.392857116,0.0],[-73.743493483,41.392843148,0.0],[-73.743536497,41.392828127,0.0],[-73.743574765,41.392813055,0.0],[-73.743605213,41.392793131,0.0],[-73.743624633,41.392770701,0.0],[-73.74362342,41.392751622,0.0],[-73.743614294,41.392732458,0.0],[-73.743614683,41.392712205,0.0],[-73.743631008,41.392686168,0.0],[-73.74366311,41.392662686,0.0],[-73.743701606,41.392635699,0.0],[-73.743730564,41.392610992,0.0],[-73.743767501,41.392582797,0.0],[-73.743799763,41.392550976,0.0],[-73.743817716,41.392522573,0.0],[-73.743832183,41.392510816,0.0],[-73.74385486,41.392483657,0.0],[-73.743907456,41.392463973,0.0],[-73.74394405,41.392453649,0.0],[-73.743983899,41.392438593,0.0],[-73.74402054,41.392425886,0.0],[-73.744060343,41.392413213,0.0],[-73.744104892,41.392400591,0.0],[-73.744152491,41.392393961,0.0],[-73.744198371,41.392394462,0.0],[-73.744253765,41.392393874,0.0],[-73.744293316,41.392394307,0.0],[-73.744350086,41.392404459,0.0],[-73.744399289,41.392396655,0.0],[-73.744425015,41.392375487,0.0],[-73.74444448,41.392350675,0.0],[-73.744476511,41.392330768,0.0],[-73.744500448,41.392320305,0.0],[-73.744527733,41.392300345,0.0],[-73.744537683,41.392276621,0.0],[-73.744540595,41.392265349,0.0],[-73.744549652,41.39223028,0.0],[-73.744537568,41.392200358,0.0],[-73.744525325,41.392178776,0.0],[-73.744497239,41.392158212,0.0],[-73.744454845,41.392141067,0.0],[-73.744406076,41.392126236,0.0],[-73.744366708,41.392116273,0.0],[-73.744320991,41.392107434,0.0],[-73.744267246,41.392104464,0.0],[-73.744229277,41.392104049,0.0],[-73.744186471,41.392108348,0.0],[-73.744145178,41.392116239,0.0],[-73.7441358,41.392110178,0.0],[-73.744095928,41.392126425,0.0],[-73.744060848,41.392140342,0.0],[-73.744022604,41.392154223,0.0],[-73.743987547,41.392166948,0.0],[-73.743949233,41.392184403,0.0],[-73.743912502,41.392201877,0.0],[-73.743885242,41.392220645,0.0],[-73.743850046,41.392240518,0.0],[-73.743819736,41.392253294,0.0],[-73.743788003,41.392257714,0.0],[-73.743748361,41.392262048,0.0],[-73.743721489,41.392260563,0.0],[-73.743680585,41.3922482,0.0],[-73.74365573,41.392224097,0.0],[-73.743630923,41.392197611,0.0],[-73.743621936,41.392171297,0.0],[-73.743623999,41.392146296,0.0],[-73.743634112,41.392114234,0.0],[-73.743648946,41.392083414,0.0],[-73.743665386,41.39205142,0.0],[-73.743689713,41.392020705,0.0],[-73.743710852,41.391991145,0.0],[-73.743735272,41.391955664,0.0],[-73.743764436,41.391920235,0.0],[-73.743788831,41.391885944,0.0],[-73.743808504,41.391850412,0.0],[-73.743821871,41.391813617,0.0],[-73.74382554,41.391787443,0.0],[-73.743832602,41.391749388,0.0],[-73.743841223,41.391712543,0.0],[-73.743854545,41.391678132,0.0],[-73.743863097,41.391644861,0.0],[-73.743863716,41.391612694,0.0],[-73.743864151,41.391590059,0.0],[-73.743863097,41.39156264,0.0],[-73.743865206,41.391535257,0.0],[-73.743867225,41.391512639,0.0],[-73.743875686,41.391484132,0.0],[-73.743877657,41.391463896,0.0],[-73.743868555,41.39144354,0.0],[-73.743837626,41.391406263,0.0],[-73.743816051,41.391376237,0.0],[-73.743804061,41.391341549,0.0],[-73.743801653,41.391302201,0.0],[-73.743797572,41.391267599,0.0],[-73.743798329,41.391228286,0.0],[-73.743797665,41.391180614,0.0],[-73.743790788,41.391126917,0.0],[-73.743788678,41.39107208,0.0],[-73.743791017,41.391032783,0.0],[-73.743796519,41.390993521,0.0],[-73.743801862,41.390962597,0.0],[-73.74381241,41.390907898,0.0],[-73.743809865,41.390875698,0.0],[-73.74379957,41.39083507,0.0],[-73.743797164,41.390795722,0.0],[-73.743810393,41.390766076,0.0],[-73.743826741,41.390738848,0.0],[-73.743841551,41.39070922,0.0],[-73.743851595,41.390680732,0.0],[-73.743860193,41.390645076,0.0],[-73.743870235,41.390616588,0.0],[-73.743884863,41.390596491,0.0],[-73.743894814,41.390572767,0.0],[-73.743907974,41.390546696,0.0],[-73.743909831,41.390532417,0.0],[-73.74390215,41.390520417,0.0],[-73.7438817,41.390514236,0.0],[-73.743864664,41.390494984,0.0],[-73.743865054,41.390474732,0.0],[-73.74387168,41.390459313,0.0],[-73.743881654,41.390434398,0.0],[-73.743902611,41.39041437,0.0],[-73.743925239,41.390389593,0.0],[-73.743944658,41.390367165,0.0],[-73.743959402,41.390341111,0.0],[-73.743972677,41.390309082,0.0],[-73.743984463,41.390272271,0.0],[-73.743999411,41.390235495,0.0],[-73.744015712,41.390210649,0.0],[-73.744038365,41.390184682,0.0],[-73.74406888,41.390161183,0.0],[-73.744089951,41.390135197,0.0],[-73.744106252,41.390110351,0.0],[-73.744119368,41.390086663,0.0],[-73.744137389,41.390054686,0.0],[-73.744152176,41.390026249,0.0],[-73.744159101,41.389995343,0.0],[-73.744170701,41.389968063,0.0],[-73.744185674,41.389930095,0.0],[-73.744200553,41.389896893,0.0],[-73.744209104,41.389863621,0.0],[-73.744220752,41.389833959,0.0],[-73.744219629,41.389810114,0.0],[-73.744223205,41.389788705,0.0],[-73.7442393,41.389774581,0.0],[-73.744252346,41.389754466,0.0],[-73.74427337,41.389730863,0.0],[-73.744294418,41.38970607,0.0],[-73.744309115,41.389682398,0.0],[-73.744320486,41.389667032,0.0],[-73.74432576,41.389639683,0.0],[-73.744334104,41.389617133,0.0],[-73.744345706,41.389589852,0.0],[-73.744352583,41.38956133,0.0],[-73.744365974,41.389523345,0.0],[-73.744381014,41.389481802,0.0],[-73.744385026,41.389437757,0.0],[-73.744384108,41.389403191,0.0],[-73.744376771,41.389373321,0.0],[-73.744361525,41.389343365,0.0],[-73.744359003,41.389309972,0.0],[-73.744366065,41.389271918,0.0],[-73.744390391,41.389241202,0.0],[-73.744406829,41.389209208,0.0],[-73.74441701,41.389173571,0.0],[-73.744419369,41.389133083,0.0],[-73.744420057,41.389097341,0.0],[-73.744420676,41.389065175,0.0],[-73.744421272,41.3890342,0.0],[-73.744422051,41.388993695,0.0],[-73.744426064,41.388949648,0.0],[-73.744442687,41.388908124,0.0],[-73.744455938,41.388877287,0.0],[-73.744461326,41.388843982,0.0],[-73.744461739,41.388822537,0.0],[-73.744460661,41.38879631,0.0],[-73.744446973,41.388767563,0.0],[-73.744436197,41.388751955,0.0],[-73.744417443,41.388739834,0.0],[-73.74441139,41.388725468,0.0],[-73.744411872,41.388700449,0.0],[-73.744412491,41.388668284,0.0],[-73.744411458,41.388639673,0.0],[-73.744407172,41.388615795,0.0],[-73.744409213,41.388591986,0.0],[-73.744409602,41.388571732,0.0],[-73.744406874,41.388549062,0.0],[-73.744397748,41.388529897,0.0],[-73.744387179,41.388503567,0.0],[-73.744373446,41.3884772,0.0],[-73.744366201,41.388442566,0.0],[-73.74435726,41.38841387,0.0],[-73.744354532,41.388391199,0.0],[-73.744351918,41.388362572,0.0],[-73.744349236,41.38833752,0.0],[-73.744346645,41.388307701,0.0],[-73.744343985,41.388281458,0.0],[-73.74434465,41.388246908,0.0],[-73.744345177,41.388219507,0.0],[-73.744342608,41.388188497,0.0],[-73.744330504,41.388159767,0.0],[-73.744318399,41.388131037,0.0],[-73.744309595,41.388095192,0.0],[-73.744313424,41.388060677,0.0],[-73.744331536,41.388023936,0.0],[-73.744344626,41.388001439,0.0],[-73.744346758,41.387972863,0.0],[-73.744342472,41.387948984,0.0],[-73.744333576,41.387917906,0.0],[-73.744314982,41.387897446,0.0],[-73.744304299,41.387877071,0.0],[-73.744295128,41.387860289,0.0],[-73.744281074,41.387850603,0.0],[-73.744260716,41.387839657,0.0],[-73.744249847,41.387828813,0.0],[-73.744254754,41.387820525,0.0],[-73.744281853,41.387810097,0.0],[-73.744304253,41.387797234,0.0],[-73.744314156,41.387775893,0.0],[-73.744309938,41.387748441,0.0],[-73.744296205,41.387722075,0.0],[-73.744280822,41.387699267,0.0],[-73.74426702,41.387676476,0.0],[-73.744250054,41.38765365,0.0],[-73.744223574,41.387631913,0.0],[-73.744195466,41.38761254,0.0],[-73.744172081,41.387594411,0.0],[-73.74415053,41.387563194,0.0],[-73.744135285,41.387533238,0.0],[-73.744126214,41.387512772,0.0],[-73.744124669,41.38750929,0.0],[-73.744132969,41.387489123,0.0],[-73.744138081,41.387470113,0.0],[-73.744144799,41.38744993,0.0],[-73.744145235,41.387427293,0.0],[-73.744142552,41.387402241,0.0],[-73.744142965,41.387380797,0.0],[-73.744141726,41.38736291,0.0],[-73.744134093,41.387348526,0.0],[-73.744113689,41.387339962,0.0],[-73.744091587,41.387337338,0.0],[-73.744066345,41.387333488,0.0],[-73.744036335,41.387330777,0.0],[-73.74402063,41.387324647,0.0],[-73.744011414,41.387310247,0.0],[-73.744011757,41.387292377,0.0],[-73.74401068,41.38726615,0.0],[-73.744017444,41.387243584,0.0],[-73.744038513,41.387217598,0.0],[-73.744054745,41.387196327,0.0],[-73.744070976,41.387175056,0.0],[-73.744085603,41.387154958,0.0],[-73.744087529,41.387137105,0.0],[-73.744088033,41.387110895,0.0],[-73.744085329,41.387087034,0.0],[-73.74407797,41.387058355,0.0],[-73.744076823,41.387035702,0.0],[-73.744077121,41.387020215,0.0],[-73.744072856,41.386995145,0.0],[-73.744073453,41.386964169,0.0],[-73.744067607,41.386939082,0.0],[-73.744052292,41.386912699,0.0],[-73.744024323,41.386886178,0.0],[-73.743996146,41.386870381,0.0],[-73.743966412,41.386853373,0.0],[-73.743943164,41.386828096,0.0],[-73.743931105,41.386796983,0.0],[-73.743925281,41.386770705,0.0],[-73.743920994,41.386746825,0.0],[-73.743918243,41.386725346,0.0],[-73.743907606,41.38670259,0.0],[-73.743889058,41.386679747,0.0],[-73.743865766,41.386656851,0.0],[-73.743850382,41.386634044,0.0],[-73.743828672,41.386611166,0.0],[-73.743816452,41.386588393,0.0],[-73.743807373,41.386566844,0.0],[-73.743798295,41.386545297,0.0],[-73.743782819,41.386527253,0.0],[-73.743756135,41.386516238,0.0],[-73.743731007,41.386506431,0.0],[-73.743701157,41.386495381,0.0],[-73.743674425,41.386486747,0.0],[-73.743652371,41.38648174,0.0],[-73.743624057,41.38647309,0.0],[-73.743600581,41.386459725,0.0],[-73.743588223,41.3864441,0.0],[-73.743577632,41.386418961,0.0],[-73.743568646,41.386392647,0.0],[-73.743567592,41.38636523,0.0],[-73.743566606,41.386334237,0.0],[-73.743567248,41.386300878,0.0],[-73.7435711,41.386265173,0.0],[-73.743576488,41.386231867,0.0],[-73.743581738,41.38620571,0.0],[-73.743588571,41.386179568,0.0],[-73.743588938,41.386160508,0.0],[-73.743584604,41.386139011,0.0],[-73.743580156,41.386123471,0.0],[-73.743572615,41.386104324,0.0],[-73.743565141,41.386081601,0.0],[-73.743557621,41.386061262,0.0],[-73.743548635,41.386034948,0.0],[-73.743536485,41.3860086,0.0],[-73.743527382,41.385988244,0.0],[-73.743519817,41.385970288,0.0],[-73.743505901,41.385953453,0.0],[-73.743493499,41.385940211,0.0],[-73.743487493,41.385923463,0.0],[-73.743492628,41.385903261,0.0],[-73.74350565,41.385884337,0.0],[-73.743526467,41.385871458,0.0],[-73.743541002,41.385856125,0.0],[-73.74353667,41.38583463,0.0],[-73.743530778,41.385811924,0.0],[-73.743524908,41.385788028,0.0],[-73.743511107,41.385765237,0.0],[-73.743490956,41.385743568,0.0],[-73.743473877,41.385726699,0.0],[-73.743453611,41.385710987,0.0],[-73.743439672,41.385695344,0.0],[-73.743433757,41.385673832,0.0],[-73.743431052,41.385649969,0.0],[-73.743425185,41.385626073,0.0],[-73.743416197,41.38559976,0.0],[-73.743403955,41.385578177,0.0],[-73.74339013,41.385556577,0.0],[-73.743371583,41.385533735,0.0],[-73.743356155,41.385513309,0.0],[-73.743345403,41.38549651,0.0],[-73.743334743,41.385474944,0.0],[-73.743327316,41.385449839,0.0],[-73.743319979,41.385419969,0.0],[-73.743320416,41.385397333,0.0],[-73.743325574,41.385375941,0.0],[-73.743330756,41.385353357,0.0],[-73.743331146,41.385333105,0.0],[-73.743331468,41.385316425,0.0],[-73.743326997,41.385302077,0.0],[-73.743319363,41.385287695,0.0],[-73.743297422,41.38527673,0.0],[-73.743277135,41.385262209,0.0],[-73.743257029,41.385238158,0.0],[-73.743246276,41.385221358,0.0],[-73.743240316,41.385202227,0.0],[-73.743229588,41.385184237,0.0],[-73.74322851,41.385158009,0.0],[-73.743233715,41.385134234,0.0],[-73.743240593,41.385105711,0.0],[-73.743245843,41.385079553,0.0],[-73.743249535,41.385052187,0.0],[-73.743253203,41.385026011,0.0],[-73.743264918,41.384992774,0.0],[-73.743279844,41.384957189,0.0],[-73.743283627,41.384925058,0.0],[-73.743286495,41.384776139,0.0],[-73.743292043,41.384734493,0.0],[-73.743300549,41.384703605,0.0],[-73.743307473,41.384672698,0.0],[-73.743319119,41.384643036,0.0],[-73.743332301,41.384615772,0.0],[-73.743346905,41.384596866,0.0],[-73.743359973,41.384575561,0.0],[-73.743371436,41.384555428,0.0],[-73.743379758,41.384534071,0.0],[-73.743399176,41.384511642,0.0],[-73.74341543,41.38448918,0.0],[-73.743431707,41.384465525,0.0],[-73.743446403,41.384441853,0.0],[-73.743456307,41.384420513,0.0],[-73.743464744,41.384393198,0.0],[-73.743469835,41.384375381,0.0],[-73.743471714,41.38435991,0.0],[-73.743486249,41.384344577,0.0],[-73.743507272,41.384320975,0.0],[-73.743520155,41.384309199,0.0],[-73.743544113,41.384297545,0.0],[-73.743565067,41.384277517,0.0],[-73.74359237,41.384256367,0.0],[-73.743616626,41.384229225,0.0],[-73.743639276,41.384203257,0.0],[-73.743657067,41.384183194,0.0],[-73.743678043,41.384161973,0.0],[-73.743699112,41.384135989,0.0],[-73.74372644,41.384113646,0.0],[-73.743744069,41.384101923,0.0],[-73.743774536,41.384080808,0.0],[-73.743790676,41.384064301,0.0],[-73.743808398,41.384047812,0.0],[-73.743830887,41.384030184,0.0],[-73.743848586,41.384014886,0.0],[-73.74386954,41.383994858,0.0],[-73.743899961,41.383976124,0.0],[-73.74393036,41.383958582,0.0],[-73.743951313,41.383938552,0.0],[-73.743969173,41.383914916,0.0],[-73.743990172,41.383892506,0.0],[-73.744011217,41.383867711,0.0],[-73.744029076,41.383844074,0.0],[-73.744046912,41.383821627,0.0],[-73.744064771,41.383797991,0.0],[-73.744084212,41.383774372,0.0],[-73.744106747,41.38375436,0.0],[-73.744135586,41.383735609,0.0],[-73.744158006,41.383721555,0.0],[-73.744180473,41.383705117,0.0],[-73.744196704,41.383683846,0.0],[-73.744217841,41.383654287,0.0],[-73.744234278,41.383622293,0.0],[-73.744249066,41.383593856,0.0],[-73.744263806,41.383567801,0.0],[-73.744277011,41.383539347,0.0],[-73.744293195,41.383520459,0.0],[-73.74430945,41.383497995,0.0],[-73.744322494,41.383477881,0.0],[-73.744332557,41.3834482,0.0],[-73.744347322,41.383420955,0.0],[-73.74436518,41.383397317,0.0],[-73.744386156,41.383376097,0.0],[-73.744394363,41.383360696,0.0],[-73.744405803,41.383341756,0.0],[-73.74441903,41.38331211,0.0],[-73.744433771,41.383286056,0.0],[-73.74444379,41.383258758,0.0],[-73.74445409,41.383218867,0.0],[-73.744455755,41.383212416,0.0],[-73.744462519,41.383189849,0.0],[-73.744470841,41.383168491,0.0],[-73.744487163,41.383142455,0.0],[-73.74450172,41.383125931,0.0],[-73.744517927,41.38310585,0.0],[-73.744535786,41.383082213,0.0],[-73.744560087,41.383052689,0.0],[-73.7445859,41.383026755,0.0],[-73.744606785,41.3830103,0.0],[-73.744632506,41.382989132,0.0],[-73.744655155,41.382963164,0.0],[-73.744672922,41.382944292,0.0],[-73.744693921,41.382921881,0.0],[-73.744721247,41.382899538,0.0],[-73.744745387,41.382878353,0.0],[-73.744761594,41.382858272,0.0],[-73.744774662,41.382836967,0.0],[-73.744786329,41.382806112,0.0],[-73.744799419,41.382783614,0.0],[-73.744809323,41.382762274,0.0],[-73.744827158,41.382739827,0.0],[-73.744849739,41.382717434,0.0],[-73.744862691,41.382702085,0.0],[-73.744878852,41.382684387,0.0],[-73.74489655,41.382669089,0.0],[-73.744919107,41.382647887,0.0],[-73.744932083,41.382631345,0.0],[-73.744946618,41.382616013,0.0],[-73.744962733,41.382600698,0.0],[-73.744986965,41.382574747,0.0],[-73.745003218,41.382552284,0.0],[-73.745019494,41.38252863,0.0],[-73.745037466,41.382499036,0.0],[-73.745069836,41.382461257,0.0],[-73.7451053,41.382427088,0.0],[-73.745156329,41.382406195,0.0],[-73.745202545,41.382388825,0.0],[-73.745236381,41.38235702,0.0],[-73.74526075,41.382323922,0.0],[-73.745275537,41.382295485,0.0],[-73.745287158,41.382267013,0.0],[-73.745309578,41.382252959,0.0],[-73.745351072,41.382234345,0.0],[-73.7453988,41.382220566,0.0],[-73.745455837,41.382216422,0.0],[-73.745503176,41.382222896,0.0],[-73.745569063,41.382252213,0.0],[-73.745617686,41.382274191,0.0],[-73.745671557,41.382270013,0.0],[-73.745727174,41.382257512,0.0],[-73.745797162,41.382238017,0.0],[-73.745862427,41.38221728,0.0],[-73.74591332,41.382203535,0.0],[-73.74597689,41.382188737,0.0],[-73.746018405,41.382168933,0.0],[-73.746066545,41.382133709,0.0],[-73.746088965,41.382119655,0.0],[-73.746108845,41.382106149,0.0],[-73.746111407,41.382104408,0.0],[-73.746127569,41.38208671,0.0],[-73.746134308,41.382065335,0.0],[-73.746134903,41.38203436,0.0],[-73.746140244,41.382003436,0.0],[-73.746153447,41.381974982,0.0],[-73.746179261,41.381949048,0.0],[-73.746190698,41.381930107,0.0],[-73.746197415,41.381909922,0.0],[-73.746199408,41.381888495,0.0],[-73.746201333,41.381870642,0.0],[-73.746200141,41.381850372,0.0],[-73.746211717,41.381824283,0.0],[-73.746237369,41.381806688,0.0],[-73.746256808,41.381783068,0.0],[-73.746292386,41.381742942,0.0],[-73.746332707,41.381702867,0.0],[-73.746380689,41.381675983,0.0],[-73.746431923,41.381644368,0.0],[-73.746469013,41.381607832,0.0],[-73.746496567,41.381573575,0.0],[-73.746524304,41.381529788,0.0],[-73.746550458,41.381485984,0.0],[-73.746570355,41.381438538,0.0],[-73.746583902,41.381392213,0.0],[-73.746582985,41.381357645,0.0],[-73.746575555,41.381332541,0.0],[-73.746566637,41.381302655,0.0],[-73.746567141,41.381276444,0.0],[-73.746564754,41.381235903,0.0],[-73.746558953,41.381208434,0.0],[-73.746570529,41.381182344,0.0],[-73.746580431,41.381161003,0.0],[-73.746607666,41.381143426,0.0],[-73.746622427,41.381116181,0.0],[-73.746622976,41.381087588,0.0],[-73.746625016,41.381063777,0.0],[-73.746627147,41.381035202,0.0],[-73.746630837,41.381007836,0.0],[-73.746637574,41.380986461,0.0],[-73.746648991,41.380968712,0.0],[-73.746665063,41.380944015,0.0],[-73.746671226,41.380870202,0.0],[-73.746685689,41.380870208,0.0],[-73.746712624,41.380868118,0.0],[-73.74673486,41.380863594,0.0],[-73.746749599,41.38083754,0.0],[-73.746754917,41.380807808,0.0],[-73.74676796,41.380787692,0.0],[-73.74678412,41.380769994,0.0],[-73.746800326,41.380749913,0.0],[-73.746814883,41.38073339,0.0],[-73.746829439,41.380716866,0.0],[-73.746848741,41.380700393,0.0],[-73.746866505,41.380681521,0.0],[-73.746889017,41.3806627,0.0],[-73.746895438,41.38064624,0.0],[-73.746918292,41.380609549,0.0],[-73.746934726,41.380577556,0.0],[-73.746939975,41.380551397,0.0],[-73.746959322,41.380532542,0.0],[-73.747000836,41.380512737,0.0],[-73.747049432,41.380453686,0.0],[-73.747102658,41.380400643,0.0],[-73.74716134,41.38031072,0.0],[-73.747101715,41.380285048,0.0],[-73.747119663,41.380256645,0.0],[-73.74716184,41.380202291,0.0],[-73.747205808,41.380219451,0.0],[-73.74723765,41.380209073,0.0],[-73.74726832,41.380177235,0.0],[-73.747288329,41.380123831,0.0],[-73.747294241,41.380063123,0.0],[-73.747306799,41.379985806,0.0],[-73.747325342,41.379926427,0.0],[-73.747327998,41.379870451,0.0],[-73.747300099,41.379840357,0.0],[-73.747294435,41.379805739,0.0],[-73.747298742,41.379746207,0.0],[-73.747291929,41.379688935,0.0],[-73.747293393,41.379612689,0.0],[-73.747273257,41.379425387,0.0],[-73.747234297,41.37914732,0.0],[-73.747234201,41.379069865,0.0],[-73.747241557,41.379016323,0.0],[-73.747254367,41.3789259,0.0],[-73.747298765,41.378838206,0.0],[-73.747224814,41.378817143,0.0],[-73.747228274,41.378801689,0.0],[-73.747284819,41.378658121,0.0],[-73.747374542,41.378681739,0.0],[-73.747410253,41.378634464,0.0],[-73.747436407,41.378590659,0.0],[-73.747470628,41.3785386,0.0],[-73.747490477,41.378493536,0.0],[-73.747491187,41.378456605,0.0],[-73.747489075,41.378401768,0.0],[-73.747496385,41.378350608,0.0],[-73.747510045,41.378298326,0.0],[-73.747517194,41.378255507,0.0],[-73.747519758,41.378204295,0.0],[-73.747522231,41.378157849,0.0],[-73.747521336,41.378122092,0.0],[-73.747519064,41.378075595,0.0],[-73.747519955,41.378029133,0.0],[-73.74752204,41.37800294,0.0],[-73.747523965,41.377985087,0.0],[-73.747532422,41.377956581,0.0],[-73.74754081,41.377931648,0.0],[-73.747546149,41.377900724,0.0],[-73.747581057,41.377812926,0.0],[-73.74759105,41.377786819,0.0],[-73.747599736,41.377746399,0.0],[-73.747620938,41.377713265,0.0],[-73.747664282,41.377680372,0.0],[-73.747612636,41.377651212,0.0],[-73.747700036,41.377548494,0.0],[-73.747754961,41.377571732,0.0],[-73.747766215,41.377562321,0.0],[-73.747798397,41.377534073,0.0],[-73.747871058,41.37745741,0.0],[-73.747880938,41.37743726,0.0],[-73.747897348,41.377406457,0.0],[-73.747913576,41.377385185,0.0],[-73.747923454,41.377365035,0.0],[-73.747949173,41.377343866,0.0],[-73.747984175,41.377333522,0.0],[-73.748031141,41.377276836,0.0],[-73.747987173,41.377259675,0.0],[-73.748043191,41.377143508,0.0],[-73.748088967,41.377148772,0.0],[-73.748108518,41.377119195,0.0],[-73.748133066,41.377076565,0.0],[-73.7481575,41.37703989,0.0],[-73.748192891,41.377009294,0.0],[-73.7482234,41.376985794,0.0],[-73.748258722,41.376958771,0.0],[-73.748289298,41.376931697,0.0],[-73.748316758,41.376902206,0.0],[-73.748317124,41.376883144,0.0],[-73.748320698,41.376861735,0.0],[-73.748335253,41.376845211,0.0],[-73.748362553,41.376824058,0.0],[-73.748397806,41.37680061,0.0],[-73.748439341,41.376779613,0.0],[-73.748480807,41.376762189,0.0],[-73.748517596,41.376741141,0.0],[-73.748560804,41.376715396,0.0],[-73.748583289,41.376697766,0.0],[-73.748615379,41.376674284,0.0],[-73.748641257,41.376644775,0.0],[-73.748695514,41.376620341,0.0],[-73.748750986,41.376614987,0.0],[-73.748796877,41.376614294,0.0],[-73.74882867,41.376606298,0.0],[-73.748874744,41.376596074,0.0],[-73.748906582,41.376585697,0.0],[-73.748957653,41.376562419,0.0],[-73.749002349,41.376541457,0.0],[-73.749045717,41.376507372,0.0],[-73.749087411,41.376478035,0.0],[-73.749108361,41.376458006,0.0],[-73.749143499,41.376440514,0.0],[-73.749183612,41.37641116,0.0],[-73.749222188,41.376379406,0.0],[-73.749249829,41.376340384,0.0],[-73.749282238,41.376300221,0.0],[-73.749322464,41.376264911,0.0],[-73.749362645,41.376231982,0.0],[-73.749405989,41.376199088,0.0],[-73.749438306,41.376163692,0.0],[-73.749477155,41.376117641,0.0],[-73.74950936,41.376088201,0.0],[-73.749535146,41.376063458,0.0],[-73.749567235,41.376039974,0.0],[-73.749599324,41.376016491,0.0],[-73.749637831,41.375988312,0.0],[-73.749669967,41.375962444,0.0],[-73.749702147,41.375934196,0.0],[-73.749723211,41.37590821,0.0],[-73.749749065,41.375879892,0.0],[-73.74978278,41.375854043,0.0],[-73.749808452,41.375835257,0.0],[-73.749829493,41.375810462,0.0],[-73.749858464,41.375784562,0.0],[-73.749890554,41.375761077,0.0],[-73.749908499,41.375732674,0.0],[-73.749936002,41.375700799,0.0],[-73.749977422,41.375685759,0.0],[-73.75000917,41.375680146,0.0],[-73.75003798,41.375662585,0.0],[-73.750070162,41.375634336,0.0],[-73.750199528,41.375570202,0.0],[-73.750232811,41.37556699,0.0],[-73.750269303,41.375561428,0.0],[-73.750315398,41.375550013,0.0],[-73.750348796,41.375540843,0.0],[-73.750462119,41.375488451,0.0],[-73.750483045,41.375469613,0.0],[-73.750524646,41.375445041,0.0],[-73.750556324,41.375443001,0.0],[-73.750586376,41.375443327,0.0],[-73.750610031,41.37544716,0.0],[-73.750648013,41.375446381,0.0],[-73.750679851,41.375436002,0.0],[-73.750738692,41.375419959,0.0],[-73.750770483,41.375411963,0.0],[-73.750880743,41.375436991,0.0],[-73.75097028,41.375470137,0.0],[-73.75097961,41.375478578,0.0],[-73.751047393,41.375491231,0.0],[-73.751062128,41.375465175,0.0],[-73.751121935,41.375481316,0.0],[-73.751092257,41.375544148,0.0],[-73.751144201,41.37555782,0.0],[-73.751194494,41.375575048,0.0],[-73.751238483,41.375591017,0.0],[-73.751276283,41.375599768,0.0],[-73.751314129,41.375606137,0.0],[-73.751344203,41.375605271,0.0],[-73.751382117,41.375608066,0.0],[-73.751391288,41.375624848,0.0],[-73.751410062,41.375635776,0.0],[-73.751451367,41.375626692,0.0],[-73.751532464,41.375604932,0.0],[-73.751642464,41.375560844,0.0],[-73.751598008,41.375486482,0.0],[-73.751612562,41.375469958,0.0],[-73.751591033,41.37543755,0.0],[-73.751632316,41.375429658,0.0],[-73.751652421,41.375453708,0.0],[-73.751681051,41.375445677,0.0],[-73.751639508,41.375384455,0.0],[-73.751711661,41.375333998,0.0],[-73.751752328,41.375358271,0.0],[-73.751807038,41.375310009,0.0],[-73.751798072,41.375282506,0.0],[-73.751803227,41.375261113,0.0],[-73.751811591,41.375237371,0.0],[-73.751827976,41.375207759,0.0],[-73.751844499,41.375170998,0.0],[-73.751860657,41.375153299,0.0],[-73.751888022,41.375128573,0.0],[-73.751878943,41.375107025,0.0],[-73.751853932,41.375091263,0.0],[-73.751816247,41.375076555,0.0],[-73.751807054,41.375060964,0.0],[-73.751788302,41.375048845,0.0],[-73.751790248,41.3750298,0.0],[-73.751803008,41.375020462,0.0],[-73.751814314,41.375012187,0.0],[-73.751833429,41.375005245,0.0],[-73.751858714,41.375006712,0.0],[-73.751883746,41.375021282,0.0],[-73.751891472,41.375030898,0.0],[-73.751898108,41.375034337,0.0],[-73.751905571,41.375038201,0.0],[-73.751926131,41.375038424,0.0],[-73.751967778,41.375011469,0.0],[-73.751995394,41.374973637,0.0],[-73.751991331,41.374937845,0.0],[-73.751988762,41.374906836,0.0],[-73.751992448,41.374879469,0.0],[-73.752011905,41.374854656,0.0],[-73.75204248,41.374827581,0.0],[-73.752076377,41.3747922,0.0],[-73.752129346,41.37475226,0.0],[-73.75218401,41.374706381,0.0],[-73.752212888,41.374685245,0.0],[-73.75234636,41.374654519,0.0],[-73.75238929,41.374643069,0.0],[-73.752438502,41.374634069,0.0],[-73.752487692,41.374626262,0.0],[-73.752524229,41.374618317,0.0],[-73.752545085,41.374603051,0.0],[-73.75255824,41.374576978,0.0],[-73.752575911,41.374562871,0.0],[-73.752612332,41.374560884,0.0],[-73.753021539,41.374587959,0.0],[-73.753013313,41.374604552,0.0],[-73.753011458,41.374618832,0.0],[-73.753019001,41.37463798,0.0],[-73.753083825,41.374639873,0.0],[-73.75313941,41.374628559,0.0],[-73.753168585,41.374591936,0.0],[-73.753212038,41.374553084,0.0],[-73.753530818,41.374427844,0.0],[-73.753535336,41.374439809,0.0],[-73.753607099,41.374409606,0.0],[-73.753604233,41.374394084,0.0],[-73.753685441,41.374366365,0.0],[-73.753702452,41.374386806,0.0],[-73.753728543,41.374428794,0.0],[-73.753738078,41.374426514,0.0],[-73.753786118,41.374396053,0.0],[-73.753810206,41.374377248,0.0],[-73.753816874,41.374359446,0.0],[-73.753817261,41.374339193,0.0],[-73.753807952,41.37432956,0.0],[-73.753778129,41.374317321,0.0],[-73.753761073,41.374299262,0.0],[-73.753759992,41.374273035,0.0],[-73.753765282,41.374244494,0.0],[-73.753761266,41.374206319,0.0],[-73.753761812,41.374177726,0.0],[-73.753751285,41.374149014,0.0],[-73.75375199,41.374112082,0.0],[-73.753754254,41.374076358,0.0],[-73.753739256,41.374033298,0.0],[-73.753719378,41.373997335,0.0],[-73.753689647,41.373980331,0.0],[-73.753631628,41.373953486,0.0],[-73.753595933,41.373917351,0.0],[-73.753541122,41.37388816,0.0],[-73.753487803,41.373863749,0.0],[-73.753441061,41.373826303,0.0],[-73.753394522,41.373778135,0.0],[-73.753371595,41.373736181,0.0],[-73.753339041,41.373701271,0.0],[-73.75328934,41.373653069,0.0],[-73.753247775,41.373593039,0.0],[-73.753204581,41.373535373,0.0],[-73.75317535,41.373492159,0.0],[-73.753138325,41.373442902,0.0],[-73.753113725,41.373405695,0.0],[-73.753078303,41.373355265,0.0],[-73.753041415,41.373298859,0.0],[-73.753015302,41.373258062,0.0],[-73.752988802,41.373237517,0.0],[-73.752960926,41.373206234,0.0],[-73.752928463,41.373166559,0.0],[-73.752880504,41.373110034,0.0],[-73.752862048,41.373082426,0.0],[-73.752840725,41.373039298,0.0],[-73.752813167,41.372991335,0.0],[-73.752787145,41.372945772,0.0],[-73.752759519,41.372901383,0.0],[-73.75274145,41.372853523,0.0],[-73.752715611,41.37279843,0.0],[-73.752688235,41.372740936,0.0],[-73.752663498,41.372710877,0.0],[-73.752637272,41.372676036,0.0],[-73.752621888,41.37265323,0.0],[-73.752595525,41.372625537,0.0],[-73.75255321,41.37260482,0.0],[-73.752495147,41.37258036,0.0],[-73.752457599,41.372558502,0.0],[-73.752445221,41.372544069,0.0],[-73.752436254,41.372516565,0.0],[-73.752428961,41.372484313,0.0],[-73.752418596,41.372447261,0.0],[-73.752411462,41.372406669,0.0],[-73.752408982,41.372370894,0.0],[-73.752406798,41.372319632,0.0],[-73.752406127,41.37227196,0.0],[-73.752414945,41.372224392,0.0],[-73.752408267,41.372159972,0.0],[-73.752402828,41.372113441,0.0],[-73.75238781,41.372071572,0.0],[-73.752367977,41.372033226,0.0],[-73.752335563,41.371991167,0.0],[-73.752299711,41.371963372,0.0],[-73.752247973,41.37193898,0.0],[-73.752188285,41.371916883,0.0],[-73.752117502,41.371895859,0.0],[-73.752076541,41.371887072,0.0],[-73.752056208,41.371874936,0.0],[-73.752018524,41.371860228,0.0],[-73.75196961,41.371853739,0.0],[-73.751908067,41.371845922,0.0],[-73.751866901,41.371847859,0.0],[-73.751838432,41.37184755,0.0],[-73.751798894,41.371847121,0.0],[-73.751746863,41.371838215,0.0],[-73.751708928,41.371836612,0.0],[-73.751643925,41.371844248,0.0],[-73.751575508,41.371864955,0.0],[-73.751521485,41.371877476,0.0],[-73.751456346,41.37189226,0.0],[-73.751386461,41.371906993,0.0],[-73.751337137,41.371921948,0.0],[-73.751278254,41.371940375,0.0],[-73.751236542,41.371970905,0.0],[-73.7512031,41.371982458,0.0],[-73.751160217,41.371991524,0.0],[-73.751114192,41.371999366,0.0],[-73.751068349,41.371997677,0.0],[-73.751019299,41.371998337,0.0],[-73.75096862,41.372001362,0.0],[-73.750893946,41.372018424,0.0],[-73.750838227,41.372036885,0.0],[-73.750801441,41.372057935,0.0],[-73.750742764,41.372065639,0.0],[-73.750707833,41.37207241,0.0],[-73.750655322,41.372088522,0.0],[-73.750599648,41.372104599,0.0],[-73.750559745,41.372123232,0.0],[-73.750505767,41.37213337,0.0],[-73.750451744,41.372145891,0.0],[-73.750399461,41.37215009,0.0],[-73.750352265,41.372136469,0.0],[-73.75032737,41.37211475,0.0],[-73.750308939,41.372085951,0.0],[-73.750295526,41.372042908,0.0],[-73.750280553,41.371998656,0.0],[-73.750272874,41.371986657,0.0],[-73.750250573,41.371994757,0.0],[-73.750220204,41.372011108,0.0],[-73.75018186,41.372030949,0.0],[-73.750143673,41.37204245,0.0],[-73.75010402,41.372047977,0.0],[-73.750065282,41.3720495,0.0],[-73.750056528,41.372049845,0.0],[-73.750023271,41.372051867,0.0],[-73.749958199,41.372063076,0.0],[-73.749942201,41.372072435,0.0],[-73.749911991,41.372080448,0.0],[-73.749862849,41.372085872,0.0],[-73.749796218,41.372095872,0.0],[-73.749707218,41.372117546,0.0],[-73.749640542,41.37212993,0.0],[-73.749564307,41.372145784,0.0],[-73.749505607,41.372154677,0.0],[-73.749430818,41.372177697,0.0],[-73.749368567,41.372206811,0.0],[-73.749312779,41.372228845,0.0],[-73.749239662,41.372247116,0.0],[-73.749182382,41.372264367,0.0],[-73.749121211,41.372319708,0.0],[-73.749066525,41.372366777,0.0],[-73.748989697,41.372413606,0.0],[-73.748939961,41.372450005,0.0],[-73.748895052,41.372467741,0.0],[-73.748884172,41.372472039,0.0],[-73.748817427,41.372487995,0.0],[-73.748747541,41.372502726,0.0],[-73.748690491,41.372508064,0.0],[-73.748608112,41.372514317,0.0],[-73.748552735,41.372514907,0.0],[-73.748483352,41.372503427,0.0],[-73.748423526,41.372488477,0.0],[-73.748370095,41.372470022,0.0],[-73.748332663,41.372442209,0.0],[-73.74830612,41.372424045,0.0],[-73.7482556,41.37241873,0.0],[-73.748184499,41.372414382,0.0],[-73.74811821,41.372406511,0.0],[-73.748045755,41.372390232,0.0],[-73.748012726,41.372380339,0.0],[-73.747973461,41.372365613,0.0],[-73.747932683,41.372347295,0.0],[-73.747900042,41.372317149,0.0],[-73.747884819,41.372286002,0.0],[-73.747858573,41.372252351,0.0],[-73.74782616,41.372210293,0.0],[-73.747794067,41.372151555,0.0],[-73.747768323,41.372091694,0.0],[-73.747720757,41.372014914,0.0],[-73.747691645,41.371965742,0.0],[-73.747673329,41.371930986,0.0],[-73.747651667,41.371905726,0.0],[-73.747636102,41.371892449,0.0],[-73.747612563,41.37188266,0.0],[-73.747592437,41.371859801,0.0],[-73.747602222,41.371844417,0.0],[-73.747597822,41.371826494,0.0],[-73.747576137,41.371802426,0.0],[-73.747553076,41.371767619,0.0],[-73.747514794,41.371701664,0.0],[-73.747484767,41.371700145,0.0],[-73.747439081,41.371607895,0.0],[-73.747452191,41.371584205,0.0],[-73.747442331,41.371520943,0.0],[-73.747463189,41.37150568,0.0],[-73.747381355,41.371401119,0.0],[-73.747350822,41.37134359,0.0],[-73.74732469,41.371303982,0.0],[-73.747279099,41.371289186,0.0],[-73.747214554,41.371272993,0.0],[-73.747118424,41.371254071,0.0],[-73.74701716,41.371255352,0.0],[-73.746930129,41.371256788,0.0],[-73.74688415,41.371262245,0.0],[-73.746860817,41.371241734,0.0],[-73.746745368,41.371322697,0.0],[-73.746687655,41.371362584,0.0],[-73.746683898,41.371393524,0.0],[-73.746523686,41.371499022,0.0],[-73.746469226,41.371534177,0.0],[-73.746425931,41.371564688,0.0],[-73.746384011,41.371605937,0.0],[-73.746359532,41.371644993,0.0],[-73.746104315,41.371837635,0.0],[-73.74611628,41.371873514,0.0],[-73.746002985,41.37192471,0.0],[-73.745972912,41.371925573,0.0],[-73.745928286,41.371942962,0.0],[-73.745867775,41.37196375,0.0],[-73.745780446,41.371980672,0.0],[-73.745548349,41.372040106,0.0],[-73.74558161,41.372120307,0.0],[-73.745411468,41.372166115,0.0],[-73.74535428,41.372178599,0.0],[-73.745339863,41.372187975,0.0],[-73.745277929,41.372200407,0.0],[-73.745219527,41.372193812,0.0],[-73.745152047,41.372165669,0.0],[-73.745106342,41.37215683,0.0],[-73.745039574,41.372173976,0.0],[-73.744925151,41.372201326,0.0],[-73.744804358,41.37223099,0.0],[-73.744718358,41.372261033,0.0],[-73.744583056,41.372304838,0.0],[-73.744428569,41.372359159,0.0],[-73.744380823,41.372374128,0.0],[-73.744317125,41.372396073,0.0],[-73.744255216,41.372407313,0.0],[-73.744193329,41.372417363,0.0],[-73.744145585,41.372432332,0.0],[-73.744108842,41.372450996,0.0],[-73.744081656,41.372466191,0.0],[-73.744076499,41.372487584,0.0],[-73.744060179,41.372513621,0.0],[-73.744037648,41.372533633,0.0],[-73.74398681,41.372544993,0.0],[-73.743947316,41.372542178,0.0],[-73.743887194,41.372542714,0.0],[-73.743805846,41.372577573,0.0],[-73.743748292,41.372609119,0.0],[-73.743689292,41.372633498,0.0],[-73.743632057,41.372648364,0.0],[-73.743578857,41.372700214,0.0],[-73.743546721,41.372726078,0.0],[-73.743016711,41.372894263,0.0],[-73.742990835,41.37284155,0.0],[-73.742923926,41.372865843,0.0],[-73.742946664,41.372917331,0.0],[-73.742488418,41.373055315,0.0],[-73.742462885,41.372984732,0.0],[-73.742405855,41.372988874,0.0],[-73.742352082,41.372988287,0.0],[-73.742298218,41.372992465,0.0],[-73.742239516,41.373001357,0.0],[-73.7421443,41.373016997,0.0],[-73.74208562,41.373024697,0.0],[-73.74204606,41.373025457,0.0],[-73.741952493,41.373037541,0.0],[-73.74189072,41.373041633,0.0],[-73.7418369,41.373043426,0.0],[-73.741803665,41.373044255,0.0],[-73.741689906,41.373037052,0.0],[-73.741617315,41.373027917,0.0],[-73.741573306,41.373013137,0.0],[-73.741478778,41.372993038,0.0],[-73.741412468,41.372986355,0.0],[-73.741306893,41.372964942,0.0],[-73.741231276,41.372948623,0.0],[-73.741174639,41.372932513,0.0],[-73.741114676,41.372924708,0.0],[-73.741065924,41.372909875,0.0],[-73.741015635,41.372892642,0.0],[-73.740970046,41.372877844,0.0],[-73.740922851,41.37286422,0.0],[-73.740880401,41.372850648,0.0],[-73.740861652,41.372838527,0.0],[-73.740828623,41.372828633,0.0],[-73.740789337,41.372815095,0.0],[-73.740768961,41.37280534,0.0],[-73.740729697,41.372790611,0.0],[-73.740696714,41.372778333,0.0],[-73.74063547,41.372755022,0.0],[-73.740574111,41.372737668,0.0],[-73.740514355,41.37271914,0.0],[-73.740442041,41.372695709,0.0],[-73.740388473,41.372684398,0.0],[-73.740372703,41.372681842,0.0],[-73.740307989,41.372838424,0.0],[-73.740232326,41.372824489,0.0],[-73.740294108,41.372655958,0.0],[-73.740226354,41.372642108,0.0],[-73.740139828,41.372617328,0.0],[-73.740053487,41.372583018,0.0],[-73.739990706,41.372557308,0.0],[-73.739885454,41.372519215,0.0],[-73.739831935,41.372505521,0.0],[-73.739783296,41.372484732,0.0],[-73.739684073,41.372462195,0.0],[-73.739652718,41.372447552,0.0],[-73.739585056,41.372428937,0.0],[-73.73943536,41.372398699,0.0],[-73.73933579,41.372394033,0.0],[-73.739152538,41.372381301,0.0],[-73.738952186,41.37235289,0.0],[-73.738873661,41.372323432,0.0],[-73.738825485,41.372278814,0.0],[-73.738786498,41.372249788,0.0],[-73.738753791,41.372223215,0.0],[-73.738760301,41.372213752,0.0],[-73.738703688,41.372196449,0.0],[-73.738650491,41.372166076,0.0],[-73.738576778,41.372133095,0.0],[-73.73851239,41.372190778,0.0],[-73.738416397,41.372164701,0.0],[-73.73844455,41.372099472,0.0],[-73.738433618,41.372092202,0.0],[-73.738364214,41.372081909,0.0],[-73.738285413,41.372066745,0.0],[-73.738238104,41.372059076,0.0],[-73.738168631,41.372052358,0.0],[-73.738059689,41.37204163,0.0],[-73.738020888,41.372003072,0.0],[-73.738005141,41.371999325,0.0],[-73.737941764,41.372004588,0.0],[-73.737868898,41.372009746,0.0],[-73.737797774,41.372006584,0.0],[-73.737710674,41.372011586,0.0],[-73.73764097,41.37201678,0.0],[-73.737565056,41.372015946,0.0],[-73.737496658,41.372035452,0.0],[-73.737429703,41.372062125,0.0],[-73.737369098,41.372087675,0.0],[-73.737264139,41.372116314,0.0],[-73.737224163,41.372138515,0.0],[-73.737169676,41.372174858,0.0],[-73.737139276,41.372204162,0.0],[-73.737115323,41.372215815,0.0],[-73.737088114,41.372232198,0.0],[-73.737062417,41.372252174,0.0],[-73.737030418,41.372270888,0.0]],[[-73.745892881,41.377574091,0.0],[-73.745864963,41.377627409,0.0],[-73.745833949,41.377677118,0.0],[-73.745814305,41.37771146,0.0],[-73.745788471,41.377738585,0.0],[-73.745761101,41.377763311,0.0],[-73.745739944,41.377794062,0.0],[-73.745720438,41.377821257,0.0],[-73.745702536,41.377847276,0.0],[-73.745684633,41.377873296,0.0],[-73.745663247,41.377915961,0.0],[-73.745642227,41.377939564,0.0],[-73.745618044,41.377963132,0.0],[-73.7456017,41.377990361,0.0],[-73.745583615,41.378025912,0.0],[-73.745559202,41.378061393,0.0],[-73.745539696,41.378088587,0.0],[-73.745523283,41.37811939,0.0],[-73.745508385,41.378153785,0.0],[-73.745493325,41.378196518,0.0],[-73.745481635,41.378228564,0.0],[-73.745468272,41.378265358,0.0],[-73.745451653,41.378306883,0.0],[-73.745441476,41.378342519,0.0],[-73.745429831,41.378372183,0.0],[-73.745426096,41.378401932,0.0],[-73.745441295,41.378434271,0.0],[-73.745439415,41.378449741,0.0],[-73.745413947,41.378457805,0.0],[-73.745387104,41.37845513,0.0],[-73.745377843,41.378443112,0.0],[-73.745360833,41.378422669,0.0],[-73.745316476,41.37842576,0.0],[-73.745260956,41.378433496,0.0],[-73.745200761,41.378437607,0.0],[-73.745156336,41.378444271,0.0],[-73.745111658,41.378464041,0.0],[-73.745076312,41.378492255,0.0],[-73.745025101,41.378522677,0.0],[-73.744972401,41.378548318,0.0],[-73.744905533,41.378570228,0.0],[-73.744830873,41.378586096,0.0],[-73.744767398,41.37859613,0.0],[-73.744714904,41.378611046,0.0],[-73.744684462,41.378630972,0.0],[-73.744665022,41.378654592,0.0],[-73.744648632,41.378684202,0.0],[-73.744610191,41.378708808,0.0],[-73.744570327,41.378725056,0.0],[-73.744524367,41.378729319,0.0],[-73.744464239,41.378729855,0.0],[-73.744397669,41.378736278,0.0],[-73.744348451,41.378745274,0.0],[-73.744299167,41.378757844,0.0],[-73.744238672,41.378777441,0.0],[-73.744184527,41.378795916,0.0],[-73.744123849,41.378825044,0.0],[-73.744090221,41.378846125,0.0],[-73.744054849,41.378875528,0.0],[-73.744021175,41.378898993,0.0],[-73.74396233,41.378915034,0.0],[-73.743914764,41.378920472,0.0],[-73.743848424,41.378914982,0.0],[-73.743793179,41.378908421,0.0],[-73.743747286,41.378909112,0.0],[-73.743699856,41.378907401,0.0],[-73.743650778,41.378909249,0.0],[-73.743600071,41.378913462,0.0],[-73.743551016,41.378914117,0.0],[-73.743479793,41.378915723,0.0],[-73.743436833,41.378928361,0.0],[-73.743401624,41.378949426,0.0],[-73.74336176,41.378965672,0.0],[-73.743313941,41.378984216,0.0],[-73.743269263,41.379003986,0.0],[-73.743226166,41.379023771,0.0],[-73.743189144,41.379056732,0.0],[-73.743147515,41.379082492,0.0],[-73.743096578,41.379098618,0.0],[-73.743041013,41.379108737,0.0],[-73.742979233,41.379112827,0.0],[-73.742931781,41.379112309,0.0],[-73.742895654,41.379098807,0.0],[-73.742853223,41.379084044,0.0],[-73.742804489,41.37906802,0.0],[-73.742741655,41.379044694,0.0],[-73.742696129,41.379026322,0.0],[-73.742655258,41.379012768,0.0],[-73.742620551,41.379007622,0.0],[-73.742593571,41.379012094,0.0],[-73.742555472,41.379018826,0.0],[-73.742503137,41.379025405,0.0],[-73.74244773,41.379027183,0.0],[-73.742413117,41.379017271,0.0],[-73.742385104,41.378993133,0.0],[-73.742369793,41.37896675,0.0],[-73.742340383,41.378933064,0.0],[-73.742313929,41.378910134,0.0],[-73.742277918,41.378890675,0.0],[-73.742248277,41.378868902,0.0],[-73.742216943,41.378853069,0.0],[-73.74218712,41.378840826,0.0],[-73.742135175,41.378827151,0.0],[-73.742070762,41.378803807,0.0],[-73.742053844,41.378778598,0.0],[-73.74202455,41.378738956,0.0],[-73.742004401,41.378717286,0.0],[-73.741979621,41.378689608,0.0],[-73.741958005,41.378661965,0.0],[-73.74192878,41.378618748,0.0],[-73.741907141,41.378592296,0.0],[-73.741890087,41.378574236,0.0],[-73.741868356,41.378552548,0.0],[-73.741845204,41.378522506,0.0],[-73.741828564,41.378483,0.0],[-73.741824506,41.378447208,0.0],[-73.741820819,41.378392355,0.0],[-73.741805944,41.378343336,0.0],[-73.741773921,41.378281023,0.0],[-73.741760697,41.378228447,0.0],[-73.741750475,41.378184246,0.0],[-73.741718223,41.378133847,0.0],[-73.741671875,41.378076142,0.0],[-73.741626924,41.378027987,0.0],[-73.741617893,41.378004056,0.0],[-73.741604141,41.377978882,0.0],[-73.741581012,41.377947647,0.0],[-73.741567397,41.377915325,0.0],[-73.741558757,41.377871141,0.0],[-73.741564282,41.377830688,0.0],[-73.741577764,41.377787938,0.0],[-73.741596265,41.377730943,0.0],[-73.741619373,41.377681148,0.0],[-73.741645437,41.377642111,0.0],[-73.741672877,41.377613812,0.0],[-73.741689222,41.377586585,0.0],[-73.741710289,41.377560598,0.0],[-73.741737798,41.377528727,0.0],[-73.741767301,41.377475427,0.0],[-73.741783899,41.377435094,0.0],[-73.741800451,41.377397144,0.0],[-73.741825003,41.377354514,0.0],[-73.741843274,41.377309434,0.0],[-73.741866175,41.377270361,0.0],[-73.741893913,41.377226575,0.0],[-73.741919863,41.377193494,0.0],[-73.741953537,41.377170031,0.0],[-73.741979303,41.377146481,0.0],[-73.742001905,41.377122895,0.0],[-73.742034227,41.3770875,0.0],[-73.742063272,41.377058028,0.0],[-73.742092339,41.377027364,0.0],[-73.74211815,41.377001432,0.0],[-73.742145429,41.376981472,0.0],[-73.742171102,41.376962687,0.0],[-73.742190496,41.37694145,0.0],[-73.742206887,41.37691184,0.0],[-73.742231254,41.376878741,0.0],[-73.742258625,41.376854017,0.0],[-73.742286065,41.376825718,0.0],[-73.742307291,41.376791393,0.0],[-73.742339475,41.376763147,0.0],[-73.74237182,41.37672656,0.0],[-73.74238468,41.376715976,0.0],[-73.742404303,41.376682826,0.0],[-73.742412876,41.376648364,0.0],[-73.742418195,41.376618632,0.0],[-73.742434494,41.376593786,0.0],[-73.742447583,41.376571289,0.0],[-73.742448295,41.376534357,0.0],[-73.742464686,41.376504745,0.0],[-73.74250001,41.376477724,0.0],[-73.742527265,41.376458958,0.0],[-73.742551723,41.376421093,0.0],[-73.74257616,41.376384421,0.0],[-73.742611506,41.376356209,0.0],[-73.742656115,41.376340014,0.0],[-73.742703817,41.376327427,0.0],[-73.742756424,41.376306553,0.0],[-73.742796448,41.376281967,0.0],[-73.742826913,41.37626085,0.0],[-73.742862237,41.37623383,0.0],[-73.742895887,41.376211558,0.0],[-73.74292972,41.376179753,0.0],[-73.742952505,41.376146638,0.0],[-73.74297834,41.376119513,0.0],[-73.743010661,41.376084118,0.0],[-73.743055567,41.376052436,0.0],[-73.743084588,41.376024153,0.0],[-73.743132518,41.375999653,0.0],[-73.743169308,41.375978608,0.0],[-73.74321873,41.37595889,0.0],[-73.743260243,41.375939086,0.0],[-73.743301687,41.375922856,0.0],[-73.743349548,41.37590193,0.0],[-73.74340376,41.375879881,0.0],[-73.743451485,41.375866103,0.0],[-73.743494532,41.3758487,0.0],[-73.743528297,41.37582047,0.0],[-73.743565225,41.375792275,0.0],[-73.743611713,41.375760609,0.0],[-73.743640595,41.375739475,0.0],[-73.743678898,41.375722019,0.0],[-73.743726714,41.375703476,0.0],[-73.74376183,41.375687177,0.0],[-73.743814415,41.375667494,0.0],[-73.74387642,41.375651488,0.0],[-73.743924304,41.375629371,0.0],[-73.743967444,41.375607201,0.0],[-73.744020302,41.375573222,0.0],[-73.744044417,41.375553227,0.0],[-73.744079694,41.375528589,0.0],[-73.744105481,41.375503846,0.0],[-73.744126685,41.375470714,0.0],[-73.744135303,41.375433868,0.0],[-73.74414548,41.375398232,0.0],[-73.744169732,41.375371088,0.0],[-73.744200264,41.375346398,0.0],[-73.744222956,41.375318047,0.0],[-73.74426142,41.375292252,0.0],[-73.74428072,41.375275781,0.0],[-73.744308067,41.375252247,0.0],[-73.744332273,41.375227487,0.0],[-73.744346897,41.37520739,0.0],[-73.744364798,41.375181369,0.0],[-73.74437807,41.375149341,0.0],[-73.744394437,41.375120921,0.0],[-73.744415319,41.375104467,0.0],[-73.744455157,41.375089411,0.0],[-73.744484085,41.375065894,0.0],[-73.744511522,41.375037595,0.0],[-73.744539096,41.375002148,0.0],[-73.744558556,41.374977336,0.0],[-73.744581226,41.374950176,0.0],[-73.744607014,41.374925435,0.0],[-73.744635988,41.374899536,0.0],[-73.744655219,41.374886638,0.0],[-73.744679126,41.374877366,0.0],[-73.744700007,41.374860911,0.0],[-73.744719353,41.374842057,0.0],[-73.744745003,41.374824463,0.0],[-73.744775352,41.374809302,0.0],[-73.74481982,41.374800256,0.0],[-73.744865733,41.374798373,0.0],[-73.744908369,41.374802413,0.0],[-73.744944402,41.37482068,0.0],[-73.744975668,41.374840087,0.0],[-73.745002235,41.374857059,0.0],[-73.745036435,41.374888414,0.0],[-73.745051839,41.37491003,0.0],[-73.7450782,41.374937724,0.0],[-73.745107952,41.37495354,0.0],[-73.745164548,41.374972031,0.0],[-73.745211996,41.374972548,0.0],[-73.745240961,41.374971188,0.0],[-73.745273748,41.374969647,0.0],[-73.745315168,41.374954609,0.0],[-73.745361379,41.374937238,0.0],[-73.745380221,41.374925424,0.0],[-73.745395005,41.374916156,0.0],[-73.745414396,41.374894919,0.0],[-73.745464136,41.374858521,0.0],[-73.745468878,41.374856506,0.0],[-73.745478886,41.374852253,0.0],[-73.745502415,41.374842256,0.0],[-73.745534689,41.374809243,0.0],[-73.74555894,41.3747821,0.0],[-73.745578561,41.374748949,0.0],[-73.7455919,41.374713346,0.0],[-73.745606798,41.374678952,0.0],[-73.745624562,41.374660081,0.0],[-73.745664582,41.374635493,0.0],[-73.745715218,41.374634853,0.0],[-73.745754758,41.374635285,0.0],[-73.745795835,41.374638115,0.0],[-73.745835215,41.374646887,0.0],[-73.745866732,41.374653188,0.0],[-73.745901596,41.374649993,0.0],[-73.745927063,41.37464193,0.0],[-73.745984298,41.374627062,0.0],[-73.746026933,41.374631101,0.0],[-73.746064526,41.374650577,0.0],[-73.746086142,41.37467822,0.0],[-73.746109455,41.374699922,0.0],[-73.746145512,41.374716997,0.0],[-73.7461848,41.374730534,0.0],[-73.746228811,41.374745312,0.0],[-73.746271308,41.3747565,0.0],[-73.746298288,41.374752027,0.0],[-73.746347683,41.374733499,0.0],[-73.746419086,41.374722362,0.0],[-73.746476046,41.374721791,0.0],[-73.746496676,41.374718441,0.0],[-73.746537729,41.374722463,0.0],[-73.746573649,41.374746687,0.0],[-73.746585798,41.374773034,0.0],[-73.746597926,41.374800573,0.0],[-73.746608402,41.374831669,0.0],[-73.746603154,41.374857826,0.0],[-73.746602582,41.374887611,0.0],[-73.746616154,41.374922315,0.0],[-73.74664231,41.374960731,0.0],[-73.746666975,41.374994365,0.0],[-73.746694987,41.375018501,0.0],[-73.7467169,41.375030657,0.0],[-73.746760843,41.375049009,0.0],[-73.746762981,41.375051223,0.0],[-73.74677338,41.375061988,0.0],[-73.746774803,41.375063461,0.0],[-73.746774273,41.375065883,0.0],[-73.746769601,41.375087237,0.0],[-73.746768346,41.375091836,0.0],[-73.746762794,41.375112186,0.0],[-73.746752847,41.375135909,0.0],[-73.74675067,41.375166867,0.0],[-73.746751703,41.375195476,0.0],[-73.746747923,41.375227609,0.0],[-73.74673644,41.375248933,0.0],[-73.746734286,41.375278699,0.0],[-73.746733531,41.375318014,0.0],[-73.746739149,41.375355015,0.0],[-73.746754394,41.37538497,0.0],[-73.74678376,41.375421039,0.0],[-73.74679435,41.375446177,0.0],[-73.746803358,41.3754713,0.0],[-73.746807692,41.375492795,0.0],[-73.746813562,41.375516692,0.0],[-73.746835133,41.375546717,0.0],[-73.746859936,41.375573202,0.0],[-73.746886206,41.375605662,0.0],[-73.746887033,41.375644993,0.0],[-73.746883252,41.375677125,0.0],[-73.746874521,41.375719928,0.0],[-73.746867531,41.375754409,0.0],[-73.74685912,41.375780533,0.0],[-73.746833197,41.375812423,0.0],[-73.746809037,41.3758348,0.0],[-73.746769244,41.375847474,0.0],[-73.74673257,41.375862566,0.0],[-73.746713064,41.37588976,0.0],[-73.746694979,41.375925312,0.0],[-73.746683083,41.37596808,0.0],[-73.746687166,41.376002681,0.0],[-73.746681757,41.376037178,0.0],[-73.746659202,41.376058382,0.0],[-73.746622573,41.37607109,0.0],[-73.746581106,41.376088513,0.0],[-73.746572788,41.37610987,0.0],[-73.746567539,41.376136028,0.0],[-73.746548056,41.376162032,0.0],[-73.74651906,41.376189123,0.0],[-73.746497812,41.376224639,0.0],[-73.746476381,41.376269687,0.0],[-73.746455042,41.376309969,0.0],[-73.746443307,41.376344397,0.0],[-73.746439412,41.376382487,0.0],[-73.746430772,41.376420523,0.0],[-73.746420687,41.376451395,0.0],[-73.746394991,41.376471372,0.0],[-73.74636776,41.376488949,0.0],[-73.74634344,41.376519666,0.0],[-73.746311098,41.376556253,0.0],[-73.746281964,41.376590492,0.0],[-73.746257483,41.376629549,0.0],[-73.746221932,41.376668484,0.0],[-73.746190919,41.376718194,0.0],[-73.746175883,41.376759736,0.0],[-73.746171301,41.376833565,0.0],[-73.746176644,41.376884862,0.0],[-73.746193196,41.376929132,0.0],[-73.746224236,41.376960451,0.0],[-73.746260407,41.376971571,0.0],[-73.746318654,41.376986505,0.0],[-73.746359572,41.376997674,0.0],[-73.746403881,41.376996966,0.0],[-73.746437395,41.37698184,0.0],[-73.746468018,41.376952384,0.0],[-73.746503043,41.376940849,0.0],[-73.746529726,41.376951864,0.0],[-73.746559251,41.376979593,0.0],[-73.746567964,41.377020202,0.0],[-73.746570555,41.377050021,0.0],[-73.746574889,41.377071517,0.0],[-73.746593091,41.37711223,0.0],[-73.74659543,41.377155152,0.0],[-73.746594698,41.377193276,0.0],[-73.746576774,41.377220488,0.0],[-73.746554195,41.377242882,0.0],[-73.74654904,41.377264274,0.0],[-73.746533016,41.377274824,0.0],[-73.746507618,41.377279314,0.0],[-73.746488683,41.377276724,0.0],[-73.746455811,41.377258492,0.0],[-73.74642427,41.377253383,0.0],[-73.746372166,41.377248048,0.0],[-73.746332532,41.377252384,0.0],[-73.746284899,41.377261397,0.0],[-73.746232315,41.377281082,0.0],[-73.746197266,41.377293807,0.0],[-73.746170035,41.377311385,0.0],[-73.746139547,41.377333692,0.0],[-73.746103926,41.377376201,0.0],[-73.74608089,41.377422423,0.0],[-73.746047035,41.377455419,0.0],[-73.746010336,41.377471702,0.0],[-73.745975126,41.377492767,0.0],[-73.74594308,41.377513867,0.0],[-73.745915689,41.377539783,0.0],[-73.745892881,41.377574091,0.0]],[[-73.73874473,41.382845055,0.0],[-73.738773089,41.382851323,0.0],[-73.738780651,41.382869281,0.0],[-73.738778631,41.382891898,0.0],[-73.73877494,41.382919265,0.0],[-73.738760104,41.382950084,0.0],[-73.738743825,41.382973738,0.0],[-73.738727617,41.382993817,0.0],[-73.738725574,41.383017627,0.0],[-73.738726902,41.383030749,0.0],[-73.738726442,41.383054576,0.0],[-73.738703928,41.383073395,0.0],[-73.738678113,41.383099327,0.0],[-73.738650762,41.383122859,0.0],[-73.738618779,41.383140383,0.0],[-73.738590054,41.383153175,0.0],[-73.738559745,41.383165951,0.0],[-73.738541862,41.383190778,0.0],[-73.738523887,41.383220371,0.0],[-73.738507447,41.383252365,0.0],[-73.738492612,41.383283184,0.0],[-73.738477776,41.383314001,0.0],[-73.738485271,41.383335534,0.0],[-73.738494347,41.383357082,0.0],[-73.738508147,41.383379873,0.0],[-73.738520294,41.383406221,0.0],[-73.73852481,41.383418187,0.0],[-73.738514513,41.383459781,0.0],[-73.738499217,41.383514426,0.0],[-73.738484267,41.383551201,0.0],[-73.73846785,41.383582003,0.0],[-73.738452945,41.383616396,0.0],[-73.738441389,41.383641293,0.0],[-73.738426301,41.383685217,0.0],[-73.73841926,41.38372208,0.0],[-73.73840903,41.383760098,0.0],[-73.738394103,41.383795684,0.0],[-73.738366592,41.383827555,0.0],[-73.73834238,41.383852313,0.0],[-73.738311795,41.383879384,0.0],[-73.738268831,41.38389202,0.0],[-73.738205514,41.38389371,0.0],[-73.738135889,41.383894138,0.0],[-73.738081969,41.383900695,0.0],[-73.738023072,41.383919115,0.0],[-73.737973666,41.383937639,0.0],[-73.737914816,41.383953676,0.0],[-73.737856057,41.383964947,0.0],[-73.737805278,41.383972732,0.0],[-73.737746819,41.383968516,0.0],[-73.737683868,41.383951142,0.0],[-73.73762408,41.383933805,0.0],[-73.73758151,41.383926187,0.0],[-73.737518306,41.383921919,0.0],[-73.737464546,41.383920138,0.0],[-73.737420195,41.383906387,0.0],[-73.737404782,41.383901608,0.0],[-73.737365537,41.383885686,0.0],[-73.737299283,41.383875426,0.0],[-73.737242292,41.383877184,0.0],[-73.737193139,41.383882602,0.0],[-73.737128123,41.38389023,0.0],[-73.737089882,41.383904109,0.0],[-73.737059366,41.383927607,0.0],[-73.737040713,41.383942053,0.0],[-73.73703206,41.383948756,0.0],[-73.737020802,41.383958165,0.0],[-73.736977747,41.383975567,0.0],[-73.736950511,41.383993141,0.0],[-73.73691855,41.384009472,0.0],[-73.736875588,41.384022109,0.0],[-73.736826297,41.384034674,0.0],[-73.736792825,41.384047416,0.0],[-73.736748349,41.38405646,0.0],[-73.736710247,41.384063191,0.0],[-73.736667652,41.384056766,0.0],[-73.736614054,41.384046643,0.0],[-73.736566761,41.384037784,0.0],[-73.736525655,41.38403614,0.0],[-73.736479691,41.384040402,0.0],[-73.736444728,41.384048359,0.0],[-73.736406302,41.38407177,0.0],[-73.736376156,41.384076205,0.0],[-73.736347567,41.384081848,0.0],[-73.736320539,41.384088701,0.0],[-73.736285737,41.384088319,0.0],[-73.736239933,41.384084242,0.0],[-73.736203828,41.384069546,0.0],[-73.736182028,41.384051433,0.0],[-73.73615404,41.3840261,0.0],[-73.736141893,41.383999752,0.0],[-73.736131235,41.383978187,0.0],[-73.736120624,41.383954238,0.0],[-73.73611157,41.383931498,0.0],[-73.736065975,41.383916698,0.0],[-73.736031337,41.383907975,0.0],[-73.736004583,41.383900533,0.0],[-73.735989065,41.383884871,0.0],[-73.735988152,41.383850305,0.0],[-73.735987263,41.383814547,0.0],[-73.735979929,41.383784676,0.0],[-73.735964689,41.383754719,0.0],[-73.735938443,41.383721066,0.0],[-73.735909058,41.383686187,0.0],[-73.735885953,41.383653759,0.0],[-73.735858197,41.383616515,0.0],[-73.735833672,41.383575732,0.0],[-73.735823523,41.383527956,0.0],[-73.735825773,41.383493423,0.0],[-73.735826235,41.383469597,0.0],[-73.7358333,41.383431543,0.0],[-73.735840367,41.38339349,0.0],[-73.735850872,41.383341175,0.0],[-73.735865917,41.383299634,0.0],[-73.735880915,41.383260476,0.0],[-73.735902124,41.383227344,0.0],[-73.735913912,41.383190535,0.0],[-73.735936796,41.383152653,0.0],[-73.735950119,41.383118244,0.0],[-73.735958698,41.383083782,0.0],[-73.735972275,41.383036267,0.0],[-73.735977805,41.382995814,0.0],[-73.735978658,41.382951734,0.0],[-73.735992075,41.382912559,0.0],[-73.736003978,41.382869792,0.0],[-73.736036744,41.382811763,0.0],[-73.736054928,41.382771448,0.0],[-73.7360586,41.382745273,0.0],[-73.736074926,41.382719238,0.0],[-73.736089854,41.382683653,0.0],[-73.736105014,41.382636157,0.0],[-73.736128197,41.382582789,0.0],[-73.736154405,41.382536603,0.0],[-73.736180614,41.382490419,0.0],[-73.736200311,41.382453696,0.0],[-73.736226035,41.38243253,0.0],[-73.736251828,41.38240779,0.0],[-73.736273015,41.382375849,0.0],[-73.736291082,41.382341492,0.0],[-73.736316853,41.382317942,0.0],[-73.736342622,41.382294393,0.0],[-73.736371579,41.382269688,0.0],[-73.73639735,41.382246139,0.0],[-73.73642454,41.382230946,0.0],[-73.736442239,41.382215649,0.0],[-73.736458495,41.382193188,0.0],[-73.736476196,41.382177892,0.0],[-73.736505037,41.382159143,0.0],[-73.736529017,41.382146298,0.0],[-73.736551416,41.382133437,0.0],[-73.736566113,41.382109767,0.0],[-73.736572878,41.3820872,0.0],[-73.736574968,41.382061008,0.0],[-73.736577926,41.382055456,0.0],[-73.736583176,41.382045608,0.0],[-73.736602388,41.382033902,0.0],[-73.736631206,41.382016345,0.0],[-73.736660093,41.381995213,0.0],[-73.736682653,41.381974012,0.0],[-73.736708286,41.381957611,0.0],[-73.736737127,41.381938862,0.0],[-73.736761314,41.381915295,0.0],[-73.736791783,41.381894181,0.0],[-73.736818996,41.381877797,0.0],[-73.736855608,41.381866284,0.0],[-73.73688752,41.381852335,0.0],[-73.736930205,41.381853995,0.0],[-73.736972776,41.381861612,0.0],[-73.737018463,41.381871646,0.0],[-73.737053146,41.381877985,0.0],[-73.737106628,41.381894063,0.0],[-73.737166413,41.3819114,0.0],[-73.737213636,41.381923836,0.0],[-73.737265674,41.381932748,0.0],[-73.737322226,41.381953626,0.0],[-73.737386664,41.381975782,0.0],[-73.737504354,41.382058059,0.0],[-73.7375728,41.38211839,0.0],[-73.737669351,41.382198094,0.0],[-73.737775345,41.382280287,0.0],[-73.737823017,41.382324119,0.0],[-73.737827491,41.382333332,0.0],[-73.737852153,41.382366968,0.0],[-73.737891076,41.382399568,0.0],[-73.737942724,41.382428733,0.0],[-73.737975503,41.382451733,0.0],[-73.738009935,41.382471176,0.0],[-73.738045901,41.38249302,0.0],[-73.738111853,41.382518766,0.0],[-73.738152496,41.382544236,0.0],[-73.738178788,41.382575506,0.0],[-73.738201916,41.382606741,0.0],[-73.738223577,41.382632001,0.0],[-73.738240655,41.382648871,0.0],[-73.738259176,41.382672908,0.0],[-73.738262603,41.382676494,0.0],[-73.738294843,41.382710238,0.0],[-73.738319715,41.382733151,0.0],[-73.738352518,41.38275496,0.0],[-73.738379041,41.382774316,0.0],[-73.738418148,41.382797385,0.0],[-73.738474886,41.382808732,0.0],[-73.738519039,41.382816365,0.0],[-73.738577704,41.382841989,0.0],[-73.738615529,41.382849553,0.0],[-73.738653447,41.382852352,0.0],[-73.738700855,41.382855256,0.0],[-73.738719153,41.382844774,0.0],[-73.73874473,41.382845055,0.0]],[[-73.740149616,41.373011857,0.0],[-73.740210892,41.372869535,0.0],[-73.740286417,41.372890619,0.0],[-73.740241715,41.372993799,0.0],[-73.74023165,41.37302348,0.0],[-73.740232888,41.373041366,0.0],[-73.740368867,41.373290709,0.0],[-73.740397767,41.373350606,0.0],[-73.740412548,41.373404389,0.0],[-73.740425837,41.373535611,0.0],[-73.740441096,41.373646597,0.0],[-73.740462107,41.373787437,0.0],[-73.740467537,41.373833968,0.0],[-73.740468682,41.373856621,0.0],[-73.740446835,41.373923112,0.0],[-73.740410683,41.37399302,0.0],[-73.74033045,41.374133943,0.0],[-73.740304615,41.374161067,0.0],[-73.740224294,41.374224534,0.0],[-73.74015869,41.374263139,0.0],[-73.740093177,41.374296977,0.0],[-73.740072902,41.374305731,0.0],[-73.740030874,41.374328469,0.0],[-73.739949637,41.374357369,0.0],[-73.739924322,41.374370309,0.0],[-73.739901706,41.374381868,0.0],[-73.739858613,41.374401653,0.0],[-73.739790257,41.37441878,0.0],[-73.73971716,41.374435852,0.0],[-73.739636221,41.374449265,0.0],[-73.73957784,41.374441475,0.0],[-73.739524411,41.374423016,0.0],[-73.739480608,41.374397513,0.0],[-73.739430733,41.374358836,0.0],[-73.739403116,41.374314443,0.0],[-73.739396219,41.374261937,0.0],[-73.739397323,41.374204752,0.0],[-73.7394087,41.374107166,0.0],[-73.739397719,41.374013982,0.0],[-73.739396467,41.374003363,0.0],[-73.739307966,41.373998818,0.0],[-73.73931955,41.373890509,0.0],[-73.73933104,41.373786965,0.0],[-73.739330378,41.373739293,0.0],[-73.739339575,41.373672665,0.0],[-73.739365917,41.373619332,0.0],[-73.739401815,41.373562527,0.0],[-73.739461506,41.373502411,0.0],[-73.739496922,41.373470625,0.0],[-73.739551271,41.373441431,0.0],[-73.739594433,41.37341807,0.0],[-73.739626802,41.373380294,0.0],[-73.739676474,41.373347473,0.0],[-73.739733894,41.373323078,0.0],[-73.739773265,41.373307662,0.0],[-73.739796058,41.373298736,0.0],[-73.739842592,41.373264689,0.0],[-73.739865911,41.373239875,0.0],[-73.73989912,41.373204536,0.0],[-73.739988998,41.373137599,0.0],[-73.740149616,41.373011857,0.0]]]},"properties":{"OBJECTID":34473,"GPO_NAME":"Lake Mahopac","GNIS_ID":"00956276","AreaSqKm":2.4204536000000001,"Elevation":200.06999999999999,"Permanent_Identifier":"55506359","ReachCode":"02030101001513","FType":390,"FCode":39011,"FCode_Description":"Lake/Pond: Hydrographic Category = Perennial; Stage = Date of Photography","GPO_County":"Putnam","GPO_NAME_SOURCE":"NHD","GPO_HUC":"Lower Hudson"}}]}