{"type":"FeatureCollection","features":[{"type":"Feature","id":92998,"geometry":{"type":"Polygon","coordinates":[[[-76.311162673,42.810541584,0.0],[-76.311136181,42.810531233,0.0],[-76.311136385,42.810526456,0.0],[-76.311027683,42.810486328,0.0],[-76.310936273,42.810452584,0.0],[-76.310896198,42.81044709,0.0],[-76.310877087,42.810460486,0.0],[-76.310782919,42.81043957,0.0],[-76.310795017,42.810404034,0.0],[-76.310805147,42.810378558,0.0],[-76.310694606,42.81034739,0.0],[-76.310618674,42.810338583,0.0],[-76.310560238,42.810328971,0.0],[-76.310478968,42.810329041,0.0],[-76.31029197,42.810381879,0.0],[-76.310181409,42.810411566,0.0],[-76.310116894,42.810397918,0.0],[-76.310141841,42.810374112,0.0],[-76.310221259,42.810341759,0.0],[-76.310243478,42.810311173,0.0],[-76.310246098,42.810265089,0.0],[-76.310260009,42.810222154,0.0],[-76.310375331,42.81004098,0.0],[-76.310441373,42.80992832,0.0],[-76.310491033,42.809835836,0.0],[-76.310533754,42.809703964,0.0],[-76.310513561,42.809606709,0.0],[-76.310509245,42.809521238,0.0],[-76.310419686,42.809448104,0.0],[-76.310432972,42.809414693,0.0],[-76.310427789,42.809324299,0.0],[-76.310297164,42.80924874,0.0],[-76.310266947,42.809259423,0.0],[-76.310222091,42.809275283,0.0],[-76.310104625,42.809174301,0.0],[-76.310193179,42.809085003,0.0],[-76.310162525,42.809017467,0.0],[-76.310125325,42.808979067,0.0],[-76.310110392,42.808940667,0.0],[-76.310087992,42.808924267,0.0],[-76.310065725,42.808880267,0.0],[-76.310035792,42.8088474,0.0],[-76.309856925,42.8086772,0.0],[-76.309625792,42.808435667,0.0],[-76.309499125,42.808325867,0.0],[-76.309417125,42.808260067,0.0],[-76.309305325,42.8081942,0.0],[-76.309156125,42.8081228,0.0],[-76.309021925,42.808046,0.0],[-76.308984725,42.808018467,0.0],[-76.308954792,42.808013,0.0],[-76.308574725,42.807694667,0.0],[-76.307553525,42.806893267,0.0],[-76.307307525,42.806712067,0.0],[-76.307173325,42.806585867,0.0],[-76.307053992,42.806454067,0.0],[-76.306942192,42.8063444,0.0],[-76.306807992,42.8062236,0.0],[-76.306375725,42.805894267,0.0],[-76.306204325,42.805779,0.0],[-76.306077592,42.8056802,0.0],[-76.305786725,42.805477,0.0],[-76.305659992,42.8053892,0.0],[-76.305555792,42.805334267,0.0],[-76.305525925,42.8053288,0.0],[-76.305428992,42.805279467,0.0],[-76.305279925,42.805186067,0.0],[-76.305153192,42.8050928,0.0],[-76.305011592,42.804928067,0.0],[-76.304899792,42.804818267,0.0],[-76.304668725,42.804604267,0.0],[-76.304564392,42.8045054,0.0],[-76.304534592,42.804461467,0.0],[-76.304482392,42.8044176,0.0],[-76.304467525,42.804395667,0.0],[-76.304392925,42.804324267,0.0],[-76.303930792,42.803945467,0.0],[-76.303669925,42.803747867,0.0],[-76.303230192,42.803391067,0.0],[-76.302887325,42.8030782,0.0],[-76.302738325,42.802935467,0.0],[-76.302663725,42.802847667,0.0],[-76.302581725,42.8027708,0.0],[-76.302469992,42.802655467,0.0],[-76.302201592,42.802419467,0.0],[-76.302164392,42.802375467,0.0],[-76.302022792,42.8022602,0.0],[-76.301992992,42.802221867,0.0],[-76.301187992,42.8015906,0.0],[-76.301105925,42.8015082,0.0],[-76.301009125,42.8013984,0.0],[-76.300860125,42.8012502,0.0],[-76.300822725,42.801206267,0.0],[-76.300666325,42.8010526,0.0],[-76.300278725,42.8008,0.0],[-76.300241525,42.8007672,0.0],[-76.300211725,42.800728667,0.0],[-76.300204192,42.8006848,0.0],[-76.300196725,42.800569467,0.0],[-76.300159592,42.800470667,0.0],[-76.300077525,42.800399267,0.0],[-76.300017992,42.800360867,0.0],[-76.299943325,42.800295067,0.0],[-76.299935925,42.800262067,0.0],[-76.299913592,42.800240067,0.0],[-76.299891325,42.8001852,0.0],[-76.299883792,42.8001688,0.0],[-76.299868792,42.8001304,0.0],[-76.299757125,42.800004067,0.0],[-76.299749725,42.7999822,0.0],[-76.299563325,42.799812,0.0],[-76.299429192,42.799680267,0.0],[-76.299414325,42.7996418,0.0],[-76.299391925,42.799625267,0.0],[-76.299376992,42.799586867,0.0],[-76.299354592,42.7995704,0.0],[-76.299339792,42.799521067,0.0],[-76.299317392,42.7995046,0.0],[-76.299302592,42.799466067,0.0],[-76.29926687,42.799430258,0.0],[-76.299152977,42.799490088,0.0],[-76.299018185,42.799381911,0.0],[-76.298966748,42.799289973,0.0],[-76.298965189,42.799240935,0.0],[-76.298962351,42.799151638,0.0],[-76.298843643,42.799130548,0.0],[-76.298819926,42.799200088,0.0],[-76.298616792,42.7991422,0.0],[-76.298527392,42.7991258,0.0],[-76.298504992,42.7991038,0.0],[-76.298454428,42.799099624,0.0],[-76.298404005,42.799119881,0.0],[-76.298249959,42.799063515,0.0],[-76.298149352,42.799062524,0.0],[-76.298038325,42.799063308,0.0],[-76.297879439,42.799014283,0.0],[-76.297681465,42.798987121,0.0],[-76.297554468,42.798923253,0.0],[-76.297454743,42.798896759,0.0],[-76.297383622,42.798971883,0.0],[-76.297297798,42.798932881,0.0],[-76.29723195,42.798885411,0.0],[-76.297293378,42.798812906,0.0],[-76.297185792,42.7988182,0.0],[-76.297036725,42.798845667,0.0],[-76.296865192,42.798873,0.0],[-76.296813125,42.798878467,0.0],[-76.296671525,42.798867467,0.0],[-76.296567125,42.7988456,0.0],[-76.296492592,42.798779667,0.0],[-76.296485192,42.7987522,0.0],[-76.296485192,42.7986754,0.0],[-76.296559792,42.798368,0.0],[-76.296567325,42.798214267,0.0],[-76.296544925,42.7980002,0.0],[-76.296582192,42.7978192,0.0],[-76.296604592,42.797802667,0.0],[-76.296604725,42.7977642,0.0],[-76.296656925,42.7977094,0.0],[-76.296656792,42.797681867,0.0],[-76.296686592,42.797659867,0.0],[-76.296731392,42.797605,0.0],[-76.296850725,42.797506267,0.0],[-76.296887925,42.7974678,0.0],[-76.296895525,42.797435,0.0],[-76.296917792,42.7973636,0.0],[-76.296902925,42.7973416,0.0],[-76.296887992,42.797286667,0.0],[-76.296865592,42.7972538,0.0],[-76.296850725,42.7972264,0.0],[-76.296813525,42.7971714,0.0],[-76.296805992,42.797144,0.0],[-76.296776192,42.797111,0.0],[-76.296768792,42.797061667,0.0],[-76.296738992,42.7970452,0.0],[-76.296724125,42.7969684,0.0],[-76.296686792,42.7968586,0.0],[-76.296649592,42.7967652,0.0],[-76.296634725,42.796743267,0.0],[-76.296612325,42.7966884,0.0],[-76.296552792,42.7965896,0.0],[-76.296478192,42.7965018,0.0],[-76.296440992,42.7964468,0.0],[-76.296381392,42.7963864,0.0],[-76.296284392,42.796265667,0.0],[-76.296180192,42.7961614,0.0],[-76.295837392,42.795821,0.0],[-76.295643592,42.795639867,0.0],[-76.295375525,42.7953654,0.0],[-76.295278592,42.7952336,0.0],[-76.295151792,42.795090867,0.0],[-76.295047592,42.7949482,0.0],[-76.294935792,42.7948384,0.0],[-76.294764392,42.794690067,0.0],[-76.294600525,42.794542,0.0],[-76.294354525,42.794251,0.0],[-76.294347125,42.794229,0.0],[-76.294101325,42.793927067,0.0],[-76.294078992,42.7938942,0.0],[-76.294064125,42.7938722,0.0],[-76.293914992,42.793691067,0.0],[-76.293907592,42.793658067,0.0],[-76.293721325,42.793433,0.0],[-76.293624392,42.793328667,0.0],[-76.293512725,42.7932244,0.0],[-76.293453125,42.793153067,0.0],[-76.293415925,42.793120067,0.0],[-76.293393525,42.7930926,0.0],[-76.293356192,42.7930542,0.0],[-76.293341325,42.7930322,0.0],[-76.293266792,42.792960867,0.0],[-76.293087992,42.7927304,0.0],[-76.293028392,42.792664467,0.0],[-76.293013525,42.792648,0.0],[-76.292953925,42.792593067,0.0],[-76.292931525,42.792549067,0.0],[-76.292857125,42.792455867,0.0],[-76.292789992,42.79239,0.0],[-76.292730325,42.7923186,0.0],[-76.292685592,42.7922746,0.0],[-76.292596325,42.792186867,0.0],[-76.292462192,42.7920606,0.0],[-76.292424925,42.7920112,0.0],[-76.292387592,42.791983667,0.0],[-76.292350392,42.7919398,0.0],[-76.292305725,42.7918958,0.0],[-76.292268392,42.7918574,0.0],[-76.291776592,42.7914622,0.0],[-76.291553192,42.79127,0.0],[-76.291359525,42.7910888,0.0],[-76.291120992,42.790885667,0.0],[-76.290986925,42.7907594,0.0],[-76.290964525,42.790715467,0.0],[-76.290852792,42.7905728,0.0],[-76.290793325,42.7905014,0.0],[-76.290718725,42.79043,0.0],[-76.290539925,42.7902982,0.0],[-76.290167392,42.790023667,0.0],[-76.289995992,42.789875467,0.0],[-76.289943792,42.7898206,0.0],[-76.289630925,42.789496667,0.0],[-76.289317992,42.789244067,0.0],[-76.289236125,42.789183667,0.0],[-76.288952925,42.788936667,0.0],[-76.288937992,42.7889148,0.0],[-76.288856125,42.7888214,0.0],[-76.288692325,42.788673067,0.0],[-76.288304792,42.788338267,0.0],[-76.288267592,42.7882944,0.0],[-76.288058992,42.788085667,0.0],[-76.288029192,42.788036267,0.0],[-76.287895125,42.787866067,0.0],[-76.287887725,42.7878442,0.0],[-76.287850525,42.7878112,0.0],[-76.287813125,42.787745267,0.0],[-76.287753592,42.7876794,0.0],[-76.287731325,42.787635467,0.0],[-76.287604592,42.7875038,0.0],[-76.287433325,42.787339067,0.0],[-76.287410925,42.7873226,0.0],[-76.287351325,42.787245667,0.0],[-76.287299192,42.7872128,0.0],[-76.287276792,42.787146867,0.0],[-76.287179992,42.7870426,0.0],[-76.287142725,42.786998667,0.0],[-76.287068192,42.786927267,0.0],[-76.287045925,42.786877867,0.0],[-76.286941592,42.786757067,0.0],[-76.286934192,42.786729667,0.0],[-76.286874592,42.786669267,0.0],[-76.286844792,42.7866144,0.0],[-76.286822525,42.786586867,0.0],[-76.286822392,42.786559467,0.0],[-76.286800125,42.7865376,0.0],[-76.286777792,42.7864936,0.0],[-76.286747992,42.7864552,0.0],[-76.286725725,42.786427667,0.0],[-76.286703325,42.7863838,0.0],[-76.286680925,42.7863454,0.0],[-76.286569325,42.786197067,0.0],[-76.286554325,42.786169667,0.0],[-76.286494792,42.786092867,0.0],[-76.286479925,42.786070867,0.0],[-76.286442725,42.786032467,0.0],[-76.286382992,42.785961067,0.0],[-76.286271325,42.7858404,0.0],[-76.286226725,42.785774467,0.0],[-76.286166992,42.785714,0.0],[-76.286152125,42.785692067,0.0],[-76.286092525,42.7856372,0.0],[-76.286070192,42.785593267,0.0],[-76.286003192,42.7855274,0.0],[-76.285995792,42.785510867,0.0],[-76.285861592,42.7853682,0.0],[-76.285809525,42.785307667,0.0],[-76.285749925,42.785241867,0.0],[-76.285735125,42.785225467,0.0],[-76.285675392,42.7851596,0.0],[-76.285585992,42.7850552,0.0],[-76.285519125,42.7849674,0.0],[-76.285504125,42.78494,0.0],[-76.285407325,42.784819067,0.0],[-76.285355125,42.7847478,0.0],[-76.285317925,42.784703867,0.0],[-76.285288192,42.784632467,0.0],[-76.285250925,42.7845886,0.0],[-76.285221125,42.7845612,0.0],[-76.285183925,42.7845446,0.0],[-76.285116792,42.784489667,0.0],[-76.285079525,42.7844404,0.0],[-76.284870992,42.7842482,0.0],[-76.284833792,42.7842208,0.0],[-76.284714592,42.7841164,0.0],[-76.284386725,42.7838584,0.0],[-76.284155925,42.783649667,0.0],[-76.284118725,42.783611267,0.0],[-76.283924925,42.783419067,0.0],[-76.283895192,42.7833916,0.0],[-76.283865392,42.7833368,0.0],[-76.283701525,42.783150067,0.0],[-76.283627125,42.783078667,0.0],[-76.283522792,42.782936,0.0],[-76.283507925,42.782908467,0.0],[-76.283448325,42.782848067,0.0],[-76.283418392,42.7828098,0.0],[-76.283373792,42.782749267,0.0],[-76.283358925,42.7827274,0.0],[-76.283299392,42.782650467,0.0],[-76.283150392,42.782441867,0.0],[-76.283142925,42.7824144,0.0],[-76.283083392,42.782343067,0.0],[-76.283008992,42.782238667,0.0],[-76.282934392,42.782145467,0.0],[-76.282897192,42.782112467,0.0],[-76.282889792,42.7820796,0.0],[-76.282837592,42.7820082,0.0],[-76.282800325,42.7819752,0.0],[-76.282777992,42.781942267,0.0],[-76.282763125,42.781914867,0.0],[-76.282651525,42.7817996,0.0],[-76.282643925,42.781761067,0.0],[-76.282532192,42.781662267,0.0],[-76.282308792,42.781420667,0.0],[-76.282211992,42.7813164,0.0],[-76.282174792,42.781288867,0.0],[-76.282167392,42.781261467,0.0],[-76.281958792,42.781030867,0.0],[-76.281929125,42.780987,0.0],[-76.281809925,42.7808388,0.0],[-76.281757725,42.7808004,0.0],[-76.281698192,42.780739867,0.0],[-76.281638525,42.7806356,0.0],[-76.281578992,42.780564267,0.0],[-76.281556725,42.780520267,0.0],[-76.281504525,42.780470867,0.0],[-76.281482192,42.780427,0.0],[-76.281415125,42.780372067,0.0],[-76.281333325,42.7802678,0.0],[-76.281273592,42.7801854,0.0],[-76.281236392,42.780152467,0.0],[-76.281199192,42.780114,0.0],[-76.281146992,42.7800098,0.0],[-76.281117325,42.7799768,0.0],[-76.281102392,42.779949267,0.0],[-76.281102392,42.779921867,0.0],[-76.281080125,42.779899867,0.0],[-76.281065125,42.779867,0.0],[-76.281042792,42.779845067,0.0],[-76.281027925,42.779801067,0.0],[-76.281005592,42.779784667,0.0],[-76.281005592,42.7797572,0.0],[-76.280953525,42.7797078,0.0],[-76.280931125,42.7796694,0.0],[-76.280908792,42.779641867,0.0],[-76.280819525,42.7795046,0.0],[-76.280782125,42.779471667,0.0],[-76.280752392,42.779405867,0.0],[-76.280737592,42.7793674,0.0],[-76.280715192,42.779350867,0.0],[-76.280655725,42.7792192,0.0],[-76.280625925,42.779191667,0.0],[-76.280588592,42.7791094,0.0],[-76.280543992,42.779021467,0.0],[-76.280521592,42.778966667,0.0],[-76.280469525,42.778829467,0.0],[-76.280447192,42.778807467,0.0],[-76.280432392,42.778747,0.0],[-76.280410125,42.7787196,0.0],[-76.280372792,42.778626267,0.0],[-76.280298392,42.778532867,0.0],[-76.280290925,42.7785056,0.0],[-76.280268525,42.778489067,0.0],[-76.280194125,42.778329867,0.0],[-76.280141992,42.778275,0.0],[-76.280134592,42.778242,0.0],[-76.280082525,42.7781816,0.0],[-76.280060125,42.7781212,0.0],[-76.280037792,42.7780938,0.0],[-76.280022925,42.778044267,0.0],[-76.280000592,42.778027867,0.0],[-76.279978192,42.777951067,0.0],[-76.279903792,42.777769867,0.0],[-76.279851592,42.777682067,0.0],[-76.279844325,42.777627067,0.0],[-76.279814525,42.7776052,0.0],[-76.279806992,42.777550267,0.0],[-76.279784725,42.7775338,0.0],[-76.279769792,42.7774954,0.0],[-76.279747525,42.777478867,0.0],[-76.279725192,42.777402067,0.0],[-76.279687992,42.777292267,0.0],[-76.279673125,42.7772758,0.0],[-76.279621125,42.7770508,0.0],[-76.279606192,42.7770178,0.0],[-76.279576392,42.7769464,0.0],[-76.279553992,42.7769244,0.0],[-76.279546725,42.776875067,0.0],[-76.279509392,42.7767982,0.0],[-76.279501992,42.776765267,0.0],[-76.279472192,42.776672,0.0],[-76.279435125,42.776507267,0.0],[-76.279412725,42.776485267,0.0],[-76.279412725,42.776430467,0.0],[-76.279390392,42.776359,0.0],[-76.279360725,42.7761724,0.0],[-76.279345792,42.7761504,0.0],[-76.279323592,42.775980267,0.0],[-76.279293792,42.775881467,0.0],[-76.279293925,42.775843,0.0],[-76.279271392,42.775810067,0.0],[-76.279241925,42.775596067,0.0],[-76.279212192,42.775376467,0.0],[-76.279182392,42.775206267,0.0],[-76.279152592,42.775085467,0.0],[-76.279145192,42.7749758,0.0],[-76.279122925,42.7749318,0.0],[-76.279130525,42.774673867,0.0],[-76.279108325,42.774481667,0.0],[-76.279078525,42.774366467,0.0],[-76.279048725,42.774300467,0.0],[-76.279041325,42.7742622,0.0],[-76.279017209,42.774205536,0.0],[-76.279086831,42.774005772,0.0],[-76.279019638,42.773985329,0.0],[-76.278995186,42.77386345,0.0],[-76.278899925,42.773866867,0.0],[-76.278877592,42.773845,0.0],[-76.278862792,42.7737626,0.0],[-76.278840392,42.7737242,0.0],[-76.278810725,42.773565,0.0],[-76.278780992,42.7734168,0.0],[-76.278728992,42.7731588,0.0],[-76.278699392,42.772813,0.0],[-76.278796592,42.772017067,0.0],[-76.278796792,42.7719238,0.0],[-76.278841725,42.7715286,0.0],[-76.278886392,42.771336467,0.0],[-76.278916392,42.771056467,0.0],[-76.278909125,42.770847867,0.0],[-76.278894192,42.770732667,0.0],[-76.278879392,42.770573467,0.0],[-76.278879392,42.7704966,0.0],[-76.278857192,42.7703978,0.0],[-76.278857125,42.7703594,0.0],[-76.278760592,42.769750067,0.0],[-76.278768125,42.7696404,0.0],[-76.278738325,42.769536067,0.0],[-76.278738392,42.7694976,0.0],[-76.278716125,42.769453667,0.0],[-76.278708725,42.769437267,0.0],[-76.278693792,42.7693658,0.0],[-76.278671392,42.769343867,0.0],[-76.278656525,42.769289,0.0],[-76.278634192,42.7692616,0.0],[-76.278619392,42.769201067,0.0],[-76.278596992,42.7691792,0.0],[-76.278589592,42.7690914,0.0],[-76.278574725,42.7690694,0.0],[-76.278552392,42.769052867,0.0],[-76.278544992,42.76902,0.0],[-76.278515192,42.768932067,0.0],[-76.278455725,42.7686852,0.0],[-76.278433525,42.768630267,0.0],[-76.278403725,42.768509467,0.0],[-76.278388925,42.768399667,0.0],[-76.278381392,42.768388667,0.0],[-76.278359192,42.768262467,0.0],[-76.27819902,42.768146797,0.0],[-76.278181427,42.767981015,0.0],[-76.278175823,42.767861724,0.0],[-76.278196682,42.767827753,0.0],[-76.278217435,42.767771345,0.0],[-76.278228761,42.767771964,0.0],[-76.278217925,42.767735467,0.0],[-76.278217925,42.7676916,0.0],[-76.278195525,42.767669667,0.0],[-76.278180725,42.767576267,0.0],[-76.278113792,42.7673842,0.0],[-76.278106392,42.767345667,0.0],[-76.278076592,42.767246867,0.0],[-76.278076592,42.767235867,0.0],[-76.278054325,42.767213867,0.0],[-76.278046792,42.767159067,0.0],[-76.278016992,42.767137067,0.0],[-76.278009592,42.7670932,0.0],[-76.277992358,42.766925192,0.0],[-76.278031138,42.766661449,0.0],[-76.278041315,42.766501084,0.0],[-76.277950493,42.766280393,0.0],[-76.277925944,42.766280222,0.0],[-76.277839024,42.766138547,0.0],[-76.277758176,42.76600091,0.0],[-76.27765286,42.765915966,0.0],[-76.277592297,42.765837172,0.0],[-76.277468788,42.765565542,0.0],[-76.277391554,42.76540918,0.0],[-76.277265458,42.765266926,0.0],[-76.277095393,42.76507058,0.0],[-76.277021407,42.765033185,0.0],[-76.276998585,42.765042862,0.0],[-76.276981338,42.76505811,0.0],[-76.276943154,42.765054464,0.0],[-76.276909838,42.765013048,0.0],[-76.276849093,42.765003099,0.0],[-76.276812142,42.764942048,0.0],[-76.276835667,42.764900351,0.0],[-76.276825983,42.764770891,0.0],[-76.276700309,42.764718384,0.0],[-76.276664009,42.764686168,0.0],[-76.276560475,42.764694363,0.0],[-76.276557984,42.764781671,0.0],[-76.276350241,42.764788796,0.0],[-76.276305902,42.76461202,0.0],[-76.276304992,42.7646116,0.0],[-76.276118792,42.764496267,0.0],[-76.275954992,42.7644524,0.0],[-76.275850592,42.764435867,0.0],[-76.275619792,42.764419267,0.0],[-76.275426125,42.764397267,0.0],[-76.274919525,42.764391667,0.0],[-76.274584192,42.764408,0.0],[-76.274494925,42.7644134,0.0],[-76.274070192,42.7644572,0.0],[-76.27397556,42.764477517,0.0],[-76.273711797,42.7644502,0.0],[-76.273576414,42.764442804,0.0],[-76.273475968,42.764464234,0.0],[-76.273444795,42.764522414,0.0],[-76.273365886,42.764583641,0.0],[-76.273312838,42.764565138,0.0],[-76.273218069,42.764614576,0.0],[-76.273103387,42.764611626,0.0],[-76.273038224,42.76455462,0.0],[-76.272974112,42.764433693,0.0],[-76.272968884,42.76432086,0.0],[-76.272957397,42.764272834,0.0],[-76.272909295,42.764269425,0.0],[-76.272848131,42.764313872,0.0],[-76.272809216,42.764297311,0.0],[-76.27278762,42.76426709,0.0],[-76.272793572,42.764186249,0.0],[-76.272822231,42.764166164,0.0],[-76.272880072,42.764094033,0.0],[-76.272918913,42.764057728,0.0],[-76.272939041,42.764010844,0.0],[-76.272978115,42.763988988,0.0],[-76.273021802,42.763968173,0.0],[-76.273042525,42.763913467,0.0],[-76.273042975,42.763905524,0.0],[-76.273000289,42.763875115,0.0],[-76.273025156,42.763798451,0.0],[-76.272983941,42.763720713,0.0],[-76.272985723,42.763669704,0.0],[-76.272974472,42.763636125,0.0],[-76.272951181,42.763616908,0.0],[-76.272923836,42.763557092,0.0],[-76.272916169,42.763535216,0.0],[-76.272903163,42.763522217,0.0],[-76.272836274,42.763455364,0.0],[-76.272751069,42.76335396,0.0],[-76.272750759,42.763286648,0.0],[-76.272721791,42.763239422,0.0],[-76.272689708,42.763209386,0.0],[-76.272652416,42.763180236,0.0],[-76.272617087,42.763175378,0.0],[-76.272567051,42.763117248,0.0],[-76.272581081,42.763096754,0.0],[-76.272630543,42.763103553,0.0],[-76.272691642,42.763107441,0.0],[-76.272701362,42.763074848,0.0],[-76.272681449,42.763022461,0.0],[-76.272578529,42.76290741,0.0],[-76.272367113,42.762671737,0.0],[-76.272235477,42.762637625,0.0],[-76.272181454,42.762641294,0.0],[-76.272209775,42.762678938,0.0],[-76.272205534,42.762707185,0.0],[-76.272178734,42.762729127,0.0],[-76.272137342,42.762718654,0.0],[-76.272116079,42.762778173,0.0],[-76.27214408,42.762798039,0.0],[-76.272160641,42.76285317,0.0],[-76.272268723,42.762884043,0.0],[-76.272329773,42.762961307,0.0],[-76.272377933,42.762975927,0.0],[-76.272412736,42.762940677,0.0],[-76.272505588,42.762950238,0.0],[-76.272556251,42.762998844,0.0],[-76.272578416,42.763029119,0.0],[-76.272551982,42.763057518,0.0],[-76.272526908,42.763089308,0.0],[-76.272499192,42.763117267,0.0],[-76.272445382,42.763166191,0.0],[-76.272472435,42.763272415,0.0],[-76.272582658,42.763402885,0.0],[-76.272708401,42.76350826,0.0],[-76.272760895,42.76358915,0.0],[-76.272797558,42.763627824,0.0],[-76.27280929,42.763646547,0.0],[-76.272819125,42.763748667,0.0],[-76.272796725,42.763809,0.0],[-76.272781792,42.763918867,0.0],[-76.272679294,42.764015182,0.0],[-76.272603265,42.764044772,0.0],[-76.272490123,42.764120514,0.0],[-76.272430302,42.764125951,0.0],[-76.272392821,42.764094326,0.0],[-76.272395787,42.763971408,0.0],[-76.272290893,42.763976209,0.0],[-76.272192409,42.764021932,0.0],[-76.272157152,42.76406994,0.0],[-76.27197699,42.764086818,0.0],[-76.271830169,42.764114685,0.0],[-76.27167974,42.764135322,0.0],[-76.271631895,42.764141886,0.0],[-76.271503842,42.764119478,0.0],[-76.271338749,42.764196086,0.0],[-76.271184363,42.764224514,0.0],[-76.271063085,42.764249486,0.0],[-76.270686051,42.764380243,0.0],[-76.270562754,42.764441774,0.0],[-76.27046709,42.764516715,0.0],[-76.270337487,42.764559761,0.0],[-76.270204591,42.764544694,0.0],[-76.270098862,42.764514143,0.0],[-76.270068344,42.764532371,0.0],[-76.270169406,42.764645567,0.0],[-76.27027869,42.764718249,0.0],[-76.27035851,42.764745239,0.0],[-76.27052586,42.764904385,0.0],[-76.270610464,42.764984886,0.0],[-76.270654763,42.765075863,0.0],[-76.270585506,42.765152832,0.0],[-76.270436326,42.765180373,0.0],[-76.270370507,42.765163317,0.0],[-76.270332206,42.765023513,0.0],[-76.270139415,42.764889699,0.0],[-76.269969886,42.764805532,0.0],[-76.26978937,42.764671802,0.0],[-76.269629995,42.764601843,0.0],[-76.269475009,42.764609366,0.0],[-76.269397341,42.764537825,0.0],[-76.269385419,42.764430477,0.0],[-76.269321459,42.764415277,0.0],[-76.269122763,42.764239008,0.0],[-76.26899088,42.764076727,0.0],[-76.268994325,42.763724837,0.0],[-76.269175589,42.763469467,0.0],[-76.269074722,42.763287426,0.0],[-76.268926601,42.763251045,0.0],[-76.268796399,42.763273186,0.0],[-76.268877367,42.763516558,0.0],[-76.268792804,42.763777214,0.0],[-76.268693974,42.764043916,0.0],[-76.268752708,42.764204148,0.0],[-76.268903829,42.764345048,0.0],[-76.268910549,42.764439857,0.0],[-76.268922525,42.764466267,0.0],[-76.268981992,42.7645322,0.0],[-76.268996925,42.764559667,0.0],[-76.269019192,42.764587067,0.0],[-76.269034125,42.764620067,0.0],[-76.269056392,42.764642,0.0],[-76.269071392,42.764675,0.0],[-76.269093725,42.764697,0.0],[-76.269108525,42.7647408,0.0],[-76.269130925,42.764757267,0.0],[-76.269145725,42.764806667,0.0],[-76.269167992,42.7648232,0.0],[-76.269175525,42.7648672,0.0],[-76.269205325,42.764889067,0.0],[-76.269205192,42.764916467,0.0],[-76.269212592,42.764944,0.0],[-76.269242392,42.7649714,0.0],[-76.269249925,42.7650264,0.0],[-76.269272192,42.7650428,0.0],[-76.269282595,42.765081366,0.0],[-76.269524261,42.765087023,0.0],[-76.269661121,42.76523397,0.0],[-76.269730466,42.765323586,0.0],[-76.269800792,42.7654602,0.0],[-76.269860392,42.765487667,0.0],[-76.26988339,42.765527196,0.0],[-76.269849361,42.765586585,0.0],[-76.269818682,42.765643229,0.0],[-76.269806874,42.765672038,0.0],[-76.269754865,42.76573376,0.0],[-76.269738976,42.765752396,0.0],[-76.269735699,42.765808003,0.0],[-76.269705517,42.765863116,0.0],[-76.269700901,42.765882105,0.0],[-76.269690827,42.765923561,0.0],[-76.26964369,42.765947512,0.0],[-76.269620006,42.765935252,0.0],[-76.269558265,42.765945378,0.0],[-76.269549736,42.765918579,0.0],[-76.269564396,42.765888562,0.0],[-76.26950216,42.765883209,0.0],[-76.269434877,42.765840324,0.0],[-76.269388458,42.76576347,0.0],[-76.269300312,42.765754555,0.0],[-76.269202716,42.765774773,0.0],[-76.269113312,42.765784905,0.0],[-76.269017004,42.765755649,0.0],[-76.268889649,42.76577658,0.0],[-76.268817098,42.765795436,0.0],[-76.268657236,42.765840727,0.0],[-76.268464397,42.765881486,0.0],[-76.268349491,42.765977804,0.0],[-76.268333175,42.766050839,0.0],[-76.268342273,42.766128969,0.0],[-76.268367708,42.766361502,0.0],[-76.268400125,42.766428424,0.0],[-76.268476363,42.76644371,0.0],[-76.268528872,42.766380457,0.0],[-76.268588682,42.766332621,0.0],[-76.268673933,42.766259453,0.0],[-76.2686725,42.766203198,0.0],[-76.268773202,42.766052072,0.0],[-76.268884406,42.766065759,0.0],[-76.268991335,42.766138119,0.0],[-76.268799196,42.766222218,0.0],[-76.268819675,42.766325938,0.0],[-76.268749846,42.766351574,0.0],[-76.268714951,42.766406038,0.0],[-76.268663306,42.766474216,0.0],[-76.26865757,42.766507062,0.0],[-76.26879717,42.766516644,0.0],[-76.268788419,42.766589117,0.0],[-76.268707939,42.766602077,0.0],[-76.26867477,42.766666389,0.0],[-76.268673782,42.766689148,0.0],[-76.268652725,42.7667002,0.0],[-76.268645192,42.766705667,0.0],[-76.268645325,42.7667222,0.0],[-76.268652592,42.766777067,0.0],[-76.268669902,42.766789844,0.0],[-76.268653919,42.766814078,0.0],[-76.268601967,42.766814944,0.0],[-76.268631431,42.766860638,0.0],[-76.268698481,42.766889075,0.0],[-76.268753719,42.766899726,0.0],[-76.268764325,42.7669582,0.0],[-76.268749325,42.766985667,0.0],[-76.268726992,42.7670186,0.0],[-76.268711006,42.76703185,0.0],[-76.268595685,42.767023897,0.0],[-76.268494939,42.767091732,0.0],[-76.26839731,42.767142375,0.0],[-76.268327976,42.767166478,0.0],[-76.268302401,42.7671998,0.0],[-76.268337704,42.767235085,0.0],[-76.268336516,42.767306996,0.0],[-76.268254876,42.767361441,0.0],[-76.268281255,42.767393897,0.0],[-76.268301429,42.767430305,0.0],[-76.268318719,42.76749835,0.0],[-76.268344234,42.767525883,0.0],[-76.268369089,42.767593366,0.0],[-76.268375334,42.767672705,0.0],[-76.2683625,42.767735008,0.0],[-76.26824831,42.76773052,0.0],[-76.268200541,42.767763994,0.0],[-76.268177159,42.767836058,0.0],[-76.268177362,42.767880933,0.0],[-76.26823028,42.767907427,0.0],[-76.268244514,42.767931808,0.0],[-76.268271024,42.767956273,0.0],[-76.268278791,42.768000586,0.0],[-76.268286822,42.768028918,0.0],[-76.268361833,42.768032823,0.0],[-76.268365519,42.768066965,0.0],[-76.268382505,42.768067698,0.0],[-76.26837753,42.768083032,0.0],[-76.268335862,42.768090116,0.0],[-76.268300001,42.768117219,0.0],[-76.268269146,42.768098563,0.0],[-76.268242709,42.768126961,0.0],[-76.268221113,42.768148017,0.0],[-76.268247988,42.76817894,0.0],[-76.268284184,42.768188721,0.0],[-76.268308338,42.768212863,0.0],[-76.268308175,42.76825128,0.0],[-76.268455009,42.768223417,0.0],[-76.268458826,42.768249568,0.0],[-76.268348088,42.768264775,0.0],[-76.26835287,42.768318288,0.0],[-76.268431861,42.768309927,0.0],[-76.268475469,42.768471283,0.0],[-76.268486558,42.76854328,0.0],[-76.268414867,42.768567059,0.0],[-76.268412349,42.768605152,0.0],[-76.268505971,42.768597201,0.0],[-76.268501199,42.768657409,0.0],[-76.268536097,42.768658259,0.0],[-76.268571997,42.768659134,0.0],[-76.268569347,42.768705217,0.0],[-76.268532904,42.768710701,0.0],[-76.268458111,42.768721958,0.0],[-76.26846532,42.768828659,0.0],[-76.268408595,42.768889732,0.0],[-76.268423195,42.768920568,0.0],[-76.268459639,42.768913652,0.0],[-76.268514229,42.768897846,0.0],[-76.26852624,42.768913913,0.0],[-76.268577827,42.76890659,0.0],[-76.268634864,42.769005108,0.0],[-76.268650364,42.76903188,0.0],[-76.268676533,42.76903317,0.0],[-76.268686692,42.769033671,0.0],[-76.268691348,42.769043254,0.0],[-76.268705871,42.769073146,0.0],[-76.268672631,42.769084593,0.0],[-76.268698188,42.769146504,0.0],[-76.268675634,42.769163116,0.0],[-76.268555494,42.769172597,0.0],[-76.268520526,42.769174197,0.0],[-76.268515623,42.769242394,0.0],[-76.268573619,42.769275993,0.0],[-76.268592332,42.769286574,0.0],[-76.268583376,42.769314172,0.0],[-76.268532021,42.769335943,0.0],[-76.268590881,42.769374466,0.0],[-76.26858946,42.769431929,0.0],[-76.268488901,42.769430919,0.0],[-76.268481937,42.769452385,0.0],[-76.268503502,42.769461755,0.0],[-76.268500122,42.769494926,0.0],[-76.268533099,42.76949946,0.0],[-76.268534196,42.76951883,0.0],[-76.268571886,42.769524012,0.0],[-76.268580709,42.769504402,0.0],[-76.268611766,42.7695067,0.0],[-76.268608779,42.769537317,0.0],[-76.268368516,42.769544103,0.0],[-76.268361054,42.769567102,0.0],[-76.268290997,42.76969201,0.0],[-76.268367736,42.769705763,0.0],[-76.268390296,42.769712068,0.0],[-76.268348242,42.769856842,0.0],[-76.268303223,42.769866669,0.0],[-76.268297618,42.769891525,0.0],[-76.268332322,42.769905907,0.0],[-76.26831687,42.769983865,0.0],[-76.268276297,42.77001032,0.0],[-76.268258519,42.770057527,0.0],[-76.268320262,42.770064414,0.0],[-76.268319237,42.770097908,0.0],[-76.268295823,42.770200398,0.0],[-76.268214283,42.770277279,0.0],[-76.268172979,42.770290821,0.0],[-76.268161799,42.770310105,0.0],[-76.268208779,42.770343125,0.0],[-76.268180792,42.770421667,0.0],[-76.268174107,42.770475241,0.0],[-76.26828686,42.770485862,0.0],[-76.268273409,42.770671407,0.0],[-76.268207685,42.770676787,0.0],[-76.268205929,42.770697366,0.0],[-76.268287512,42.770703776,0.0],[-76.268281541,42.770722175,0.0],[-76.268269632,42.770728547,0.0],[-76.268259316,42.770752755,0.0],[-76.268201289,42.770749583,0.0],[-76.268202547,42.770730537,0.0],[-76.268161327,42.770729638,0.0],[-76.268119472,42.770728725,0.0],[-76.268104182,42.770768267,0.0],[-76.268085042,42.770812084,0.0],[-76.268092942,42.770848405,0.0],[-76.268126418,42.770851407,0.0],[-76.268128144,42.770861253,0.0],[-76.268158204,42.770862676,0.0],[-76.26818146,42.770863777,0.0],[-76.268201534,42.770877749,0.0],[-76.268228217,42.770977517,0.0],[-76.268272243,42.770970755,0.0],[-76.268269826,42.771031287,0.0],[-76.268231142,42.771029171,0.0],[-76.268232525,42.771085867,0.0],[-76.268239792,42.771140667,0.0],[-76.268240311,42.771160166,0.0],[-76.268221334,42.771165566,0.0],[-76.26822107,42.771181546,0.0],[-76.268240281,42.771190593,0.0],[-76.268236666,42.771209316,0.0],[-76.268222766,42.77122182,0.0],[-76.268218786,42.771234087,0.0],[-76.26827061,42.771241211,0.0],[-76.268260791,42.771263886,0.0],[-76.268248749,42.771278247,0.0],[-76.268240921,42.771294789,0.0],[-76.268241257,42.771331673,0.0],[-76.268207648,42.771336663,0.0],[-76.268192987,42.77136668,0.0],[-76.268235987,42.771393413,0.0],[-76.268245876,42.771423602,0.0],[-76.268227001,42.771451439,0.0],[-76.268212442,42.771503894,0.0],[-76.268125985,42.771535253,0.0],[-76.26810784,42.771576003,0.0],[-76.268073572,42.771620944,0.0],[-76.268089006,42.771687132,0.0],[-76.268070232,42.771737405,0.0],[-76.268119305,42.771768176,0.0],[-76.268120766,42.771794003,0.0],[-76.268195649,42.771805899,0.0],[-76.268192868,42.771859973,0.0],[-76.268101962,42.771874704,0.0],[-76.268088295,42.771901655,0.0],[-76.268062983,42.771918997,0.0],[-76.268152508,42.772045022,0.0],[-76.268184593,42.77207506,0.0],[-76.268249424,42.772095184,0.0],[-76.268250989,42.772143448,0.0],[-76.268184898,42.772142371,0.0],[-76.268170237,42.772172389,0.0],[-76.268257995,42.772205274,0.0],[-76.268245192,42.772237148,0.0],[-76.268190982,42.772260127,0.0],[-76.268172309,42.772332839,0.0],[-76.268190626,42.77236739,0.0],[-76.268227819,42.772374104,0.0],[-76.268254931,42.772419474,0.0],[-76.268285145,42.772417692,0.0],[-76.268300988,42.772489872,0.0],[-76.268221626,42.772491775,0.0],[-76.268207432,42.772550687,0.0],[-76.268288022,42.772560164,0.0],[-76.268274092,42.772603095,0.0],[-76.268266132,42.772627627,0.0],[-76.268184677,42.772613226,0.0],[-76.26816368,42.772655187,0.0],[-76.268163152,42.772687147,0.0],[-76.268183358,42.772693128,0.0],[-76.268198356,42.772699995,0.0],[-76.268212531,42.772785229,0.0],[-76.268108251,42.772780504,0.0],[-76.268075637,42.772782427,0.0],[-76.26806456,42.772824149,0.0],[-76.268064631,42.772877014,0.0],[-76.268141373,42.772890767,0.0],[-76.268128072,42.772924174,0.0],[-76.268115268,42.772956049,0.0],[-76.268141018,42.772998028,0.0],[-76.268151974,42.773078016,0.0],[-76.268075832,42.773085167,0.0],[-76.268049158,42.773099118,0.0],[-76.268062266,42.773134554,0.0],[-76.268111573,42.773179772,0.0],[-76.268094393,42.773247884,0.0],[-76.268047776,42.773239874,0.0],[-76.268040517,42.773307747,0.0],[-76.268041056,42.773389505,0.0],[-76.268160985,42.773419608,0.0],[-76.268182134,42.773424916,0.0],[-76.268156167,42.773474457,0.0],[-76.26813045,42.77352352,0.0],[-76.268070563,42.773518491,0.0],[-76.268020301,42.77355963,0.0],[-76.267961907,42.773550002,0.0],[-76.267943234,42.773622713,0.0],[-76.267975584,42.77363677,0.0],[-76.26796809,42.773690196,0.0],[-76.268034182,42.773691273,0.0],[-76.268062126,42.773771994,0.0],[-76.268067305,42.773801536,0.0],[-76.268013489,42.773800544,0.0],[-76.267990764,42.773832657,0.0],[-76.267972324,42.773919815,0.0],[-76.267986794,42.773958642,0.0],[-76.267972366,42.774003107,0.0],[-76.267974691,42.774033858,0.0],[-76.267985942,42.774067437,0.0],[-76.268006645,42.774071885,0.0],[-76.268010961,42.774096502,0.0],[-76.267983556,42.77409754,0.0],[-76.267970152,42.774108511,0.0],[-76.267962191,42.774133043,0.0],[-76.267891621,42.774145765,0.0],[-76.267886849,42.774205972,0.0],[-76.267893824,42.774298225,0.0],[-76.267906801,42.774341652,0.0],[-76.267932816,42.774367651,0.0],[-76.268001934,42.774384433,0.0],[-76.268024061,42.774389804,0.0],[-76.268062585,42.774430337,0.0],[-76.268064149,42.774478601,0.0],[-76.268054584,42.774491817,0.0],[-76.268023706,42.774497066,0.0],[-76.268015876,42.774513609,0.0],[-76.26794753,42.774534644,0.0],[-76.267938808,42.77457669,0.0],[-76.267972722,42.774639012,0.0],[-76.267977271,42.774678076,0.0],[-76.268024691,42.774751865,0.0],[-76.267998118,42.774788253,0.0],[-76.267990522,42.774819242,0.0],[-76.268089465,42.774832843,0.0],[-76.268110768,42.774858195,0.0],[-76.268188508,42.774868882,0.0],[-76.268182538,42.77488728,0.0],[-76.268165915,42.774893003,0.0],[-76.268162138,42.774950144,0.0],[-76.268075209,42.774952609,0.0],[-76.268061277,42.77499554,0.0],[-76.26804104,42.775019987,0.0],[-76.268026317,42.775110859,0.0],[-76.268061389,42.775131696,0.0],[-76.268028845,42.775186484,0.0],[-76.267979872,42.77517815,0.0],[-76.267969291,42.775218339,0.0],[-76.267901644,42.775282716,0.0],[-76.267859575,42.775313771,0.0],[-76.267872024,42.775389159,0.0],[-76.267847177,42.775435394,0.0],[-76.267934645,42.775514687,0.0],[-76.26789736,42.775599254,0.0],[-76.267841329,42.775703668,0.0],[-76.267900335,42.775847919,0.0],[-76.267935347,42.775929612,0.0],[-76.267966876,42.776022037,0.0],[-76.267999065,42.776074511,0.0],[-76.268047979,42.776143699,0.0],[-76.268122634,42.776141148,0.0],[-76.268155057,42.776208069,0.0],[-76.268167405,42.77626102,0.0],[-76.268243786,42.776268316,0.0],[-76.268292436,42.776353484,0.0],[-76.26827429,42.776394235,0.0],[-76.268350109,42.776470005,0.0],[-76.268378354,42.776498232,0.0],[-76.268373977,42.776534468,0.0],[-76.268398398,42.776542629,0.0],[-76.268414127,42.77656241,0.0],[-76.268412869,42.776581457,0.0],[-76.268386322,42.77658969,0.0],[-76.268273317,42.776624739,0.0],[-76.268288417,42.776654042,0.0],[-76.268298541,42.776698678,0.0],[-76.268336468,42.776718307,0.0],[-76.268324263,42.776771085,0.0],[-76.268337271,42.776784085,0.0],[-76.268393541,42.776772204,0.0],[-76.268442948,42.776761772,0.0],[-76.268459276,42.776802457,0.0],[-76.268418871,42.776813394,0.0],[-76.268422125,42.7768164,0.0],[-76.268372944,42.776825826,0.0],[-76.268368334,42.776847616,0.0],[-76.268358149,42.776863834,0.0],[-76.26838317,42.776892899,0.0],[-76.268459243,42.776880698,0.0],[-76.268609024,42.776856675,0.0],[-76.268612345,42.77688436,0.0],[-76.268575749,42.776898549,0.0],[-76.268574825,42.776954479,0.0],[-76.268552326,42.776961605,0.0],[-76.268476084,42.776985753,0.0],[-76.2684804,42.777010371,0.0],[-76.268426815,42.777023827,0.0],[-76.268436939,42.777068464,0.0],[-76.268509443,42.777110463,0.0],[-76.268539206,42.777109749,0.0],[-76.268537743,42.777083921,0.0],[-76.268593684,42.777070789,0.0],[-76.268614125,42.777091217,0.0],[-76.268626601,42.777091899,0.0],[-76.268633469,42.777092274,0.0],[-76.268647574,42.777124645,0.0],[-76.268618132,42.777133419,0.0],[-76.268615592,42.777145867,0.0],[-76.268621411,42.777154414,0.0],[-76.268669742,42.77715492,0.0],[-76.268672199,42.77717768,0.0],[-76.268637163,42.777187459,0.0],[-76.268599139,42.777198069,0.0],[-76.268596986,42.77724262,0.0],[-76.268577977,42.777278446,0.0],[-76.268583024,42.777315978,0.0],[-76.26858658,42.77735811,0.0],[-76.268621419,42.7773645,0.0],[-76.268656523,42.777354911,0.0],[-76.268717542,42.777348883,0.0],[-76.268706026,42.777331284,0.0],[-76.268723351,42.777330752,0.0],[-76.268763196,42.777329532,0.0],[-76.268790544,42.777389348,0.0],[-76.268772047,42.777397189,0.0],[-76.268739183,42.777411119,0.0],[-76.268694158,42.777420946,0.0],[-76.268719544,42.777456469,0.0],[-76.268715666,42.777491172,0.0],[-76.268740087,42.777499334,0.0],[-76.268782565,42.777558026,0.0],[-76.268825144,42.777639157,0.0],[-76.268919774,42.777628139,0.0],[-76.268916027,42.777654852,0.0],[-76.268844459,42.777670641,0.0],[-76.268857611,42.77778937,0.0],[-76.268881739,42.777843939,0.0],[-76.26892707,42.777901422,0.0],[-76.268988791,42.777938736,0.0],[-76.268988132,42.777978686,0.0],[-76.268964746,42.778050749,0.0],[-76.268961336,42.778114346,0.0],[-76.269013165,42.77812147,0.0],[-76.269006799,42.77816384,0.0],[-76.268961275,42.778175201,0.0],[-76.26897923,42.778203295,0.0],[-76.269194377,42.778215248,0.0],[-76.269200756,42.778286598,0.0],[-76.269089867,42.778309796,0.0],[-76.269076667,42.778365641,0.0],[-76.268987287,42.778459065,0.0],[-76.268962643,42.778550174,0.0],[-76.268957668,42.778565508,0.0],[-76.269005619,42.778607335,0.0],[-76.269084725,42.778621411,0.0],[-76.269091392,42.778650067,0.0],[-76.269113961,42.778652657,0.0],[-76.269108488,42.778669523,0.0],[-76.269074744,42.778682503,0.0],[-76.269057844,42.77868018,0.0],[-76.269027625,42.778676026,0.0],[-76.26903187,42.77864778,0.0],[-76.268995536,42.77864599,0.0],[-76.268970718,42.778661798,0.0],[-76.268958177,42.778677693,0.0],[-76.268971684,42.778689159,0.0],[-76.26896684,42.778696501,0.0],[-76.268938071,42.778694149,0.0],[-76.268900347,42.778719395,0.0],[-76.268918433,42.778739499,0.0],[-76.268899322,42.778752889,0.0],[-76.268883825,42.778747555,0.0],[-76.268807615,42.778815561,0.0],[-76.268777558,42.778862683,0.0],[-76.268860192,42.778929867,0.0],[-76.268943407,42.778943138,0.0],[-76.268923667,42.778966051,0.0],[-76.26889304,42.778961841,0.0],[-76.268852534,42.779041161,0.0],[-76.268834651,42.779065932,0.0],[-76.268807992,42.7790836,0.0],[-76.268785592,42.779105467,0.0],[-76.268769322,42.77915345,0.0],[-76.268722675,42.779183477,0.0],[-76.268649551,42.77926472,0.0],[-76.268599621,42.779342745,0.0],[-76.268564456,42.779413189,0.0],[-76.268547041,42.779466852,0.0],[-76.268551429,42.779544335,0.0],[-76.268566865,42.779610523,0.0],[-76.268583296,42.779673644,0.0],[-76.26862083,42.779717242,0.0],[-76.26866666,42.779773193,0.0],[-76.268696759,42.779809363,0.0],[-76.268717669,42.779858685,0.0],[-76.268746582,42.779966766,0.0],[-76.268782226,42.780038935,0.0],[-76.268796698,42.780077762,0.0],[-76.268804101,42.780115617,0.0],[-76.268856868,42.780180528,0.0],[-76.268869846,42.780223955,0.0],[-76.268884318,42.780262783,0.0],[-76.268953049,42.780361921,0.0],[-76.268980427,42.780391311,0.0],[-76.268995661,42.780412624,0.0],[-76.269055262,42.780464061,0.0],[-76.269095415,42.780492002,0.0],[-76.269133944,42.780532535,0.0],[-76.269108832,42.78059475,0.0],[-76.269138567,42.780624464,0.0],[-76.269178618,42.780629968,0.0],[-76.269210811,42.780682442,0.0],[-76.269221668,42.780739992,0.0],[-76.269230667,42.780795685,0.0],[-76.269194404,42.780846759,0.0],[-76.269219397,42.780906251,0.0],[-76.269261044,42.780929593,0.0],[-76.269283711,42.780958335,0.0],[-76.269271871,42.78101757,0.0],[-76.269261788,42.781056225,0.0],[-76.26929202,42.781084405,0.0],[-76.269314951,42.781097167,0.0],[-76.269328692,42.78112308,0.0],[-76.269377041,42.781140937,0.0],[-76.269411122,42.781164841,0.0],[-76.269442247,42.781167517,0.0],[-76.269468763,42.781191983,0.0],[-76.269487348,42.781210553,0.0],[-76.269526059,42.781215873,0.0],[-76.269551592,42.781241,0.0],[-76.269566592,42.781279467,0.0],[-76.26957832,42.78137076,0.0],[-76.269551747,42.78142922,0.0],[-76.269520167,42.781511368,0.0],[-76.269509689,42.781573994,0.0],[-76.269523502,42.781652771,0.0],[-76.269538706,42.781704512,0.0],[-76.269585372,42.781795813,0.0],[-76.26962892,42.781904303,0.0],[-76.269694698,42.781982214,0.0],[-76.26973137,42.782020889,0.0],[-76.269801495,42.782092991,0.0],[-76.269826752,42.782136502,0.0],[-76.269883005,42.782190682,0.0],[-76.269951667,42.782236955,0.0],[-76.269997895,42.782268936,0.0],[-76.270001583,42.782303076,0.0],[-76.270030689,42.782342313,0.0],[-76.269990343,42.782383216,0.0],[-76.270024265,42.782445537,0.0],[-76.270001113,42.782532047,0.0],[-76.270055683,42.78265967,0.0],[-76.270145857,42.782776169,0.0],[-76.270232841,42.782856994,0.0],[-76.270332996,42.782912401,0.0],[-76.2703776,42.78295697,0.0],[-76.270417625,42.782992902,0.0],[-76.270449015,42.782979598,0.0],[-76.270511137,42.78299294,0.0],[-76.270547912,42.783054051,0.0],[-76.270603463,42.783064889,0.0],[-76.270651092,42.78308558,0.0],[-76.270675592,42.783107667,0.0],[-76.270681626,42.783113782,0.0],[-76.270636435,42.783213568,0.0],[-76.270702815,42.783312382,0.0],[-76.270806849,42.783333086,0.0],[-76.270840171,42.783374502,0.0],[-76.2708552,42.783350942,0.0],[-76.270890411,42.783363789,0.0],[-76.270899571,42.783381064,0.0],[-76.270936325,42.783382267,0.0],[-76.270946591,42.783384532,0.0],[-76.270963465,42.783397866,0.0],[-76.270932527,42.783416024,0.0],[-76.270943782,42.783449603,0.0],[-76.270890792,42.783483964,0.0],[-76.270872281,42.783518258,0.0],[-76.270888612,42.783558941,0.0],[-76.270949871,42.78356736,0.0],[-76.270991125,42.783614672,0.0],[-76.271035731,42.783659241,0.0],[-76.271105024,42.783695991,0.0],[-76.271312802,42.783783804,0.0],[-76.271430608,42.783799994,0.0],[-76.271536662,42.783784137,0.0],[-76.271598916,42.783789488,0.0],[-76.27164876,42.783802744,0.0],[-76.271682009,42.783791296,0.0],[-76.271695588,42.783768479,0.0],[-76.271828515,42.78381445,0.0],[-76.271907745,42.783907203,0.0],[-76.271957167,42.783974857,0.0],[-76.27200672,42.78403452,0.0],[-76.272111722,42.784082583,0.0],[-76.272243374,42.784147121,0.0],[-76.272357333,42.784167586,0.0],[-76.272410031,42.784179632,0.0],[-76.27244205,42.784156803,0.0],[-76.272503779,42.784194115,0.0],[-76.272490844,42.78423398,0.0],[-76.272574275,42.784272672,0.0],[-76.27262535,42.784297309,0.0],[-76.272692218,42.784248966,0.0],[-76.272731461,42.784220596,0.0],[-76.272786619,42.784255403,0.0],[-76.272788712,42.784271707,0.0],[-76.272831002,42.784310478,0.0],[-76.272810829,42.784362836,0.0],[-76.272884601,42.784385786,0.0],[-76.272931724,42.784392261,0.0],[-76.272984925,42.784376467,0.0],[-76.272993036,42.784376803,0.0],[-76.273041961,42.784399984,0.0],[-76.273056938,42.784446303,0.0],[-76.27307974,42.784467054,0.0],[-76.273116706,42.784459321,0.0],[-76.273144586,42.784487176,0.0],[-76.273179927,42.784492033,0.0],[-76.273214171,42.784477518,0.0],[-76.273247496,42.784518935,0.0],[-76.273279666,42.784601835,0.0],[-76.27329647,42.784671412,0.0],[-76.273349273,42.784705895,0.0],[-76.273414016,42.784703579,0.0],[-76.273489751,42.784750823,0.0],[-76.273543757,42.784827114,0.0],[-76.273600352,42.784918175,0.0],[-76.273637734,42.785000189,0.0],[-76.273659879,42.785060891,0.0],[-76.27370721,42.78511224,0.0],[-76.273809116,42.7850846,0.0],[-76.273871832,42.78506759,0.0],[-76.273907616,42.785131767,0.0],[-76.273866801,42.785143777,0.0],[-76.273843226,42.785149903,0.0],[-76.273856392,42.785183667,0.0],[-76.273878725,42.785211067,0.0],[-76.273915925,42.785282467,0.0],[-76.273923325,42.7853154,0.0],[-76.273952992,42.7853374,0.0],[-76.273960525,42.7853922,0.0],[-76.273975392,42.785408667,0.0],[-76.273997725,42.7854746,0.0],[-76.274019992,42.785491067,0.0],[-76.274020125,42.785518467,0.0],[-76.274034992,42.785546,0.0],[-76.274043441,42.785554272,0.0],[-76.273897544,42.785572433,0.0],[-76.273919165,42.785665094,0.0],[-76.274011237,42.785753021,0.0],[-76.274035532,42.785769172,0.0],[-76.274117288,42.785881308,0.0],[-76.274149619,42.78592579,0.0],[-76.274226741,42.785908551,0.0],[-76.274255807,42.785901941,0.0],[-76.274261175,42.785862638,0.0],[-76.274318485,42.785852894,0.0],[-76.274341287,42.785873645,0.0],[-76.274400219,42.785851311,0.0],[-76.274432419,42.785903784,0.0],[-76.274397677,42.785919832,0.0],[-76.274384874,42.785951707,0.0],[-76.27437194,42.785991571,0.0],[-76.274351072,42.786025542,0.0],[-76.274325325,42.786051,0.0],[-76.274340125,42.786089467,0.0],[-76.274362525,42.786116867,0.0],[-76.274361329,42.786206334,0.0],[-76.274357557,42.786263473,0.0],[-76.27436842,42.786321023,0.0],[-76.274395071,42.786337497,0.0],[-76.274457694,42.786322158,0.0],[-76.274466792,42.786331067,0.0],[-76.274506546,42.786365626,0.0],[-76.274478742,42.786390636,0.0],[-76.274466713,42.786396376,0.0],[-76.274429234,42.786414264,0.0],[-76.274437899,42.786433073,0.0],[-76.274466662,42.786437965,0.0],[-76.274486883,42.786441404,0.0],[-76.27448468,42.786546809,0.0],[-76.274435841,42.786552172,0.0],[-76.274429325,42.786583467,0.0],[-76.274406925,42.7866,0.0],[-76.274372624,42.786611495,0.0],[-76.274174744,42.786811739,0.0],[-76.274171469,42.786867345,0.0],[-76.274201612,42.786871487,0.0],[-76.274177669,42.787007539,0.0],[-76.27409116,42.787213474,0.0],[-76.274086551,42.787235264,0.0],[-76.274116319,42.787234548,0.0],[-76.274132709,42.787214377,0.0],[-76.274193189,42.787245668,0.0],[-76.274175525,42.7872586,0.0],[-76.274207322,42.787272677,0.0],[-76.274165587,42.787340618,0.0],[-76.274160547,42.787339722,0.0],[-76.274126027,42.787333582,0.0],[-76.274041356,42.787427655,0.0],[-76.273975795,42.787508339,0.0],[-76.273973646,42.78755289,0.0],[-76.274031662,42.787586487,0.0],[-76.274011685,42.787594953,0.0],[-76.274006082,42.78761981,0.0],[-76.273935159,42.78759565,0.0],[-76.273949821,42.787565633,0.0],[-76.27390814,42.787572719,0.0],[-76.273828311,42.78765945,0.0],[-76.273807416,42.787723847,0.0],[-76.273843541,42.787824909,0.0],[-76.273853305,42.787863087,0.0],[-76.273880191,42.787894009,0.0],[-76.273869744,42.787926208,0.0],[-76.273833874,42.787953312,0.0],[-76.273799443,42.788036671,0.0],[-76.27384858,42.78815073,0.0],[-76.273885438,42.788264705,0.0],[-76.273936462,42.788350195,0.0],[-76.273949576,42.788385632,0.0],[-76.273977327,42.788421476,0.0],[-76.274031457,42.78842827,0.0],[-76.274101446,42.788600293,0.0],[-76.274101862,42.788690041,0.0],[-76.274194409,42.788806862,0.0],[-76.274264519,42.788909389,0.0],[-76.274356438,42.789035733,0.0],[-76.274425685,42.789133335,0.0],[-76.274524596,42.789207786,0.0],[-76.274612329,42.789301522,0.0],[-76.274688645,42.789400095,0.0],[-76.274760014,42.789483575,0.0],[-76.27480303,42.789510305,0.0],[-76.2747963,42.789546219,0.0],[-76.274880627,42.789703551,0.0],[-76.274973205,42.789789944,0.0],[-76.275017293,42.789866472,0.0],[-76.275042033,42.789941944,0.0],[-76.275095547,42.790019767,0.0],[-76.275175479,42.790099618,0.0],[-76.275185113,42.790145787,0.0],[-76.275274706,42.790241379,0.0],[-76.275338144,42.790318964,0.0],[-76.275424123,42.790433278,0.0],[-76.275438968,42.790478562,0.0],[-76.275576632,42.790638416,0.0],[-76.275638577,42.7907206,0.0],[-76.275690157,42.790743701,0.0],[-76.275746526,42.790820315,0.0],[-76.275848767,42.790922449,0.0],[-76.275932497,42.791058877,0.0],[-76.276014631,42.791177468,0.0],[-76.276095271,42.79130066,0.0],[-76.276195,42.791440887,0.0],[-76.276273312,42.791533326,0.0],[-76.276323007,42.791584998,0.0],[-76.276477248,42.791799981,0.0],[-76.276629868,42.792027553,0.0],[-76.276659847,42.792071713,0.0],[-76.276692079,42.792093758,0.0],[-76.276713627,42.792133554,0.0],[-76.276773324,42.792237851,0.0],[-76.276811238,42.792287904,0.0],[-76.27681616,42.792333426,0.0],[-76.276867454,42.792402935,0.0],[-76.27687337,42.792445389,0.0],[-76.276952025,42.792574713,0.0],[-76.276969097,42.79262831,0.0],[-76.277002193,42.792655278,0.0],[-76.27707692,42.792736014,0.0],[-76.277118814,42.7927738,0.0],[-76.277174741,42.792791092,0.0],[-76.277176574,42.792823376,0.0],[-76.277208544,42.792861401,0.0],[-76.277253056,42.792883531,0.0],[-76.277298667,42.792925031,0.0],[-76.277311917,42.792952477,0.0],[-76.277361929,42.79307146,0.0],[-76.277409871,42.793143711,0.0],[-76.277466873,42.7932108,0.0],[-76.277493136,42.793251244,0.0],[-76.277535998,42.793316391,0.0],[-76.277581977,42.793364348,0.0],[-76.277666001,42.793454368,0.0],[-76.277784902,42.793520349,0.0],[-76.277894533,42.793546619,0.0],[-76.277935825,42.793563501,0.0],[-76.277986045,42.793583212,0.0],[-76.278061193,42.79360955,0.0],[-76.27814438,42.793664219,0.0],[-76.278206226,42.793723965,0.0],[-76.278298081,42.793797442,0.0],[-76.278368725,42.793868005,0.0],[-76.278392583,42.79396898,0.0],[-76.278420966,42.793995301,0.0],[-76.278425433,42.793998076,0.0],[-76.278463987,42.794022031,0.0],[-76.278443217,42.794051488,0.0],[-76.27843207,42.794067297,0.0],[-76.27838193,42.794100451,0.0],[-76.278459252,42.794195956,0.0],[-76.278434331,42.794333474,0.0],[-76.278567533,42.794507125,0.0],[-76.278668578,42.794567449,0.0],[-76.278704138,42.794617178,0.0],[-76.278747349,42.794599988,0.0],[-76.278765681,42.794627522,0.0],[-76.278731161,42.79464011,0.0],[-76.278785785,42.794737301,0.0],[-76.278788352,42.794782499,0.0],[-76.278828283,42.794795991,0.0],[-76.278842528,42.79482037,0.0],[-76.278894715,42.794864374,0.0],[-76.278892569,42.794908924,0.0],[-76.278907157,42.794970187,0.0],[-76.27892732,42.795037021,0.0],[-76.278956283,42.795114672,0.0],[-76.279012424,42.795176838,0.0],[-76.279065059,42.795280163,0.0],[-76.279133089,42.795366383,0.0],[-76.279189231,42.795428547,0.0],[-76.279222565,42.795469963,0.0],[-76.279338935,42.795604463,0.0],[-76.279385047,42.795644429,0.0],[-76.27941181,42.79568334,0.0],[-76.279460385,42.795746067,0.0],[-76.279503513,42.795795234,0.0],[-76.279543525,42.79586159,0.0],[-76.279586262,42.795934726,0.0],[-76.279649108,42.795991404,0.0],[-76.279732144,42.79608449,0.0],[-76.27978889,42.796167559,0.0],[-76.279817145,42.796201869,0.0],[-76.279848752,42.796233437,0.0],[-76.279941451,42.796342264,0.0],[-76.27997526,42.796412572,0.0],[-76.280002235,42.796496356,0.0],[-76.280079931,42.796598318,0.0],[-76.280130603,42.796677348,0.0],[-76.280180778,42.796757913,0.0],[-76.280230113,42.796803125,0.0],[-76.28029199,42.796832444,0.0],[-76.28037864,42.796906805,0.0],[-76.280436146,42.796972361,0.0],[-76.280478648,42.797031049,0.0],[-76.280570356,42.797142942,0.0],[-76.280622285,42.797202926,0.0],[-76.28069553,42.79728826,0.0],[-76.280736907,42.797358005,0.0],[-76.280820999,42.797531314,0.0],[-76.280892468,42.797667654,0.0],[-76.280972287,42.797755492,0.0],[-76.281017277,42.797806515,0.0],[-76.281207872,42.798053706,0.0],[-76.281259175,42.798123214,0.0],[-76.281334045,42.798195956,0.0],[-76.281551538,42.798474069,0.0],[-76.281623294,42.798564002,0.0],[-76.281796663,42.798796015,0.0],[-76.2819082,42.798937855,0.0],[-76.282027519,42.799124008,0.0],[-76.282128813,42.799198777,0.0],[-76.282227834,42.799326087,0.0],[-76.282292153,42.799408591,0.0],[-76.282346573,42.799460908,0.0],[-76.282377425,42.799509989,0.0],[-76.282436948,42.799538981,0.0],[-76.282488253,42.799608489,0.0],[-76.282526046,42.799666529,0.0],[-76.282589135,42.799737654,0.0],[-76.282634365,42.799803123,0.0],[-76.282697585,42.799866258,0.0],[-76.282840369,42.800033209,0.0],[-76.282983782,42.800190636,0.0],[-76.283016257,42.800227126,0.0],[-76.283068794,42.800308013,0.0],[-76.283195473,42.800448727,0.0],[-76.28323316,42.800484331,0.0],[-76.283382435,42.800600922,0.0],[-76.283435364,42.800657838,0.0],[-76.283553008,42.800773288,0.0],[-76.283634823,42.800854991,0.0],[-76.283770955,42.800966572,0.0],[-76.283817074,42.801006538,0.0],[-76.283863928,42.801059416,0.0],[-76.283969359,42.8010835,0.0],[-76.28406266,42.801069083,0.0],[-76.284157691,42.801064512,0.0],[-76.28424057,42.801051867,0.0],[-76.284426806,42.801016574,0.0],[-76.284576434,42.800995475,0.0],[-76.284661669,42.800983153,0.0],[-76.284757695,42.800975516,0.0],[-76.28484998,42.800994591,0.0],[-76.284929615,42.801007125,0.0],[-76.28500032,42.801016831,0.0],[-76.284998071,42.801038945,0.0],[-76.284975843,42.801069527,0.0],[-76.284964771,42.801111249,0.0],[-76.285022461,42.801107959,0.0],[-76.284999475,42.801156053,0.0],[-76.284970046,42.801193654,0.0],[-76.284958608,42.80122892,0.0],[-76.28495372,42.801297117,0.0],[-76.284986542,42.801370491,0.0],[-76.285035041,42.801380352,0.0],[-76.285071351,42.80137732,0.0],[-76.285094592,42.8014288,0.0],[-76.285116992,42.8014562,0.0],[-76.285131925,42.801511067,0.0],[-76.285154325,42.801533,0.0],[-76.285155511,42.80154707,0.0],[-76.285142352,42.801550438,0.0],[-76.28509742,42.801582708,0.0],[-76.28500842,42.80165217,0.0],[-76.28507026,42.80174234,0.0],[-76.284970578,42.801829554,0.0],[-76.284985107,42.801982098,0.0],[-76.284951591,42.802009528,0.0],[-76.284993603,42.802069749,0.0],[-76.284964131,42.802168204,0.0],[-76.284993991,42.802220351,0.0],[-76.285082061,42.802237246,0.0],[-76.285107552,42.802325629,0.0],[-76.285138532,42.802333789,0.0],[-76.285135316,42.802361472,0.0],[-76.285222348,42.802442288,0.0],[-76.285236226,42.802446984,0.0],[-76.28518881,42.802500146,0.0],[-76.285245614,42.802522358,0.0],[-76.285303022,42.802565473,0.0],[-76.285366225,42.802659034,0.0],[-76.285485866,42.802768349,0.0],[-76.285579385,42.802798804,0.0],[-76.285602284,42.802872417,0.0],[-76.28566605,42.802873163,0.0],[-76.28575436,42.802904503,0.0],[-76.28602627,42.802946635,0.0],[-76.286156788,42.802938925,0.0],[-76.286203878,42.8029847,0.0],[-76.286183276,42.803024242,0.0],[-76.286227777,42.803076796,0.0],[-76.286268062,42.80312717,0.0],[-76.28633077,42.803222263,0.0],[-76.286388547,42.803271835,0.0],[-76.286389867,42.803336079,0.0],[-76.286537983,42.803272337,0.0],[-76.286554992,42.8032898,0.0],[-76.286577325,42.803328267,0.0],[-76.286584725,42.8033338,0.0],[-76.286815725,42.803526,0.0],[-76.286830592,42.8035534,0.0],[-76.286852925,42.803575267,0.0],[-76.286875325,42.803646667,0.0],[-76.286964725,42.803729067,0.0],[-76.286972125,42.803756467,0.0],[-76.286959498,42.803974559,0.0],[-76.286891387,42.803960667,0.0],[-76.286878783,42.804067843,0.0],[-76.286838542,42.804131188,0.0],[-76.286797847,42.804135211,0.0],[-76.286782388,42.804243597,0.0],[-76.286842978,42.804352814,0.0],[-76.286879653,42.804421911,0.0],[-76.286846116,42.804479768,0.0],[-76.286846334,42.804524642,0.0],[-76.286865883,42.804600998,0.0],[-76.286963062,42.804726447,0.0],[-76.287074405,42.80482341,0.0],[-76.287117675,42.804864584,0.0],[-76.28719429,42.804947171,0.0],[-76.287230251,42.804972927,0.0],[-76.287313482,42.804997164,0.0],[-76.287371997,42.805059649,0.0],[-76.287448008,42.805121331,0.0],[-76.287516081,42.805177121,0.0],[-76.287591096,42.80524187,0.0],[-76.287665594,42.80533858,0.0],[-76.287834243,42.80545622,0.0],[-76.287915206,42.805532997,0.0],[-76.287996925,42.805592261,0.0],[-76.288116358,42.805656699,0.0],[-76.288271772,42.805716468,0.0],[-76.288419251,42.805770342,0.0],[-76.288489833,42.805788037,0.0],[-76.288518808,42.805698699,0.0],[-76.288521992,42.805699867,0.0],[-76.288559325,42.8057164,0.0],[-76.288648725,42.805771267,0.0],[-76.288671125,42.8058646,0.0],[-76.288641125,42.8060732,0.0],[-76.288641125,42.806172,0.0],[-76.288646605,42.806190208,0.0],[-76.288640053,42.806197835,0.0],[-76.288633527,42.806309048,0.0],[-76.288695377,42.806399217,0.0],[-76.288743324,42.806501891,0.0],[-76.28880593,42.806574546,0.0],[-76.288892216,42.806672872,0.0],[-76.288930407,42.806706942,0.0],[-76.289092966,42.806850971,0.0],[-76.289243631,42.806970945,0.0],[-76.289339127,42.807025692,0.0],[-76.289423575,42.807091734,0.0],[-76.289493533,42.807118952,0.0],[-76.289637684,42.807145141,0.0],[-76.289778742,42.807158093,0.0],[-76.289992502,42.807174616,0.0],[-76.289999096,42.807146692,0.0],[-76.290177759,42.807142383,0.0],[-76.290246263,42.807113346,0.0],[-76.290451977,42.807101538,0.0],[-76.290595283,42.807092375,0.0],[-76.290683392,42.807094467,0.0],[-76.290765123,42.807107674,0.0],[-76.290815838,42.807156274,0.0],[-76.290797071,42.80720655,0.0],[-76.290778392,42.807221839,0.0],[-76.290787592,42.807253667,0.0],[-76.290787725,42.807303067,0.0],[-76.290809925,42.807379867,0.0],[-76.290809925,42.8074898,0.0],[-76.290765125,42.8075666,0.0],[-76.290757792,42.807572067,0.0],[-76.290772592,42.807616,0.0],[-76.290716455,42.807751228,0.0],[-76.290705477,42.807845815,0.0],[-76.290713523,42.807874146,0.0],[-76.290732369,42.807900974,0.0],[-76.290742159,42.807914911,0.0],[-76.290771032,42.807970123,0.0],[-76.290889109,42.80803117,0.0],[-76.290955826,42.808083567,0.0],[-76.291049706,42.808150902,0.0],[-76.291124121,42.808194747,0.0],[-76.291230782,42.808260633,0.0],[-76.291318437,42.808362348,0.0],[-76.29137324,42.808421118,0.0],[-76.291362927,42.808445327,0.0],[-76.291425299,42.808503535,0.0],[-76.291522144,42.808592096,0.0],[-76.29158424,42.808696711,0.0],[-76.291701159,42.808829667,0.0],[-76.291771118,42.808856884,0.0],[-76.291874282,42.808963929,0.0],[-76.291912069,42.809052395,0.0],[-76.292035472,42.809134992,0.0],[-76.292044882,42.809166713,0.0],[-76.292023888,42.809208675,0.0],[-76.292091565,42.80931886,0.0],[-76.29212742,42.809322177,0.0],[-76.292227251,42.809401539,0.0],[-76.292302902,42.809456763,0.0],[-76.292381243,42.809579621,0.0],[-76.292503745,42.809718147,0.0],[-76.292634921,42.80987548,0.0],[-76.292683649,42.809930213,0.0],[-76.292711789,42.809972511,0.0],[-76.292702725,42.8100534,0.0],[-76.292728406,42.810058373,0.0],[-76.292864955,42.810084815,0.0],[-76.292933792,42.810152267,0.0],[-76.293015838,42.810280086,0.0],[-76.293186905,42.810337189,0.0],[-76.293271366,42.810377188,0.0],[-76.293278837,42.810349802,0.0],[-76.2933518,42.810337391,0.0],[-76.29356097,42.810375699,0.0],[-76.293623732,42.810409935,0.0],[-76.293658558,42.810477173,0.0],[-76.293653568,42.810522934,0.0],[-76.293644485,42.810560452,0.0],[-76.2936967,42.810602522,0.0],[-76.293753792,42.8106354,0.0],[-76.293776125,42.810662867,0.0],[-76.293813325,42.810734267,0.0],[-76.293828192,42.810778067,0.0],[-76.293835725,42.810811067,0.0],[-76.293857992,42.810855,0.0],[-76.293887792,42.8109538,0.0],[-76.293902725,42.811074467,0.0],[-76.293895498,42.811196743,0.0],[-76.293943714,42.811283436,0.0],[-76.293987362,42.811331064,0.0],[-76.294024289,42.811414605,0.0],[-76.294135158,42.811513097,0.0],[-76.294284112,42.811623219,0.0],[-76.294422918,42.811688706,0.0],[-76.294661966,42.811779156,0.0],[-76.294840495,42.811813259,0.0],[-76.294941106,42.811844678,0.0],[-76.295088588,42.811928972,0.0],[-76.295189438,42.811974838,0.0],[-76.295253325,42.811998016,0.0],[-76.295288171,42.812034827,0.0],[-76.295351065,42.812061072,0.0],[-76.295388011,42.812114187,0.0],[-76.295423114,42.812135018,0.0],[-76.295483377,42.812196466,0.0],[-76.295512725,42.812326267,0.0],[-76.295549925,42.812447067,0.0],[-76.295579792,42.812589667,0.0],[-76.295601992,42.812694,0.0],[-76.295624392,42.812716,0.0],[-76.295631925,42.812749,0.0],[-76.295736192,42.8128532,0.0],[-76.296138792,42.813188067,0.0],[-76.296533792,42.813523,0.0],[-76.296556192,42.813555867,0.0],[-76.296854325,42.813819467,0.0],[-76.297219725,42.814104867,0.0],[-76.297614725,42.814373867,0.0],[-76.297883125,42.8145496,0.0],[-76.297957525,42.814588067,0.0],[-76.298032125,42.814615467,0.0],[-76.298158925,42.814670267,0.0],[-76.298315525,42.814643,0.0],[-76.298367592,42.814642867,0.0],[-76.298427325,42.814654,0.0],[-76.298650925,42.8148022,0.0],[-76.298732925,42.8148406,0.0],[-76.298762792,42.814857067,0.0],[-76.298971525,42.8149614,0.0],[-76.299090792,42.8149998,0.0],[-76.299157925,42.815043667,0.0],[-76.299157925,42.815087667,0.0],[-76.299135525,42.8151096,0.0],[-76.299120592,42.815169867,0.0],[-76.299098192,42.815191867,0.0],[-76.299068392,42.815274267,0.0],[-76.299068325,42.8153346,0.0],[-76.299060925,42.8153786,0.0],[-76.299090725,42.815460867,0.0],[-76.299127992,42.8154994,0.0],[-76.299165192,42.815548667,0.0],[-76.299224925,42.815609067,0.0],[-76.299276992,42.815669467,0.0],[-76.299448525,42.815834067,0.0],[-76.299560325,42.815905467,0.0],[-76.299605125,42.815943867,0.0],[-76.299768992,42.8160922,0.0],[-76.301178125,42.8171792,0.0],[-76.301230325,42.817223,0.0],[-76.301871325,42.8177336,0.0],[-76.302080125,42.817914667,0.0],[-76.302348525,42.8181288,0.0],[-76.303310192,42.818842467,0.0],[-76.303899325,42.81932,0.0],[-76.304048325,42.8194408,0.0],[-76.304555192,42.819841467,0.0],[-76.304823792,42.8200392,0.0],[-76.304920725,42.820094067,0.0],[-76.305077192,42.8202148,0.0],[-76.305144192,42.820242267,0.0],[-76.305174192,42.820269667,0.0],[-76.305263592,42.8202862,0.0],[-76.305449992,42.8203356,0.0],[-76.305539525,42.820363,0.0],[-76.305621525,42.820428867,0.0],[-76.305695992,42.820500267,0.0],[-76.305785525,42.820599,0.0],[-76.305949525,42.8207528,0.0],[-76.306076795,42.820918149,0.0],[-76.306059632,42.82101669,0.0],[-76.306056388,42.821098234,0.0],[-76.306135925,42.821180867,0.0],[-76.306456525,42.821416867,0.0],[-76.307052992,42.821817667,0.0],[-76.307313992,42.8219714,0.0],[-76.307500392,42.822092067,0.0],[-76.307545125,42.822114067,0.0],[-76.307675954,42.822191091,0.0],[-76.307802938,42.82244557,0.0],[-76.308043538,42.822531398,0.0],[-76.308232996,42.822653456,0.0],[-76.30836997,42.822747501,0.0],[-76.308494892,42.822886337,0.0],[-76.308629424,42.822866341,0.0],[-76.308769994,42.822972088,0.0],[-76.308917036,42.823027474,0.0],[-76.308974976,42.823069047,0.0],[-76.309017026,42.823129261,0.0],[-76.309124863,42.82315365,0.0],[-76.309255989,42.823223091,0.0],[-76.309461525,42.8233876,0.0],[-76.309632992,42.823497267,0.0],[-76.309767192,42.823590667,0.0],[-76.310050525,42.823826667,0.0],[-76.310363725,42.8239748,0.0],[-76.310422716,42.823992197,0.0],[-76.310574817,42.824105068,0.0],[-76.310654098,42.824171986,0.0],[-76.310750147,42.824194757,0.0],[-76.310886153,42.824231013,0.0],[-76.311028006,42.82422643,0.0],[-76.311162169,42.824199975,0.0],[-76.311266177,42.824167786,0.0],[-76.311309125,42.824141642,0.0],[-76.311303394,42.824110661,0.0],[-76.311362925,42.8241066,0.0],[-76.311586592,42.824084667,0.0],[-76.311675992,42.824079067,0.0],[-76.311735725,42.824095667,0.0],[-76.311748745,42.824090524,0.0],[-76.311828397,42.824059062,0.0],[-76.311924943,42.824080299,0.0],[-76.311939145,42.82410163,0.0],[-76.312120552,42.824112212,0.0],[-76.312260738,42.824183969,0.0],[-76.312511043,42.824224675,0.0],[-76.312674233,42.824245436,0.0],[-76.312863604,42.824284197,0.0],[-76.313078668,42.824312066,0.0],[-76.313307888,42.824311446,0.0],[-76.313381976,42.824318396,0.0],[-76.313501353,42.824360377,0.0],[-76.31347887,42.82443737,0.0],[-76.313652597,42.824509219,0.0],[-76.31369429,42.824532548,0.0],[-76.313876582,42.824600766,0.0],[-76.314083327,42.824646711,0.0],[-76.314246022,42.824669003,0.0],[-76.314407479,42.824679916,0.0],[-76.314525753,42.824672099,0.0],[-76.314567627,42.824674475,0.0],[-76.314605551,42.824676627,0.0],[-76.314720599,42.824663564,0.0],[-76.314810192,42.824706268,0.0],[-76.314776166,42.824796092,0.0],[-76.314697213,42.824887768,0.0],[-76.31457145,42.825070719,0.0],[-76.314505154,42.825168934,0.0],[-76.314483421,42.825228413,0.0],[-76.314448037,42.82528442,0.0],[-76.314386701,42.825397727,0.0],[-76.314358037,42.825482848,0.0],[-76.314333014,42.825557151,0.0],[-76.314278592,42.825632467,0.0],[-76.314353867,42.825681493,0.0],[-76.314403984,42.825770035,0.0],[-76.314424946,42.825819349,0.0],[-76.314392298,42.82585171,0.0],[-76.314378594,42.825879593,0.0],[-76.314356165,42.82592523,0.0],[-76.314336299,42.825956139,0.0],[-76.314427496,42.826047106,0.0],[-76.314484695,42.82610619,0.0],[-76.314632468,42.826265765,0.0],[-76.314705921,42.82634309,0.0],[-76.31480569,42.826399999,0.0],[-76.314863883,42.826456016,0.0],[-76.315017752,42.826558772,0.0],[-76.315074708,42.82660341,0.0],[-76.315005822,42.826626001,0.0],[-76.315034734,42.826650781,0.0],[-76.315166521,42.826715279,0.0],[-76.315199904,42.826726259,0.0],[-76.315246448,42.826711817,0.0],[-76.315329216,42.826767998,0.0],[-76.315482716,42.826864297,0.0],[-76.315548845,42.826956632,0.0],[-76.315636713,42.826959063,0.0],[-76.315725065,42.827020813,0.0],[-76.315765018,42.827064721,0.0],[-76.315856113,42.827072397,0.0],[-76.315921633,42.826984779,0.0],[-76.31593867,42.826961997,0.0],[-76.316004442,42.826987022,0.0],[-76.316029267,42.826971205,0.0],[-76.316125939,42.827014877,0.0],[-76.316129039,42.827028114,0.0],[-76.31620362,42.827063955,0.0],[-76.316206326,42.827085399,0.0],[-76.3161892,42.827169277,0.0],[-76.316214013,42.827214315,0.0],[-76.316361567,42.82726816,0.0],[-76.316421287,42.82718571,0.0],[-76.316529575,42.82724548,0.0],[-76.316487781,42.827296662,0.0],[-76.31657055,42.827352841,0.0],[-76.316556767,42.827387787,0.0],[-76.316602556,42.827421285,0.0],[-76.316684458,42.827472541,0.0],[-76.316712754,42.827476417,0.0],[-76.316751469,42.827508946,0.0],[-76.316746621,42.827546717,0.0],[-76.316818601,42.827567788,0.0],[-76.316910425,42.827649229,0.0],[-76.316983406,42.827636807,0.0],[-76.317023486,42.827672725,0.0],[-76.317082808,42.827687257,0.0],[-76.317136539,42.827726648,0.0],[-76.317178242,42.827719549,0.0],[-76.317237067,42.827735615,0.0],[-76.317325931,42.827734977,0.0],[-76.317370116,42.827720211,0.0],[-76.317391093,42.827708672,0.0],[-76.317426721,42.827667111,0.0],[-76.317485415,42.827721593,0.0],[-76.317529966,42.827743711,0.0],[-76.317601946,42.827764781,0.0],[-76.317781163,42.827758904,0.0],[-76.317896959,42.827758752,0.0],[-76.317993067,42.827779675,0.0],[-76.318007392,42.827794867,0.0],[-76.318066992,42.8278608,0.0],[-76.318074392,42.8278938,0.0],[-76.318104325,42.827915667,0.0],[-76.318111725,42.8279486,0.0],[-76.318141525,42.827976,0.0],[-76.318149125,42.828014467,0.0],[-76.318208725,42.828080267,0.0],[-76.318223592,42.828124267,0.0],[-76.318245925,42.828140667,0.0],[-76.318260992,42.828179067,0.0],[-76.318348531,42.828275859,0.0],[-76.318346878,42.828331247,0.0],[-76.318394394,42.828435444,0.0],[-76.318496146,42.82854707,0.0],[-76.318591332,42.828595341,0.0],[-76.318679934,42.828671536,0.0],[-76.318712942,42.828706485,0.0],[-76.318735152,42.828736751,0.0],[-76.318770022,42.828773556,0.0],[-76.318838029,42.828806894,0.0],[-76.318926889,42.828836681,0.0],[-76.318951704,42.828881718,0.0],[-76.319023064,42.828912312,0.0],[-76.319070591,42.828955655,0.0],[-76.31913426,42.828964376,0.0],[-76.319180052,42.828997873,0.0],[-76.319210948,42.829046946,0.0],[-76.319385312,42.829139691,0.0],[-76.319533992,42.829182476,0.0],[-76.319617018,42.829222674,0.0],[-76.319778979,42.829262474,0.0],[-76.319814472,42.829289756,0.0],[-76.3198491,42.829281688,0.0],[-76.319922573,42.829298156,0.0],[-76.319959304,42.829336818,0.0],[-76.32000436,42.829326975,0.0],[-76.320038,42.829291546,0.0],[-76.320141757,42.829305757,0.0],[-76.320252208,42.829375335,0.0],[-76.320299988,42.829402698,0.0],[-76.320335976,42.829428446,0.0],[-76.320352893,42.829441448,0.0],[-76.320406962,42.829483009,0.0],[-76.320424332,42.82952062,0.0],[-76.320390817,42.829548059,0.0],[-76.320356725,42.829584067,0.0],[-76.320349192,42.829617067,0.0],[-76.320356592,42.829628067,0.0],[-76.320378219,42.829648405,0.0],[-76.320370815,42.829678238,0.0],[-76.320411767,42.829719078,0.0],[-76.320443658,42.829765085,0.0],[-76.320440422,42.829820692,0.0],[-76.320486466,42.829838207,0.0],[-76.320526921,42.829880581,0.0],[-76.320497746,42.829932637,0.0],[-76.320507174,42.829964355,0.0],[-76.32055061,42.829997528,0.0],[-76.320628916,42.830067507,0.0],[-76.320700645,42.830134984,0.0],[-76.32084064,42.830189389,0.0],[-76.320921054,42.83027567,0.0],[-76.321025297,42.830379627,0.0],[-76.321087723,42.830407394,0.0],[-76.321161941,42.830436776,0.0],[-76.321233303,42.830467369,0.0],[-76.321350331,42.830569874,0.0],[-76.321431118,42.830662612,0.0],[-76.321510795,42.830705552,0.0],[-76.321554486,42.830692319,0.0],[-76.321623859,42.830759471,0.0],[-76.321674863,42.830822506,0.0],[-76.321720036,42.830865526,0.0],[-76.321838434,42.830940994,0.0],[-76.321918603,42.831012828,0.0],[-76.321991583,42.831030829,0.0],[-76.322071749,42.831133091,0.0],[-76.322182707,42.831170706,0.0],[-76.322284719,42.831266349,0.0],[-76.322401758,42.831308,0.0],[-76.322452641,42.831348599,0.0],[-76.322476344,42.831374265,0.0],[-76.32250564,42.831344647,0.0],[-76.322514333,42.831302599,0.0],[-76.322558639,42.831297721,0.0],[-76.322614863,42.831339089,0.0],[-76.322585447,42.83134917,0.0],[-76.322661636,42.831524551,0.0],[-76.322727912,42.831548041,0.0],[-76.322783634,42.831611722,0.0],[-76.322833774,42.831639406,0.0],[-76.322851397,42.831661037,0.0],[-76.32289297,42.83172278,0.0],[-76.322953409,42.831787107,0.0],[-76.323004296,42.831797278,0.0],[-76.323047982,42.831844898,0.0],[-76.32314851,42.831914715,0.0],[-76.323262445,42.831973555,0.0],[-76.323391639,42.832114556,0.0],[-76.323499737,42.832214236,0.0],[-76.323550125,42.832256367,0.0],[-76.323758508,42.832411415,0.0],[-76.323886344,42.832488172,0.0],[-76.324046322,42.832625381,0.0],[-76.324123024,42.832677521,0.0],[-76.324210399,42.832742332,0.0],[-76.324272704,42.832778089,0.0],[-76.324399672,42.83288035,0.0],[-76.32455382,42.832997543,0.0],[-76.324604582,42.83304613,0.0],[-76.324642684,42.83308818,0.0],[-76.324678554,42.833091491,0.0],[-76.324745202,42.833151862,0.0],[-76.324761709,42.833184549,0.0],[-76.324832333,42.833202226,0.0],[-76.324884832,42.833260661,0.0],[-76.324965882,42.833276563,0.0],[-76.325044696,42.833314578,0.0],[-76.325090866,42.833354529,0.0],[-76.325116681,42.833396498,0.0],[-76.325177372,42.833444844,0.0],[-76.325225532,42.833448236,0.0],[-76.325285481,42.833483668,0.0],[-76.325352626,42.833542505,0.0],[-76.325394204,42.833573821,0.0],[-76.325429824,42.833623538,0.0],[-76.325509758,42.833650497,0.0],[-76.325588573,42.833688512,0.0],[-76.32560992,42.833713854,0.0],[-76.325630647,42.833748721,0.0],[-76.325681537,42.833758892,0.0],[-76.325793621,42.833724594,0.0],[-76.325860152,42.833701674,0.0],[-76.325923328,42.833702232,0.0],[-76.325989549,42.833755295,0.0],[-76.326056263,42.833765357,0.0],[-76.326068673,42.833787875,0.0],[-76.326085304,42.833812572,0.0],[-76.32609784,42.8338271,0.0],[-76.326096949,42.833864491,0.0],[-76.326097586,42.833934361,0.0],[-76.326142764,42.833977378,0.0],[-76.326141894,42.834002882,0.0],[-76.326119301,42.834027013,0.0],[-76.326053021,42.834003525,0.0],[-76.326045572,42.834026527,0.0],[-76.326094473,42.834103685,0.0],[-76.326127489,42.834108205,0.0],[-76.326144247,42.834094486,0.0],[-76.326200846,42.834102235,0.0],[-76.326252479,42.834155745,0.0],[-76.326330922,42.834217729,0.0],[-76.326397076,42.834279634,0.0],[-76.326459011,42.834339359,0.0],[-76.326484951,42.834373338,0.0],[-76.326607086,42.834452514,0.0],[-76.326670882,42.834514095,0.0],[-76.326722517,42.834537178,0.0],[-76.326815482,42.834637984,0.0],[-76.326989252,42.834709817,0.0],[-76.327152226,42.834746542,0.0],[-76.327387938,42.834786819,0.0],[-76.327455213,42.834807239,0.0],[-76.327542968,42.834817651,0.0],[-76.327634199,42.834847756,0.0],[-76.327700232,42.83491765,0.0],[-76.327800725,42.8349624,0.0],[-76.327805236,42.835095369,0.0],[-76.327827452,42.835156062,0.0],[-76.327918806,42.835269456,0.0],[-76.328035978,42.835363966,0.0],[-76.32811517,42.835378011,0.0],[-76.328166928,42.835453956,0.0],[-76.328201186,42.835561137,0.0],[-76.328264239,42.835670656,0.0],[-76.328492257,42.835841194,0.0],[-76.328598632,42.835900595,0.0],[-76.328677699,42.835983482,0.0],[-76.328732688,42.836003821,0.0],[-76.328798231,42.835916932,0.0],[-76.328856692,42.835902292,0.0],[-76.328925707,42.835932557,0.0],[-76.328953138,42.835961935,0.0],[-76.328925539,42.835992615,0.0],[-76.328876178,42.836047485,0.0],[-76.328906837,42.836112535,0.0],[-76.329012717,42.83617347,0.0],[-76.329067581,42.836232225,0.0],[-76.329160056,42.836243282,0.0],[-76.329246572,42.836333594,0.0],[-76.329328124,42.83634796,0.0],[-76.329377402,42.836401146,0.0],[-76.329422958,42.836389767,0.0],[-76.329448776,42.836401307,0.0],[-76.329475092,42.836411316,0.0],[-76.329497435,42.836433591,0.0],[-76.329526728,42.836464825,0.0],[-76.329561609,42.8364712,0.0],[-76.329686729,42.836541174,0.0],[-76.329730795,42.836595248,0.0],[-76.32984487,42.836646094,0.0],[-76.329949386,42.836673211,0.0],[-76.329983521,42.8366971,0.0],[-76.330009465,42.836731078,0.0],[-76.330065953,42.836757518,0.0],[-76.330105725,42.836806267,0.0],[-76.330115968,42.836873769,0.0],[-76.330171331,42.83693099,0.0],[-76.330203108,42.83701541,0.0],[-76.330231162,42.837065691,0.0],[-76.330243451,42.837126624,0.0],[-76.330273615,42.837162781,0.0],[-76.330371306,42.837233803,0.0],[-76.330399981,42.837274561,0.0],[-76.330489603,42.837347681,0.0],[-76.330518525,42.837372457,0.0],[-76.330563213,42.837386581,0.0],[-76.33062801,42.837445094,0.0],[-76.330747051,42.837480604,0.0],[-76.330761326,42.837504978,0.0],[-76.330810854,42.837511756,0.0],[-76.330851942,42.837544604,0.0],[-76.330950006,42.837561229,0.0],[-76.330997921,42.837611025,0.0],[-76.33104534,42.837662354,0.0],[-76.331188588,42.837721996,0.0],[-76.331255496,42.837766385,0.0],[-76.331324887,42.837833532,0.0],[-76.331375408,42.837837244,0.0],[-76.331526352,42.83788833,0.0],[-76.331580724,42.837948618,0.0],[-76.331659176,42.837980173,0.0],[-76.331741476,42.838007451,0.0],[-76.331783929,42.838013262,0.0],[-76.331864615,42.838022703,0.0],[-76.332023874,42.837994856,0.0],[-76.332043323,42.837946586,0.0],[-76.332117714,42.837918022,0.0],[-76.332142292,42.837918182,0.0],[-76.332167243,42.8379248,0.0],[-76.332194525,42.8379476,0.0],[-76.332337307,42.838023341,0.0],[-76.332480557,42.83808298,0.0],[-76.332600966,42.838121879,0.0],[-76.332784807,42.838155046,0.0],[-76.332918747,42.838205404,0.0],[-76.33301756,42.838265368,0.0],[-76.333072182,42.838340102,0.0],[-76.33306089,42.838428235,0.0],[-76.333067325,42.838507267,0.0],[-76.333043852,42.838550414,0.0],[-76.333073685,42.838578915,0.0],[-76.333054197,42.838616284,0.0],[-76.333038932,42.83865583,0.0],[-76.333049733,42.838690938,0.0],[-76.333015722,42.838719913,0.0],[-76.332976432,42.838738916,0.0],[-76.332970525,42.838754267,0.0],[-76.332962992,42.8387872,0.0],[-76.332940725,42.8389738,0.0],[-76.332955592,42.839072667,0.0],[-76.332970592,42.839089067,0.0],[-76.332992925,42.839144,0.0],[-76.333052725,42.8392264,0.0],[-76.333067592,42.8392538,0.0],[-76.333104925,42.8392922,0.0],[-76.333119792,42.839314067,0.0],[-76.333142192,42.839347067,0.0],[-76.333224325,42.8394294,0.0],[-76.333261592,42.8394678,0.0],[-76.333641992,42.839775067,0.0],[-76.333679325,42.839819,0.0],[-76.333719137,42.839909925,0.0],[-76.333834094,42.840026544,0.0],[-76.333985547,42.840136947,0.0],[-76.334031728,42.840176896,0.0],[-76.334293913,42.840310459,0.0],[-76.334374853,42.840364772,0.0],[-76.334427242,42.840400766,0.0],[-76.334507558,42.840403749,0.0],[-76.334651179,42.840348137,0.0],[-76.334768525,42.840307267,0.0],[-76.334777109,42.840308364,0.0],[-76.334820725,42.8403512,0.0],[-76.334881455,42.840405269,0.0],[-76.334879725,42.840486703,0.0],[-76.33482424,42.840528753,0.0],[-76.334814191,42.840531798,0.0],[-76.334769621,42.840545301,0.0],[-76.334729407,42.840608657,0.0],[-76.334811714,42.840666361,0.0],[-76.334882228,42.840722449,0.0],[-76.334898743,42.840785562,0.0],[-76.334879885,42.840904687,0.0],[-76.335067959,42.840970456,0.0],[-76.335123701,42.841034132,0.0],[-76.335322835,42.841210309,0.0],[-76.335350644,42.841246142,0.0],[-76.335430471,42.841311512,0.0],[-76.335560576,42.841396572,0.0],[-76.335600925,42.841446931,0.0],[-76.3357273,42.841467426,0.0],[-76.335792479,42.841532393,0.0],[-76.335868336,42.84161003,0.0],[-76.335901983,42.841665878,0.0],[-76.335954499,42.841724307,0.0],[-76.336026998,42.841743836,0.0],[-76.336118241,42.841743509,0.0],[-76.33619,42.841810977,0.0],[-76.336244129,42.841856817,0.0],[-76.33629131,42.841924124,0.0],[-76.336301867,42.841975212,0.0],[-76.33634929,42.841996113,0.0],[-76.336419435,42.842045744,0.0],[-76.33645246,42.842080689,0.0],[-76.336473191,42.842085127,0.0],[-76.336508568,42.842059541,0.0],[-76.336562198,42.842076487,0.0],[-76.336605496,42.842085015,0.0],[-76.336677769,42.842148228,0.0],[-76.336692929,42.842182449,0.0],[-76.336710683,42.842196088,0.0],[-76.336724179,42.842190737,0.0],[-76.336758722,42.842177039,0.0],[-76.336809624,42.842217632,0.0],[-76.336823284,42.842251528,0.0],[-76.336893552,42.84229317,0.0],[-76.336910936,42.842330778,0.0],[-76.336899393,42.842354963,0.0],[-76.336887975,42.842378881,0.0],[-76.33692994,42.84241665,0.0],[-76.336970108,42.842421244,0.0],[-76.337074192,42.8425188,0.0],[-76.337111592,42.842562667,0.0],[-76.337202178,42.842642602,0.0],[-76.337137039,42.842689996,0.0],[-76.337307877,42.842862297,0.0],[-76.337377404,42.842921451,0.0],[-76.33748666,42.843010063,0.0],[-76.337599259,42.843035075,0.0],[-76.337673007,42.84309641,0.0],[-76.337655388,42.843166061,0.0],[-76.337768123,42.843274364,0.0],[-76.33781965,42.84333586,0.0],[-76.337843615,42.84337597,0.0],[-76.337919722,42.843437626,0.0],[-76.337989865,42.84345683,0.0],[-76.338163433,42.843575056,0.0],[-76.338270086,42.843679324,0.0],[-76.338325588,42.843758978,0.0],[-76.338450501,42.843936204,0.0],[-76.338513946,42.843991323,0.0],[-76.33864085,42.844048552,0.0],[-76.338648725,42.8440718,0.0],[-76.338686125,42.8441376,0.0],[-76.338708525,42.844192467,0.0],[-76.338730925,42.844209,0.0],[-76.338745925,42.8442748,0.0],[-76.338768325,42.844291267,0.0],[-76.338783192,42.8443626,0.0],[-76.338842925,42.8445218,0.0],[-76.338946061,42.844758689,0.0],[-76.338929083,42.844816772,0.0],[-76.338989437,42.844949935,0.0],[-76.339067415,42.845043873,0.0],[-76.339088535,42.845146047,0.0],[-76.33913746,42.8452232,0.0],[-76.339238658,42.845344335,0.0],[-76.339386009,42.845495941,0.0],[-76.33943098,42.845473131,0.0],[-76.339592521,42.845636149,0.0],[-76.339711102,42.845764465,0.0],[-76.339668274,42.845782627,0.0],[-76.33975047,42.845848317,0.0],[-76.339771286,42.845856706,0.0],[-76.339887792,42.845976067,0.0],[-76.339925325,42.84602,0.0],[-76.340089392,42.846140667,0.0],[-76.340271052,42.846257514,0.0],[-76.340224294,42.846302262,0.0],[-76.340422087,42.846444615,0.0],[-76.340685433,42.846597536,0.0],[-76.340860514,42.846772011,0.0],[-76.340966423,42.846832937,0.0],[-76.341114432,42.846954067,0.0],[-76.341237602,42.847030164,0.0],[-76.341292124,42.847064912,0.0],[-76.341305725,42.847089867,0.0],[-76.341342992,42.847144867,0.0],[-76.341380325,42.847188667,0.0],[-76.341425192,42.847271067,0.0],[-76.341611792,42.8475016,0.0],[-76.341671525,42.8475674,0.0],[-76.341698829,42.847603594,0.0],[-76.341696219,42.847706211,0.0],[-76.341742796,42.847813467,0.0],[-76.341768021,42.84792581,0.0],[-76.341810868,42.847998926,0.0],[-76.341881642,42.848039032,0.0],[-76.341937527,42.848125142,0.0],[-76.342002346,42.848183649,0.0],[-76.342071516,42.848266772,0.0],[-76.342135219,42.848336336,0.0],[-76.342163778,42.848354654,0.0],[-76.342268429,42.848312919,0.0],[-76.342314751,42.848375302,0.0],[-76.342310916,42.848440432,0.0],[-76.342436463,42.848577705,0.0],[-76.342569447,42.848661548,0.0],[-76.342682208,42.848800273,0.0],[-76.342777933,42.848816568,0.0],[-76.342869308,42.848808247,0.0],[-76.342908371,42.84881051,0.0],[-76.342940325,42.8488404,0.0],[-76.343000125,42.8489118,0.0],[-76.343000125,42.848917267,0.0],[-76.343053921,42.848970038,0.0],[-76.343124104,42.848964795,0.0],[-76.343182467,42.849012811,0.0],[-76.343255853,42.849067685,0.0],[-76.343327377,42.849120702,0.0],[-76.343368235,42.849169526,0.0],[-76.343425096,42.849161289,0.0],[-76.343451921,42.849200188,0.0],[-76.343415177,42.849222386,0.0],[-76.343376318,42.84922828,0.0],[-76.343358568,42.849245069,0.0],[-76.343370492,42.849269119,0.0],[-76.343351739,42.849285882,0.0],[-76.343380725,42.849317867,0.0],[-76.34338634,42.84932553,0.0],[-76.343338479,42.849352816,0.0],[-76.343426041,42.849500904,0.0],[-76.343521659,42.849586042,0.0],[-76.343611941,42.849680057,0.0],[-76.343764557,42.849809819,0.0],[-76.343881277,42.849875423,0.0],[-76.343946963,42.849908426,0.0],[-76.343998984,42.849907532,0.0],[-76.344004804,42.849904543,0.0],[-76.344079214,42.84995487,0.0],[-76.344033391,42.849976292,0.0],[-76.344155334,42.850071433,0.0],[-76.344233815,42.850133408,0.0],[-76.344314655,42.850195706,0.0],[-76.344393999,42.850232178,0.0],[-76.344460808,42.85028455,0.0],[-76.344623726,42.850390099,0.0],[-76.344696001,42.850456029,0.0],[-76.344799563,42.850516629,0.0],[-76.344860158,42.85054253,0.0],[-76.344953779,42.850572947,0.0],[-76.34507635,42.850688991,0.0],[-76.34516017,42.850742087,0.0],[-76.345269702,42.850845139,0.0],[-76.345283124,42.850895014,0.0],[-76.34538532,42.850952224,0.0],[-76.345536072,42.851049702,0.0],[-76.345615044,42.851079717,0.0],[-76.345685702,42.851127811,0.0],[-76.345898279,42.851201715,0.0],[-76.346009425,42.851292175,0.0],[-76.346097964,42.851345916,0.0],[-76.346325707,42.851479541,0.0],[-76.34648279,42.851565072,0.0],[-76.346574934,42.851630515,0.0],[-76.346596313,42.851716707,0.0],[-76.346643634,42.851776022,0.0],[-76.346717296,42.851906194,0.0],[-76.346846072,42.851987854,0.0],[-76.346927057,42.852103014,0.0],[-76.346955618,42.852121331,0.0],[-76.347044769,42.852135121,0.0],[-76.347007414,42.85219727,0.0],[-76.347077718,42.85229976,0.0],[-76.347184889,42.852372061,0.0],[-76.347271811,42.852407965,0.0],[-76.347359499,42.852517636,0.0],[-76.347459471,42.852596958,0.0],[-76.34756713,42.852637298,0.0],[-76.347699243,42.852655361,0.0],[-76.347745321,42.852703295,0.0],[-76.347859907,42.852738082,0.0],[-76.347880992,42.852763467,0.0],[-76.347909289,42.852784261,0.0],[-76.347880324,42.852841852,0.0],[-76.347978547,42.852880902,0.0],[-76.348049585,42.852935451,0.0],[-76.348115893,42.852958928,0.0],[-76.348129804,42.852976844,0.0],[-76.348126959,42.853008481,0.0],[-76.348198361,42.85303906,0.0],[-76.348231772,42.853080458,0.0],[-76.348252153,42.853139292,0.0],[-76.348359336,42.853242018,0.0],[-76.348467867,42.85328728,0.0],[-76.348514808,42.853309711,0.0],[-76.348524141,42.853379844,0.0],[-76.348608959,42.853429872,0.0],[-76.348742712,42.853526622,0.0],[-76.34880245,42.853578024,0.0],[-76.34879687,42.853602882,0.0],[-76.348905291,42.853686562,0.0],[-76.34900141,42.853739736,0.0],[-76.349179989,42.853842613,0.0],[-76.349309764,42.853921204,0.0],[-76.349384782,42.853993911,0.0],[-76.349429495,42.854038455,0.0],[-76.349486247,42.854068631,0.0],[-76.34956073,42.854021166,0.0],[-76.349594509,42.854038594,0.0],[-76.349602943,42.854012524,0.0],[-76.349635865,42.853986541,0.0],[-76.349664394,42.853982493,0.0],[-76.34968998,42.854010011,0.0],[-76.349675932,42.854018404,0.0],[-76.349623072,42.854056911,0.0],[-76.349689889,42.85410928,0.0],[-76.349663198,42.854123246,0.0],[-76.349642958,42.854117277,0.0],[-76.349604724,42.854144077,0.0],[-76.34965366,42.854190799,0.0],[-76.349623618,42.85420751,0.0],[-76.349649326,42.854227038,0.0],[-76.349728557,42.854271496,0.0],[-76.349780217,42.854294571,0.0],[-76.349805672,42.854299652,0.0],[-76.349914176,42.854253635,0.0],[-76.349919488,42.854212095,0.0],[-76.349925992,42.854217267,0.0],[-76.349948309,42.854216666,0.0],[-76.349944978,42.854234016,0.0],[-76.34994112,42.854254115,0.0],[-76.349969238,42.854255993,0.0],[-76.349986938,42.854257175,0.0],[-76.349982968,42.854269445,0.0],[-76.349980984,42.854275577,0.0],[-76.349957766,42.854278808,0.0],[-76.349939904,42.854334015,0.0],[-76.349953442,42.854345473,0.0],[-76.349966727,42.854342486,0.0],[-76.34997504,42.854324406,0.0],[-76.349998633,42.854327631,0.0],[-76.350014408,42.854347402,0.0],[-76.350043852,42.854401068,0.0],[-76.350024867,42.854436904,0.0],[-76.350054301,42.854460144,0.0],[-76.350113182,42.85453705,0.0],[-76.35016311,42.854580705,0.0],[-76.350179776,42.854666252,0.0],[-76.350261257,42.85474945,0.0],[-76.350232713,42.854791987,0.0],[-76.350284879,42.854843954,0.0],[-76.350284019,42.854869458,0.0],[-76.350376941,42.855008665,0.0],[-76.350442028,42.855081615,0.0],[-76.350541391,42.855170458,0.0],[-76.350581245,42.855161494,0.0],[-76.350595775,42.855169886,0.0],[-76.350692347,42.855116874,0.0],[-76.35071309,42.855139785,0.0],[-76.350605719,42.855200069,0.0],[-76.350645969,42.855258415,0.0],[-76.350740128,42.855378573,0.0],[-76.35079997,42.855361132,0.0],[-76.350812516,42.855375657,0.0],[-76.350781855,42.855401892,0.0],[-76.350797257,42.855415206,0.0],[-76.350868563,42.855514627,0.0],[-76.350854671,42.855557565,0.0],[-76.350816062,42.855577908,0.0],[-76.350840283,42.855602037,0.0],[-76.350935557,42.855711139,0.0],[-76.35103103,42.855682554,0.0],[-76.351056244,42.855703616,0.0],[-76.351096392,42.855690017,0.0],[-76.351119934,42.855681896,0.0],[-76.351141299,42.855707235,0.0],[-76.351117763,42.855719058,0.0],[-76.351073641,42.855741222,0.0],[-76.351094764,42.855782541,0.0],[-76.351056904,42.855815798,0.0],[-76.351089934,42.855820313,0.0],[-76.35117253,42.855892452,0.0],[-76.351138772,42.855935878,0.0],[-76.351180511,42.855989623,0.0],[-76.351194302,42.856015527,0.0],[-76.351240982,42.855993085,0.0],[-76.351323578,42.856065224,0.0],[-76.351267594,42.856108814,0.0],[-76.351371283,42.856130993,0.0],[-76.351428666,42.856182072,0.0],[-76.351551867,42.856258161,0.0],[-76.351594589,42.856278412,0.0],[-76.351626494,42.856263556,0.0],[-76.351704591,42.856203675,0.0],[-76.351740325,42.856220067,0.0],[-76.35165829,42.856287118,0.0],[-76.35169046,42.856317137,0.0],[-76.351648753,42.856354671,0.0],[-76.35181257,42.856465135,0.0],[-76.351911419,42.856494658,0.0],[-76.351991284,42.856560019,0.0],[-76.352053122,42.856566869,0.0],[-76.352081809,42.856577195,0.0],[-76.352236796,42.856646418,0.0],[-76.352390418,42.856712251,0.0],[-76.35254179,42.856739345,0.0],[-76.352623738,42.856729728,0.0],[-76.352658257,42.856729642,0.0],[-76.352706072,42.856756994,0.0],[-76.352698134,42.85678153,0.0],[-76.352757746,42.856810494,0.0],[-76.352775992,42.856792171,0.0],[-76.352904775,42.856843399,0.0],[-76.353003601,42.856812069,0.0],[-76.35301789,42.856836441,0.0],[-76.353001628,42.85684863,0.0],[-76.35301766,42.856882847,0.0],[-76.353125814,42.856891223,0.0],[-76.353115892,42.856921894,0.0],[-76.353035808,42.856933367,0.0],[-76.353058674,42.856984531,0.0],[-76.353069733,42.857003657,0.0],[-76.35308131,42.857082102,0.0],[-76.353094486,42.85711753,0.0],[-76.353111134,42.857142224,0.0],[-76.353129161,42.857200735,0.0],[-76.353113297,42.857280233,0.0],[-76.353183472,42.857329856,0.0],[-76.353212691,42.857429928,0.0],[-76.353302877,42.857531927,0.0],[-76.353364885,42.857652494,0.0],[-76.353487728,42.85775255,0.0],[-76.353535799,42.857794349,0.0],[-76.353595279,42.857800876,0.0],[-76.353627694,42.857814914,0.0],[-76.353654034,42.857855344,0.0],[-76.35358837,42.857913625,0.0],[-76.353671601,42.858006667,0.0],[-76.353688746,42.858029826,0.0],[-76.353721402,42.858027885,0.0],[-76.353752461,42.858068958,0.0],[-76.35381268,42.858057973,0.0],[-76.353847193,42.858057932,0.0],[-76.353879735,42.858063933,0.0],[-76.353883098,42.858091616,0.0],[-76.35387855,42.858093545,0.0],[-76.353834555,42.858112204,0.0],[-76.353783399,42.858118023,0.0],[-76.353851858,42.858218654,0.0],[-76.353911616,42.85830048,0.0],[-76.354032974,42.858405138,0.0],[-76.354114851,42.858525216,0.0],[-76.354207268,42.8586051,0.0],[-76.354316442,42.858671262,0.0],[-76.354345892,42.858724926,0.0],[-76.354393964,42.858766724,0.0],[-76.354450844,42.85878891,0.0],[-76.354624849,42.858883145,0.0],[-76.354726329,42.858957863,0.0],[-76.354751399,42.85892606,0.0],[-76.354702093,42.858903308,0.0],[-76.354722323,42.858878851,0.0],[-76.354786148,42.858879567,0.0],[-76.354831608,42.858906595,0.0],[-76.354819218,42.85897536,0.0],[-76.354878337,42.859005857,0.0],[-76.354990973,42.859030856,0.0],[-76.355080982,42.858988712,0.0],[-76.355147433,42.859034622,0.0],[-76.355103488,42.859063846,0.0],[-76.355184592,42.859110157,0.0],[-76.355268177,42.859148801,0.0],[-76.355329039,42.859189144,0.0],[-76.355418952,42.859215843,0.0],[-76.355457924,42.859171527,0.0],[-76.355430724,42.859156601,0.0],[-76.355460662,42.859125424,0.0],[-76.355486453,42.859098564,0.0],[-76.355522596,42.859116313,0.0],[-76.355516147,42.859136248,0.0],[-76.355532046,42.859148028,0.0],[-76.355513827,42.85917047,0.0],[-76.355499282,42.859188388,0.0],[-76.355518533,42.859197424,0.0],[-76.355533869,42.85918745,0.0],[-76.355565333,42.859166989,0.0],[-76.355601234,42.859200718,0.0],[-76.355579684,42.859226268,0.0],[-76.355561269,42.8592481,0.0],[-76.355526495,42.859233741,0.0],[-76.355497819,42.859253842,0.0],[-76.355468138,42.859246583,0.0],[-76.355452748,42.859263696,0.0],[-76.355535716,42.859311863,0.0],[-76.355590626,42.859370608,0.0],[-76.355675725,42.859465504,0.0],[-76.355776966,42.859556201,0.0],[-76.355837467,42.859620514,0.0],[-76.355867777,42.859648674,0.0],[-76.35591856,42.859636398,0.0],[-76.355968617,42.859672062,0.0],[-76.355959193,42.859701198,0.0],[-76.355980065,42.85972807,0.0],[-76.356072982,42.85980642,0.0],[-76.356186879,42.859873224,0.0],[-76.35628115,42.859924537,0.0],[-76.356341518,42.859966413,0.0],[-76.356443739,42.860023615,0.0],[-76.356559488,42.860061849,0.0],[-76.356711379,42.860117831,0.0],[-76.35683855,42.86015122,0.0],[-76.357078373,42.860240033,0.0],[-76.357132279,42.860271419,0.0],[-76.357214245,42.860292225,0.0],[-76.357276477,42.860335956,0.0],[-76.357377694,42.860365799,0.0],[-76.357508578,42.860372473,0.0],[-76.357528192,42.860357539,0.0],[-76.357631648,42.860395693,0.0],[-76.357636201,42.860391965,0.0],[-76.357688624,42.860349033,0.0],[-76.357759422,42.860389131,0.0],[-76.357752974,42.860409067,0.0],[-76.357699559,42.860446833,0.0],[-76.357637896,42.860483017,0.0],[-76.357622011,42.860501663,0.0],[-76.35761705,42.860516998,0.0],[-76.357640645,42.860520222,0.0],[-76.357638675,42.860556782,0.0],[-76.35767817,42.860571787,0.0],[-76.357673465,42.860601568,0.0],[-76.357658478,42.860685991,0.0],[-76.357723687,42.860720521,0.0],[-76.357811647,42.860814204,0.0],[-76.357836623,42.860851244,0.0],[-76.357893614,42.860835011,0.0],[-76.357910265,42.860859704,0.0],[-76.357882701,42.860868748,0.0],[-76.357892033,42.860908454,0.0],[-76.357877648,42.860952927,0.0],[-76.357915415,42.860988512,0.0],[-76.357927602,42.861027006,0.0],[-76.357965368,42.861062591,0.0],[-76.357980787,42.86110633,0.0],[-76.358018553,42.861141915,0.0],[-76.358057191,42.861182422,0.0],[-76.358121543,42.861242455,0.0],[-76.358179043,42.861255116,0.0],[-76.358246867,42.861304414,0.0],[-76.35830835,42.861335232,0.0],[-76.358362995,42.861349103,0.0],[-76.358416287,42.861390011,0.0],[-76.358469564,42.861400492,0.0],[-76.358574375,42.86141161,0.0],[-76.358662685,42.861450896,0.0],[-76.358734088,42.861451043,0.0],[-76.358785877,42.861466125,0.0],[-76.358976504,42.861493769,0.0],[-76.359082684,42.861508275,0.0],[-76.359199924,42.861541905,0.0],[-76.359331564,42.861561491,0.0],[-76.359415984,42.861496623,0.0],[-76.35952704,42.861522339,0.0],[-76.35943887,42.861595366,0.0],[-76.359522717,42.861648454,0.0],[-76.35956582,42.86167516,0.0],[-76.359693747,42.861721458,0.0],[-76.359881775,42.86176476,0.0],[-76.360007584,42.861794756,0.0],[-76.36006794,42.861806204,0.0],[-76.360214503,42.861871062,0.0],[-76.360273884,42.861916003,0.0],[-76.360346992,42.861957867,0.0],[-76.360421725,42.8620402,0.0],[-76.360421725,42.862045667,0.0],[-76.360488925,42.862073067,0.0],[-76.360493926,42.862157431,0.0],[-76.360548592,42.862143423,0.0],[-76.360548592,42.862160867,0.0],[-76.360538911,42.862218128,0.0],[-76.360512834,42.862220863,0.0],[-76.360477906,42.862405044,0.0],[-76.360471145,42.862540229,0.0],[-76.360506449,42.862613907,0.0],[-76.360596791,42.862738338,0.0],[-76.360677544,42.862808617,0.0],[-76.360819438,42.862964108,0.0],[-76.360993991,42.863117656,0.0],[-76.361080833,42.863191968,0.0],[-76.361143942,42.863240621,0.0],[-76.361224393,42.863205173,0.0],[-76.361261171,42.863243824,0.0],[-76.361374736,42.863365021,0.0],[-76.36140466,42.863356298,0.0],[-76.361446276,42.863387603,0.0],[-76.361429399,42.863409317,0.0],[-76.361468537,42.86344829,0.0],[-76.361543085,42.863522524,0.0],[-76.361617993,42.863572788,0.0],[-76.361684574,42.863610705,0.0],[-76.36172021,42.863599561,0.0],[-76.361746797,42.863624008,0.0],[-76.361801324,42.863645868,0.0],[-76.361860196,42.863661916,0.0],[-76.36182868,42.863713655,0.0],[-76.361956525,42.863828796,0.0],[-76.36208273,42.863895674,0.0],[-76.362282102,42.86400297,0.0],[-76.36234087,42.864057433,0.0],[-76.36239579,42.864116176,0.0],[-76.362442264,42.864170562,0.0],[-76.362517021,42.864167963,0.0],[-76.362551168,42.864161418,0.0],[-76.362557023,42.86415696,0.0],[-76.362570781,42.864146482,0.0],[-76.362626062,42.864181254,0.0],[-76.362709146,42.864191001,0.0],[-76.362684858,42.864245331,0.0],[-76.362664618,42.864290603,0.0],[-76.36270338,42.86432312,0.0],[-76.362749326,42.864318187,0.0],[-76.362776043,42.864306853,0.0],[-76.362805096,42.864326455,0.0],[-76.362793833,42.864409132,0.0],[-76.362816318,42.864423413,0.0],[-76.362838035,42.864394353,0.0],[-76.362889451,42.864402977,0.0],[-76.362906225,42.864419679,0.0],[-76.362945525,42.8644212,0.0],[-76.363072592,42.8645144,0.0],[-76.363100722,42.864532027,0.0],[-76.363085524,42.864604296,0.0],[-76.363146652,42.864659081,0.0],[-76.363273646,42.864799724,0.0],[-76.363372906,42.864866123,0.0],[-76.363442347,42.864902829,0.0],[-76.363523072,42.864912253,0.0],[-76.363672759,42.864990342,0.0],[-76.363759247,42.865088623,0.0],[-76.363948706,42.865226588,0.0],[-76.363985214,42.865220364,0.0],[-76.364067958,42.865284506,0.0],[-76.364136663,42.865338725,0.0],[-76.364217284,42.865329882,0.0],[-76.364314827,42.865391117,0.0],[-76.364275699,42.865464999,0.0],[-76.364391599,42.865525663,0.0],[-76.364472377,42.865626366,0.0],[-76.364556849,42.865669927,0.0],[-76.364644536,42.865688307,0.0],[-76.364737456,42.865627835,0.0],[-76.364770765,42.865649236,0.0],[-76.364771568,42.865668826,0.0],[-76.364707137,42.865708065,0.0],[-76.36474951,42.865752282,0.0],[-76.364730649,42.86578013,0.0],[-76.364770167,42.86582556,0.0],[-76.364779247,42.865850818,0.0],[-76.364854656,42.865899547,0.0],[-76.364917378,42.865911315,0.0],[-76.364940959,42.865884111,0.0],[-76.364921943,42.865859096,0.0],[-76.364985383,42.865822924,0.0],[-76.365054841,42.865890055,0.0],[-76.365042308,42.865905958,0.0],[-76.365083433,42.865938796,0.0],[-76.365032031,42.865960599,0.0],[-76.365112794,42.866030875,0.0],[-76.365148961,42.866079048,0.0],[-76.365213068,42.866124631,0.0],[-76.365418659,42.866227967,0.0],[-76.36554041,42.866308644,0.0],[-76.365593591,42.866357539,0.0],[-76.365644138,42.866361239,0.0],[-76.365679964,42.86633662,0.0],[-76.365721108,42.866363397,0.0],[-76.365677073,42.866404167,0.0],[-76.365727518,42.866446283,0.0],[-76.365671672,42.866512316,0.0],[-76.365731078,42.866587681,0.0],[-76.365871793,42.866602093,0.0],[-76.366011294,42.866665977,0.0],[-76.366123094,42.866716472,0.0],[-76.366189962,42.866668531,0.0],[-76.366247465,42.866705954,0.0],[-76.366188314,42.866750998,0.0],[-76.366272054,42.866812072,0.0],[-76.36639569,42.86692503,0.0],[-76.366477447,42.866992239,0.0],[-76.366604774,42.867048055,0.0],[-76.366657939,42.867066524,0.0],[-76.366678443,42.867064864,0.0],[-76.366738906,42.867059967,0.0],[-76.366781879,42.867064232,0.0],[-76.366804743,42.867084969,0.0],[-76.366765628,42.867132415,0.0],[-76.366813192,42.867169267,0.0],[-76.367174029,42.867429426,0.0],[-76.367311149,42.867629691,0.0],[-76.367468918,42.867705675,0.0],[-76.367576636,42.867776427,0.0],[-76.367666227,42.867857514,0.0],[-76.367972467,42.86803063,0.0],[-76.36807396,42.868074912,0.0],[-76.368150247,42.868128562,0.0],[-76.368169898,42.868174478,0.0],[-76.368218483,42.868214739,0.0],[-76.368454544,42.868368665,0.0],[-76.368510962,42.868422803,0.0],[-76.368569563,42.868424649,0.0],[-76.368715574,42.868529201,0.0],[-76.368779568,42.868582773,0.0],[-76.36891872,42.868670625,0.0],[-76.369059199,42.868743875,0.0],[-76.369247392,42.868886,0.0],[-76.369463992,42.869023067,0.0],[-76.369523725,42.8690724,0.0],[-76.369702925,42.869165667,0.0],[-76.370285325,42.8696154,0.0],[-76.370509525,42.869812867,0.0],[-76.370540786,42.869838382,0.0],[-76.370623501,42.869952183,0.0],[-76.370684412,42.869955613,0.0],[-76.370703362,42.86995668,0.0],[-76.370753654,42.869945932,0.0],[-76.370772177,42.869972479,0.0],[-76.370729665,42.869992549,0.0],[-76.370716927,42.869998564,0.0],[-76.370743402,42.870031,0.0],[-76.370692873,42.870057728,0.0],[-76.37074382,42.870098309,0.0],[-76.370902374,42.870217629,0.0],[-76.371058667,42.870298212,0.0],[-76.371156933,42.870337246,0.0],[-76.371197568,42.870371615,0.0],[-76.371278679,42.870387491,0.0],[-76.371492923,42.870578463,0.0],[-76.371520747,42.870583862,0.0],[-76.371558451,42.870548951,0.0],[-76.371607263,42.870589852,0.0],[-76.371587085,42.870607328,0.0],[-76.371619768,42.870635808,0.0],[-76.371631965,42.870674302,0.0],[-76.371720436,42.870736017,0.0],[-76.371752246,42.870759574,0.0],[-76.371795321,42.870747433,0.0],[-76.371890992,42.8708276,0.0],[-76.371903996,42.870837965,0.0],[-76.371863981,42.870878907,0.0],[-76.371964015,42.870958213,0.0],[-76.37206393,42.871045508,0.0],[-76.372120374,42.871130073,0.0],[-76.372145105,42.871152664,0.0],[-76.372180128,42.87115104,0.0],[-76.372271574,42.871203552,0.0],[-76.372317447,42.871267458,0.0],[-76.372417342,42.871324328,0.0],[-76.37251964,42.871442372,0.0],[-76.372625602,42.871472848,0.0],[-76.372711338,42.871527783,0.0],[-76.372790985,42.871578686,0.0],[-76.372890029,42.871661058,0.0],[-76.37291127,42.871663957,0.0],[-76.372949156,42.871643678,0.0],[-76.372982781,42.871625681,0.0],[-76.373011737,42.871650449,0.0],[-76.37298497,42.871670417,0.0],[-76.372943221,42.871709951,0.0],[-76.373024,42.871780222,0.0],[-76.373088097,42.871795376,0.0],[-76.373133434,42.871799963,0.0],[-76.373153334,42.871796113,0.0],[-76.373341952,42.87193693,0.0],[-76.373322321,42.871947438,0.0],[-76.373288074,42.871992402,0.0],[-76.373375179,42.872050727,0.0],[-76.373489592,42.872085557,0.0],[-76.373563626,42.872100466,0.0],[-76.373601126,42.872095027,0.0],[-76.373665205,42.872127813,0.0],[-76.373702815,42.872218741,0.0],[-76.373762096,42.872271666,0.0],[-76.373851045,42.87230142,0.0],[-76.373965459,42.87233625,0.0],[-76.374009944,42.872366341,0.0],[-76.374052565,42.872394575,0.0],[-76.374190992,42.872451,0.0],[-76.374340525,42.872599067,0.0],[-76.374392725,42.872664867,0.0],[-76.374452592,42.872752667,0.0],[-76.374482525,42.8727802,0.0],[-76.374489925,42.8728186,0.0],[-76.374512325,42.872857,0.0],[-76.374527325,42.872884467,0.0],[-76.374549792,42.8729064,0.0],[-76.374579592,42.872988667,0.0],[-76.374594592,42.873005067,0.0],[-76.374614325,42.8730724,0.0],[-76.374691725,42.873143867,0.0],[-76.374713525,42.873166067,0.0],[-76.374720992,42.8731716,0.0],[-76.374720992,42.873193467,0.0],[-76.374735792,42.873232,0.0],[-76.374758192,42.873248467,0.0],[-76.374772992,42.873325267,0.0],[-76.374776237,42.87335,0.0],[-76.374769578,42.873416343,0.0],[-76.374707011,42.873457442,0.0],[-76.374716118,42.873513127,0.0],[-76.374778258,42.873564841,0.0],[-76.374834426,42.873604531,0.0],[-76.374921925,42.873643667,0.0],[-76.374929392,42.873654667,0.0],[-76.374929392,42.8736986,0.0],[-76.374951792,42.873715,0.0],[-76.374966592,42.873764467,0.0],[-76.374988992,42.873781,0.0],[-76.375003792,42.8738194,0.0],[-76.375026192,42.873835867,0.0],[-76.375041192,42.873901667,0.0],[-76.375063525,42.8739182,0.0],[-76.375078392,42.8739622,0.0],[-76.37508574,42.873967593,0.0],[-76.375056071,42.874031884,0.0],[-76.37517669,42.874222879,0.0],[-76.375219853,42.874310433,0.0],[-76.3752646,42.874354969,0.0],[-76.375324167,42.874452767,0.0],[-76.375383792,42.874467267,0.0],[-76.375421192,42.874505667,0.0],[-76.375443592,42.8745332,0.0],[-76.375443592,42.874538667,0.0],[-76.375495725,42.874577067,0.0],[-76.375495725,42.874588,0.0],[-76.375594127,42.874655694,0.0],[-76.375614199,42.874638058,0.0],[-76.375683539,42.874682748,0.0],[-76.375694229,42.874695416,0.0],[-76.375686524,42.874719256,0.0],[-76.375719392,42.874741867,0.0],[-76.375749325,42.874758267,0.0],[-76.375794065,42.874780974,0.0],[-76.37577839,42.874793367,0.0],[-76.375946029,42.874907514,0.0],[-76.376011404,42.874964472,0.0],[-76.376183269,42.875080796,0.0],[-76.376267148,42.875133874,0.0],[-76.376317112,42.875177521,0.0],[-76.376482511,42.875283355,0.0],[-76.376659688,42.875360373,0.0],[-76.376757588,42.875392947,0.0],[-76.376836149,42.875401777,0.0],[-76.376931792,42.875442,0.0],[-76.376954192,42.875453,0.0],[-76.377028792,42.875491467,0.0],[-76.377051192,42.875491467,0.0],[-76.377103325,42.875518867,0.0],[-76.377225612,42.875559927,0.0],[-76.377331559,42.875568943,0.0],[-76.377524479,42.875604874,0.0],[-76.377662763,42.875657369,0.0],[-76.377746715,42.875641603,0.0],[-76.377847069,42.875636082,0.0],[-76.377946928,42.875632095,0.0],[-76.378079099,42.875650129,0.0],[-76.378297675,42.875614303,0.0],[-76.378408816,42.875583032,0.0],[-76.378466688,42.875571715,0.0],[-76.37850027,42.875582544,0.0],[-76.378526943,42.875591145,0.0],[-76.378534686,42.87564344,0.0],[-76.378532138,42.87571995,0.0],[-76.378565465,42.875769332,0.0],[-76.378590838,42.875812824,0.0],[-76.378613689,42.875869397,0.0],[-76.378618217,42.875880608,0.0],[-76.378611774,42.875900545,0.0],[-76.378702903,42.876007451,0.0],[-76.378753744,42.876056019,0.0],[-76.378789028,42.87606884,0.0],[-76.378882141,42.876169611,0.0],[-76.378990309,42.876147542,0.0],[-76.379084246,42.876192382,0.0],[-76.379148021,42.87626193,0.0],[-76.379136387,42.876313182,0.0],[-76.379319046,42.876403754,0.0],[-76.379388105,42.876403569,0.0],[-76.379499768,42.876401191,0.0],[-76.379574328,42.876444989,0.0],[-76.379642279,42.876455861,0.0],[-76.37968491,42.876443714,0.0],[-76.379714392,42.876469867,0.0],[-76.379714392,42.8764808,0.0],[-76.379744325,42.8765028,0.0],[-76.37967285,42.876628158,0.0],[-76.379593977,42.876780721,0.0],[-76.379561646,42.876888395,0.0],[-76.379537975,42.876954018,0.0],[-76.379579468,42.876962881,0.0],[-76.379557662,42.877030359,0.0],[-76.379526508,42.877058132,0.0],[-76.379516174,42.877181618,0.0],[-76.37950402,42.877203977,0.0],[-76.379556323,42.877217518,0.0],[-76.379573978,42.877239142,0.0],[-76.379629869,42.877233957,0.0],[-76.379624845,42.877318136,0.0],[-76.379586702,42.877306527,0.0],[-76.379564518,42.877367549,0.0],[-76.379556849,42.877406532,0.0],[-76.37953337,42.877555445,0.0],[-76.37948272,42.877590166,0.0],[-76.379466222,42.877618338,0.0],[-76.379458695,42.877679758,0.0],[-76.379508261,42.877686521,0.0],[-76.379507672,42.877726471,0.0],[-76.379586973,42.877731869,0.0],[-76.379586525,42.8777322,0.0],[-76.379589242,42.877751117,0.0],[-76.37952285,42.877755762,0.0],[-76.379518247,42.877747128,0.0],[-76.379484212,42.877745687,0.0],[-76.379486597,42.877776436,0.0],[-76.379455913,42.877772249,0.0],[-76.379427968,42.877774841,0.0],[-76.379425019,42.877814469,0.0],[-76.379387019,42.877825297,0.0],[-76.379391553,42.877902773,0.0],[-76.379438263,42.877910747,0.0],[-76.379438052,42.877957153,0.0],[-76.379560526,42.877959452,0.0],[-76.379570405,42.877991008,0.0],[-76.37957672,42.878016103,0.0],[-76.379570395,42.878028049,0.0],[-76.37953426,42.878022773,0.0],[-76.379403311,42.878003652,0.0],[-76.379366964,42.878062742,0.0],[-76.379344048,42.878141277,0.0],[-76.379368289,42.8781654,0.0],[-76.379347734,42.878244257,0.0],[-76.379395435,42.878249165,0.0],[-76.379383045,42.878287504,0.0],[-76.379379104,42.878330199,0.0],[-76.379363387,42.878401711,0.0],[-76.379319179,42.878416495,0.0],[-76.379329097,42.878545945,0.0],[-76.379314111,42.878599943,0.0],[-76.379298746,42.878647484,0.0],[-76.379364458,42.878650045,0.0],[-76.379393939,42.878703704,0.0],[-76.379457196,42.878744359,0.0],[-76.379487552,42.878802942,0.0],[-76.379560251,42.878844884,0.0],[-76.379593698,42.878886275,0.0],[-76.379580366,42.878988534,0.0],[-76.379561793,42.879061257,0.0],[-76.379603479,42.879153411,0.0],[-76.379637447,42.879223694,0.0],[-76.37964099,42.879304238,0.0],[-76.379708306,42.879294207,0.0],[-76.379733372,42.8792624,0.0],[-76.379788415,42.87928272,0.0],[-76.379794672,42.879339616,0.0],[-76.37977421,42.879380056,0.0],[-76.37977735,42.879423718,0.0],[-76.379800459,42.879428471,0.0],[-76.379807397,42.879407001,0.0],[-76.379843298,42.879410298,0.0],[-76.37984134,42.879446858,0.0],[-76.379866975,42.879504797,0.0],[-76.379992034,42.879452624,0.0],[-76.379995047,42.879512662,0.0],[-76.380014309,42.879521695,0.0],[-76.380022901,42.879548487,0.0],[-76.380011738,42.879567779,0.0],[-76.37989377,42.879612531,0.0],[-76.37989802,42.879645134,0.0],[-76.379909586,42.879662725,0.0],[-76.379936919,42.879669656,0.0],[-76.379946998,42.879691847,0.0],[-76.379939187,42.879708395,0.0],[-76.37994169,42.879731153,0.0],[-76.380015592,42.879723622,0.0],[-76.380073726,42.879726749,0.0],[-76.380132097,42.879713897,0.0],[-76.380133752,42.879762158,0.0],[-76.380084704,42.87978429,0.0],[-76.380100025,42.879836017,0.0],[-76.380125166,42.879895489,0.0],[-76.380145325,42.879939871,0.0],[-76.380173533,42.879951724,0.0],[-76.380210827,42.879988837,0.0],[-76.380241135,42.879986567,0.0],[-76.38025265,42.879943303,0.0],[-76.380305049,42.879918428,0.0],[-76.380369702,42.879992897,0.0],[-76.380338547,42.880020671,0.0],[-76.380353348,42.880043506,0.0],[-76.380368762,42.880056818,0.0],[-76.380381462,42.880093776,0.0],[-76.380412668,42.880126855,0.0],[-76.380403369,42.880148003,0.0],[-76.380374927,42.880152129,0.0],[-76.380359161,42.880162789,0.0],[-76.380360672,42.880188614,0.0],[-76.380388005,42.880195545,0.0],[-76.380418102,42.880239681,0.0],[-76.380472819,42.880314396,0.0],[-76.380538464,42.880385799,0.0],[-76.380553643,42.88041509,0.0],[-76.380593299,42.880452524,0.0],[-76.380637391,42.880445729,0.0],[-76.380663354,42.880449271,0.0],[-76.380714385,42.880421006,0.0],[-76.380749933,42.880448272,0.0],[-76.380766077,42.88044407,0.0],[-76.380778636,42.880458593,0.0],[-76.380714695,42.880496305,0.0],[-76.380721541,42.880513251,0.0],[-76.380747673,42.880569655,0.0],[-76.380730941,42.880613808,0.0],[-76.380723272,42.880652792,0.0],[-76.380744659,42.880678126,0.0],[-76.380839738,42.880742336,0.0],[-76.380918504,42.880757884,0.0],[-76.381003504,42.880799902,0.0],[-76.381032846,42.880831125,0.0],[-76.381026286,42.880859052,0.0],[-76.381056736,42.880879218,0.0],[-76.381049797,42.880900689,0.0],[-76.3809893,42.88089724,0.0],[-76.380978893,42.880929445,0.0],[-76.381038046,42.880959931,0.0],[-76.38104527,42.880983333,0.0],[-76.381005665,42.881006752,0.0],[-76.381002338,42.881039924,0.0],[-76.381059887,42.881083001,0.0],[-76.38107431,42.881099379,0.0],[-76.381123266,42.881115665,0.0],[-76.381209752,42.881153081,0.0],[-76.381253778,42.881215129,0.0],[-76.381241127,42.881239023,0.0],[-76.381273612,42.881313907,0.0],[-76.381343014,42.881419447,0.0],[-76.381376346,42.881468827,0.0],[-76.381424454,42.881510617,0.0],[-76.381431469,42.881580425,0.0],[-76.38146801,42.881604624,0.0],[-76.381482198,42.881636982,0.0],[-76.381630513,42.881780506,0.0],[-76.381758472,42.881796359,0.0],[-76.38178269,42.881790056,0.0],[-76.381807546,42.881804655,0.0],[-76.381811184,42.881846782,0.0],[-76.381779701,42.881928953,0.0],[-76.381825215,42.8819864,0.0],[-76.381879556,42.882054657,0.0],[-76.381979529,42.882172373,0.0],[-76.382024378,42.882178491,0.0],[-76.382064415,42.88222238,0.0],[-76.38209038,42.882225922,0.0],[-76.382102325,42.882249968,0.0],[-76.38206744,42.882274031,0.0],[-76.382132098,42.8823485,0.0],[-76.382198361,42.882410378,0.0],[-76.382321092,42.882556816,0.0],[-76.382341253,42.882601197,0.0],[-76.382405339,42.882585921,0.0],[-76.382427104,42.882617712,0.0],[-76.382469933,42.882729232,0.0],[-76.382544268,42.882789008,0.0],[-76.382523689,42.88283744,0.0],[-76.3824821,42.882866994,0.0],[-76.38254629,42.882973422,0.0],[-76.382571317,42.883040883,0.0],[-76.382654129,42.883135442,0.0],[-76.382674148,42.883157387,0.0],[-76.382730918,42.883157124,0.0],[-76.382761018,42.883201259,0.0],[-76.38269495,42.883222671,0.0],[-76.38276141,42.883367838,0.0],[-76.382812963,42.883368464,0.0],[-76.382833503,42.883419301,0.0],[-76.382773147,42.88343829,0.0],[-76.382831392,42.883563121,0.0],[-76.382857149,42.883613069,0.0],[-76.382923322,42.883713364,0.0],[-76.382897553,42.883793111,0.0],[-76.382959879,42.883897683,0.0],[-76.383013964,42.883951495,0.0],[-76.383031179,42.884035504,0.0],[-76.383183377,42.884205174,0.0],[-76.383239156,42.884207978,0.0],[-76.383282077,42.884281082,0.0],[-76.383345567,42.88443545,0.0],[-76.383417518,42.884464478,0.0],[-76.383437825,42.884531296,0.0],[-76.383486198,42.88458753,0.0],[-76.383584276,42.884802657,0.0],[-76.383646343,42.884892783,0.0],[-76.383685067,42.884994137,0.0],[-76.383730558,42.885021156,0.0],[-76.383770506,42.885103462,0.0],[-76.38382133,42.885121602,0.0],[-76.383887571,42.885153052,0.0],[-76.383879929,42.885222463,0.0],[-76.383915158,42.885304125,0.0],[-76.384001626,42.885311114,0.0],[-76.384037467,42.885383252,0.0],[-76.384043728,42.885440148,0.0],[-76.384039322,42.885514803,0.0],[-76.384070911,42.885554338,0.0],[-76.384165821,42.885695377,0.0],[-76.384241063,42.885790501,0.0],[-76.384282094,42.885831323,0.0],[-76.384306016,42.885909842,0.0],[-76.384335037,42.885995461,0.0],[-76.384430534,42.88609655,0.0],[-76.384455942,42.886170468,0.0],[-76.384424524,42.886183796,0.0],[-76.384462583,42.886233819,0.0],[-76.384558873,42.886248552,0.0],[-76.38458848,42.886294221,0.0],[-76.384610483,42.886310031,0.0],[-76.384628638,42.88633012,0.0],[-76.384625809,42.886361758,0.0],[-76.384615168,42.886409944,0.0],[-76.384622422,42.886463772,0.0],[-76.384576227,42.886484693,0.0],[-76.384563109,42.886540547,0.0],[-76.384590094,42.886571447,0.0],[-76.384579624,42.886672495,0.0],[-76.384588861,42.88672019,0.0],[-76.384620567,42.886751733,0.0],[-76.384617125,42.886792895,0.0],[-76.38461791,42.886836234,0.0],[-76.38465186,42.886876091,0.0],[-76.384674764,42.886927249,0.0],[-76.384691054,42.886945483,0.0],[-76.384700786,42.886991644,0.0],[-76.384677089,42.887026841,0.0],[-76.384728961,42.887102766,0.0],[-76.384768768,42.887162634,0.0],[-76.38483166,42.88719683,0.0],[-76.384897406,42.887229815,0.0],[-76.384920311,42.887280973,0.0],[-76.384984104,42.887310518,0.0],[-76.384989125,42.8873292,0.0],[-76.384989125,42.887334667,0.0],[-76.385026392,42.887362067,0.0],[-76.385026392,42.887384,0.0],[-76.385044493,42.887400057,0.0],[-76.38497687,42.887456812,0.0],[-76.385008137,42.887550742,0.0],[-76.385096438,42.887658854,0.0],[-76.385148194,42.88774277,0.0],[-76.385227611,42.887779219,0.0],[-76.385211807,42.887889147,0.0],[-76.385244975,42.887885664,0.0],[-76.385258059,42.887929078,0.0],[-76.385209124,42.887943221,0.0],[-76.385204313,42.887980993,0.0],[-76.385250536,42.887990499,0.0],[-76.385281686,42.888092419,0.0],[-76.385296022,42.888147214,0.0],[-76.385304879,42.888188451,0.0],[-76.38533612,42.888251955,0.0],[-76.385358006,42.888275755,0.0],[-76.385387876,42.88833587,0.0],[-76.385414485,42.888360314,0.0],[-76.385446102,42.888430274,0.0],[-76.385506312,42.888518544,0.0],[-76.385553526,42.888524982,0.0],[-76.385558447,42.888608915,0.0],[-76.385629179,42.888656989,0.0],[-76.385655698,42.888719849,0.0],[-76.38569749,42.888773583,0.0],[-76.385702032,42.888851059,0.0],[-76.385760612,42.888921494,0.0],[-76.38581272,42.888981439,0.0],[-76.385914894,42.889176304,0.0],[-76.385950478,42.889233996,0.0],[-76.386013956,42.889228242,0.0],[-76.386103103,42.889440545,0.0],[-76.386051312,42.889455899,0.0],[-76.386075587,42.889510448,0.0],[-76.386108666,42.88954538,0.0],[-76.386134517,42.889556912,0.0],[-76.386166254,42.889618881,0.0],[-76.386219499,42.889698196,0.0],[-76.386284955,42.889816001,0.0],[-76.386316052,42.889857069,0.0],[-76.386323743,42.889978206,0.0],[-76.386391649,42.890057918,0.0],[-76.38655696,42.890141303,0.0],[-76.386578848,42.890165103,0.0],[-76.386526822,42.890196438,0.0],[-76.386556811,42.890248562,0.0],[-76.38652434,42.8903338,0.0],[-76.386562286,42.890391814,0.0],[-76.386562982,42.890473569,0.0],[-76.386661435,42.890535028,0.0],[-76.386663646,42.890642609,0.0],[-76.386764081,42.890697934,0.0],[-76.386773404,42.890836907,0.0],[-76.386819162,42.890878372,0.0],[-76.386898407,42.890991653,0.0],[-76.386978353,42.891056994,0.0],[-76.38697395,42.891131648,0.0],[-76.387036641,42.891212249,0.0],[-76.387081437,42.891287208,0.0],[-76.387069573,42.891354441,0.0],[-76.387095192,42.891381952,0.0],[-76.387176798,42.891495554,0.0],[-76.387312737,42.891517291,0.0],[-76.387330805,42.891575796,0.0],[-76.387376537,42.891586834,0.0],[-76.387376565,42.891617261,0.0],[-76.387364177,42.891655601,0.0],[-76.387292768,42.891685895,0.0],[-76.387288744,42.891767005,0.0],[-76.387293463,42.891897345,0.0],[-76.387337618,42.8919514,0.0],[-76.387311065,42.891987809,0.0],[-76.387320653,42.892011533,0.0],[-76.387367754,42.892025961,0.0],[-76.387361079,42.892061878,0.0],[-76.387384192,42.89206663,0.0],[-76.387386727,42.892119815,0.0],[-76.387338926,42.892153327,0.0],[-76.387365681,42.892200206,0.0],[-76.387364864,42.892256137,0.0],[-76.387414556,42.892384601,0.0],[-76.387435221,42.892427448,0.0],[-76.387488675,42.892460355,0.0],[-76.387508087,42.892491823,0.0],[-76.387511524,42.892580356,0.0],[-76.387547462,42.892614077,0.0],[-76.387572236,42.892667092,0.0],[-76.387606307,42.892698956,0.0],[-76.387648716,42.892743167,0.0],[-76.387687655,42.892798113,0.0],[-76.387740352,42.892818106,0.0],[-76.387790572,42.892845769,0.0],[-76.387803135,42.892860291,0.0],[-76.387822284,42.892877313,0.0],[-76.387840572,42.892878381,0.0],[-76.387807097,42.892977717,0.0],[-76.387853994,42.893038551,0.0],[-76.387846444,42.893069545,0.0],[-76.387891797,42.893074127,0.0],[-76.387920769,42.893098893,0.0],[-76.38799322,42.893098026,0.0],[-76.388000125,42.8931102,0.0],[-76.388037392,42.893170467,0.0],[-76.388044792,42.893181467,0.0],[-76.388044792,42.893194124,0.0],[-76.38801331,42.893209181,0.0],[-76.388005265,42.893241708,0.0],[-76.388049655,42.893279784,0.0],[-76.388020275,42.893347831,0.0],[-76.38807749,42.893414875,0.0],[-76.388113195,42.893464576,0.0],[-76.388120948,42.893516871,0.0],[-76.388179388,42.893564868,0.0],[-76.388206523,42.893618203,0.0],[-76.388193319,42.893712474,0.0],[-76.388168981,42.893726769,0.0],[-76.3881837,42.893788019,0.0],[-76.388207513,42.893874526,0.0],[-76.388218996,42.893930531,0.0],[-76.388244121,42.893959576,0.0],[-76.388269713,42.893956659,0.0],[-76.38831836,42.894027339,0.0],[-76.388288571,42.894058503,0.0],[-76.388356018,42.894170174,0.0],[-76.388386855,42.894196795,0.0],[-76.388458675,42.894203383,0.0],[-76.388495022,42.894273987,0.0],[-76.38848759,42.894296991,0.0],[-76.388464504,42.894322665,0.0],[-76.388565618,42.894429318,0.0],[-76.388651166,42.894500224,0.0],[-76.388712726,42.894561455,0.0],[-76.388760004,42.894628745,0.0],[-76.388856892,42.89473322,0.0],[-76.388990302,42.894831467,0.0],[-76.389089143,42.89489938,0.0],[-76.38913616,42.894952224,0.0],[-76.389222495,42.894936774,0.0],[-76.389300145,42.894932949,0.0],[-76.389338518,42.894924655,0.0],[-76.389342325,42.894927467,0.0],[-76.389402125,42.894955,0.0],[-76.389445753,42.894983891,0.0],[-76.389388961,42.895039525,0.0],[-76.389455098,42.895078964,0.0],[-76.389504621,42.895154566,0.0],[-76.38957548,42.895194647,0.0],[-76.389661235,42.895219147,0.0],[-76.389752759,42.89517238,0.0],[-76.389776864,42.895174065,0.0],[-76.389841137,42.895211647,0.0],[-76.389835337,42.895252488,0.0],[-76.389816246,42.895296319,0.0],[-76.38981578,42.895328278,0.0],[-76.389854986,42.89539767,0.0],[-76.389988106,42.895451042,0.0],[-76.390132304,42.895523538,0.0],[-76.390192497,42.895581378,0.0],[-76.390253301,42.895629696,0.0],[-76.390434022,42.895695962,0.0],[-76.390566593,42.895819709,0.0],[-76.390627544,42.895890464,0.0],[-76.390630315,42.895927668,0.0],[-76.390661009,42.895931852,0.0],[-76.390668879,42.895976156,0.0],[-76.390632852,42.895980852,0.0],[-76.390645563,42.896017811,0.0],[-76.390684101,42.896165568,0.0],[-76.390664662,42.896233369,0.0],[-76.390689556,42.896278393,0.0],[-76.390715821,42.896326805,0.0],[-76.390743688,42.896362627,0.0],[-76.390787268,42.896456631,0.0],[-76.390797036,42.896533218,0.0],[-76.390839828,42.896583883,0.0],[-76.390878161,42.896648351,0.0],[-76.390932936,42.896753489,0.0],[-76.390973862,42.896802298,0.0],[-76.391036534,42.896852471,0.0],[-76.391013217,42.896894125,0.0],[-76.391041579,42.896928414,0.0],[-76.391064842,42.896955602,0.0],[-76.39111766,42.896967605,0.0],[-76.391173714,42.896984852,0.0],[-76.391266925,42.896959853,0.0],[-76.391296196,42.896956715,0.0],[-76.391357382,42.897011489,0.0],[-76.391322001,42.897053027,0.0],[-76.391309726,42.897067438,0.0],[-76.391260761,42.897180851,0.0],[-76.39124246,42.897268021,0.0],[-76.3912905,42.897348223,0.0],[-76.391349821,42.897401141,0.0],[-76.3913941,42.897447205,0.0],[-76.391519269,42.897494689,0.0],[-76.391535974,42.897549803,0.0],[-76.391520119,42.897598879,0.0],[-76.391594335,42.897636216,0.0],[-76.391611273,42.89767535,0.0],[-76.391618503,42.897698752,0.0],[-76.391652434,42.89770818,0.0],[-76.391659547,42.897739572,0.0],[-76.391627892,42.897768882,0.0],[-76.391623696,42.897797131,0.0],[-76.39160994,42.897832082,0.0],[-76.391680694,42.898009848,0.0],[-76.391704134,42.898089899,0.0],[-76.391811143,42.898117293,0.0],[-76.391851955,42.898174093,0.0],[-76.391822692,42.898234151,0.0],[-76.391796255,42.898262571,0.0],[-76.39179754,42.898304376,0.0],[-76.391797191,42.898328346,0.0],[-76.391749356,42.898331432,0.0],[-76.391792267,42.898374108,0.0],[-76.391815328,42.898447702,0.0],[-76.39176569,42.898509787,0.0],[-76.391793179,42.898539152,0.0],[-76.391857224,42.898592714,0.0],[-76.391851572,42.89865599,0.0],[-76.391804992,42.898670455,0.0],[-76.391796569,42.898696527,0.0],[-76.391774706,42.898703154,0.0],[-76.391765293,42.898732294,0.0],[-76.391753897,42.898767567,0.0],[-76.391800013,42.89878506,0.0],[-76.39183671,42.898843152,0.0],[-76.391796111,42.898858182,0.0],[-76.391753145,42.898884349,0.0],[-76.391807978,42.898920644,0.0],[-76.391847854,42.898911668,0.0],[-76.391899598,42.898965154,0.0],[-76.391915987,42.899074666,0.0],[-76.391900364,42.899107762,0.0],[-76.391846963,42.899135708,0.0],[-76.391850755,42.899200272,0.0],[-76.391901655,42.899279262,0.0],[-76.391929819,42.899359955,0.0],[-76.392001645,42.899366543,0.0],[-76.392035986,42.899412853,0.0],[-76.392104311,42.899422166,0.0],[-76.392116192,42.899451267,0.0],[-76.392123482,42.899462008,0.0],[-76.392097353,42.89952049,0.0],[-76.392131114,42.89960675,0.0],[-76.392091299,42.899676577,0.0],[-76.392080515,42.899702327,0.0],[-76.392119695,42.899741292,0.0],[-76.392095038,42.899809983,0.0],[-76.392055865,42.899900714,0.0],[-76.392102275,42.899963079,0.0],[-76.392081497,42.900057918,0.0],[-76.392162188,42.900105742,0.0],[-76.392234076,42.900173181,0.0],[-76.392258826,42.900195769,0.0],[-76.392229857,42.900300699,0.0],[-76.392205634,42.900307004,0.0],[-76.392199192,42.900326942,0.0],[-76.392170742,42.90033107,0.0],[-76.392162087,42.900373122,0.0],[-76.392206074,42.900374314,0.0],[-76.392207685,42.900491417,0.0],[-76.392307847,42.900501866,0.0],[-76.392300415,42.900524871,0.0],[-76.392265375,42.9005265,0.0],[-76.392258323,42.90055596,0.0],[-76.39222477,42.900552989,0.0],[-76.39213146,42.900559485,0.0],[-76.392118577,42.900599359,0.0],[-76.392132868,42.900722995,0.0],[-76.392186681,42.90073193,0.0],[-76.392181146,42.900787217,0.0],[-76.392141268,42.900796192,0.0],[-76.392177685,42.900927647,0.0],[-76.392173604,42.900947905,0.0],[-76.392178769,42.901015857,0.0],[-76.392137288,42.901037424,0.0],[-76.392152477,42.901066714,0.0],[-76.392199648,42.901141993,0.0],[-76.39223437,42.901194759,0.0],[-76.392294167,42.901345412,0.0],[-76.392330089,42.9014784,0.0],[-76.392364463,42.901555137,0.0],[-76.392426963,42.901552447,0.0],[-76.39245399,42.901613772,0.0],[-76.392435246,42.901633633,0.0],[-76.392442129,42.901681005,0.0],[-76.392498514,42.901773551,0.0],[-76.392576761,42.901859469,0.0],[-76.392632588,42.901892696,0.0],[-76.392666551,42.90193255,0.0],[-76.392716254,42.901931318,0.0],[-76.392756311,42.901975204,0.0],[-76.392788641,42.901997223,0.0],[-76.392841759,42.902054098,0.0],[-76.392882512,42.902050045,0.0],[-76.392939509,42.902133067,0.0],[-76.392898523,42.9021531,0.0],[-76.392958841,42.90220295,0.0],[-76.393062398,42.902370774,0.0],[-76.393097269,42.902445976,0.0],[-76.393106135,42.902487214,0.0],[-76.393103162,42.902496416,0.0],[-76.393049378,42.902517906,0.0],[-76.393084744,42.902591576,0.0],[-76.393133077,42.902586954,0.0],[-76.393157101,42.902627055,0.0],[-76.393125677,42.902640385,0.0],[-76.393150807,42.902669428,0.0],[-76.393208702,42.902658104,0.0],[-76.393253134,42.902726604,0.0],[-76.393269199,42.902760817,0.0],[-76.39330523,42.90275612,0.0],[-76.393360625,42.902851732,0.0],[-76.393423864,42.902961223,0.0],[-76.393431105,42.903114319,0.0],[-76.393430263,42.903139823,0.0],[-76.393543922,42.903100873,0.0],[-76.393620539,42.903168955,0.0],[-76.393639956,42.903200422,0.0],[-76.393686951,42.903222838,0.0],[-76.393833005,42.903266758,0.0],[-76.394054475,42.90329854,0.0],[-76.394143826,42.90330431,0.0],[-76.394158457,42.903274281,0.0],[-76.394186035,42.90326523,0.0],[-76.394237489,42.903273843,0.0],[-76.394254861,42.903250592,0.0],[-76.394288911,42.90325203,0.0],[-76.394304299,42.903208801,0.0],[-76.394365156,42.903214422,0.0],[-76.394354764,42.903246594,0.0],[-76.394438401,42.903254789,0.0],[-76.394473969,42.903282051,0.0],[-76.394523789,42.903272828,0.0],[-76.39455921,42.903277655,0.0],[-76.394595389,42.90327472,0.0],[-76.394640221,42.903271081,0.0],[-76.394668442,42.903282933,0.0],[-76.394659325,42.903327267,0.0],[-76.394666725,42.903327267,0.0],[-76.394679476,42.903339288,0.0],[-76.394680428,42.903337404,0.0],[-76.394749981,42.903305252,0.0],[-76.394783452,42.90334664,0.0],[-76.394797273,42.90337254,0.0],[-76.39478961,42.903411524,0.0],[-76.394796495,42.903458896,0.0],[-76.394803991,42.903496744,0.0],[-76.394793592,42.9035194,0.0],[-76.394793592,42.903520673,0.0],[-76.394971678,42.903550016,0.0],[-76.394819449,42.903598897,0.0],[-76.394823392,42.9036018,0.0],[-76.394835785,42.903633597,0.0],[-76.394818203,42.903658795,0.0],[-76.394769986,42.903655427,0.0],[-76.394772823,42.903753483,0.0],[-76.39480854,42.903803182,0.0],[-76.394836709,42.903883876,0.0],[-76.394893066,42.903945994,0.0],[-76.394962338,42.903998665,0.0],[-76.395026391,42.904052224,0.0],[-76.39504386,42.904120252,0.0],[-76.395089865,42.904145734,0.0],[-76.395104824,42.904191003,0.0],[-76.395126456,42.904200356,0.0],[-76.395188348,42.904207188,0.0],[-76.395189024,42.904258517,0.0],[-76.395046267,42.904280694,0.0],[-76.395051666,42.904332667,0.0],[-76.395058435,42.904388028,0.0],[-76.395047651,42.904413778,0.0],[-76.395091591,42.904483812,0.0],[-76.395095651,42.904562821,0.0],[-76.395096707,42.904620605,0.0],[-76.395104731,42.904687346,0.0],[-76.39514826,42.904720496,0.0],[-76.395146921,42.904747533,0.0],[-76.395110278,42.904761754,0.0],[-76.395105999,42.904828419,0.0],[-76.395062768,42.904840141,0.0],[-76.395048168,42.904900597,0.0],[-76.395020212,42.904903192,0.0],[-76.395003714,42.904931366,0.0],[-76.395004885,42.90498116,0.0],[-76.395061855,42.905033755,0.0],[-76.395040055,42.905101235,0.0],[-76.395002917,42.90511699,0.0],[-76.394980474,42.905163567,0.0],[-76.394926541,42.905162623,0.0],[-76.394865171,42.905413646,0.0],[-76.394948316,42.905423374,0.0],[-76.394982895,42.905453704,0.0],[-76.394979343,42.905502855,0.0],[-76.394964943,42.905516905,0.0],[-76.394965091,42.905539341,0.0],[-76.394964396,42.90558728,0.0],[-76.394966559,42.905634008,0.0],[-76.394972832,42.905690903,0.0],[-76.394950737,42.90571351,0.0],[-76.394944444,42.905755884,0.0],[-76.394987246,42.905806549,0.0],[-76.394970896,42.905857158,0.0],[-76.395048592,42.905883756,0.0],[-76.395117105,42.905923515,0.0],[-76.395117897,42.905966853,0.0],[-76.395163672,42.906008316,0.0],[-76.39524974,42.906077683,0.0],[-76.395358052,42.90614688,0.0],[-76.395478435,42.906232132,0.0],[-76.395548469,42.906297715,0.0],[-76.395649581,42.906373937,0.0],[-76.395704752,42.906485528,0.0],[-76.395734905,42.906560087,0.0],[-76.395758271,42.906678552,0.0],[-76.395812798,42.906769241,0.0],[-76.395801784,42.906810971,0.0],[-76.39581331,42.906897402,0.0],[-76.395831869,42.907053641,0.0],[-76.395826897,42.907168245,0.0],[-76.395823577,42.907201417,0.0],[-76.395827094,42.907350802,0.0],[-76.395842055,42.907396071,0.0],[-76.39590532,42.907406292,0.0],[-76.395914336,42.907469965,0.0],[-76.395892471,42.907476593,0.0],[-76.395894898,42.907537767,0.0],[-76.395932682,42.907542915,0.0],[-76.395927414,42.907612647,0.0],[-76.395942672,42.907702789,0.0],[-76.395958245,42.907738534,0.0],[-76.395990315,42.907746106,0.0],[-76.396025654,42.907789349,0.0],[-76.396014243,42.907923891,0.0],[-76.395942356,42.907986148,0.0],[-76.395924289,42.908057339,0.0],[-76.395909062,42.908226585,0.0],[-76.39591849,42.908327141,0.0],[-76.395861581,42.908335399,0.0],[-76.395866997,42.908517066,0.0],[-76.395926712,42.908576438,0.0],[-76.395974323,42.908589329,0.0],[-76.395970161,42.908648004,0.0],[-76.395906284,42.908647307,0.0],[-76.395898356,42.908671845,0.0],[-76.395872264,42.908676296,0.0],[-76.395863494,42.908726338,0.0],[-76.395889471,42.908729877,0.0],[-76.395900866,42.908694603,0.0],[-76.395947222,42.908696116,0.0],[-76.395948163,42.908761891,0.0],[-76.395892625,42.908773538,0.0],[-76.395884037,42.908876442,0.0],[-76.395890312,42.908933337,0.0],[-76.395880153,42.909079257,0.0],[-76.395896816,42.909203214,0.0],[-76.395947845,42.909274212,0.0],[-76.395992697,42.909379594,0.0],[-76.396002589,42.909448189,0.0],[-76.396021168,42.909505159,0.0],[-76.395973391,42.9095691,0.0],[-76.395983579,42.909682568,0.0],[-76.396051337,42.909938375,0.0],[-76.396132225,42.910039058,0.0],[-76.396165204,42.910081979,0.0],[-76.396164742,42.910113939,0.0],[-76.396200579,42.910155648,0.0],[-76.396254137,42.910150135,0.0],[-76.396361086,42.910215943,0.0],[-76.396345,42.910280999,0.0],[-76.39628515,42.910328884,0.0],[-76.396324257,42.910406264,0.0],[-76.396391373,42.910412205,0.0],[-76.396467391,42.910489809,0.0],[-76.396463147,42.910586901,0.0],[-76.396509075,42.910650799,0.0],[-76.396569024,42.910694191,0.0],[-76.396686725,42.910703822,0.0],[-76.396729152,42.910748029,0.0],[-76.39677143,42.9107698,0.0],[-76.39681138,42.910821676,0.0],[-76.396891098,42.910872565,0.0],[-76.396950403,42.910895054,0.0],[-76.39701093,42.910898497,0.0],[-76.397051192,42.910894759,0.0],[-76.397129509,42.910913049,0.0],[-76.397111012,42.910952516,0.0],[-76.397067974,42.911011943,0.0],[-76.397107165,42.911050905,0.0],[-76.397159352,42.911042003,0.0],[-76.397239566,42.911091358,0.0],[-76.397274004,42.911094013,0.0],[-76.397312325,42.9111222,0.0],[-76.397312325,42.9111332,0.0],[-76.397394209,42.911193431,0.0],[-76.397355916,42.911227294,0.0],[-76.39747841,42.91129842,0.0],[-76.397611985,42.911388668,0.0],[-76.397713339,42.911448907,0.0],[-76.39780845,42.911482679,0.0],[-76.397883413,42.911502498,0.0],[-76.397909275,42.911514026,0.0],[-76.397903364,42.911562856,0.0],[-76.397944652,42.911587694,0.0],[-76.39799116,42.911611642,0.0],[-76.398067285,42.911573362,0.0],[-76.398081192,42.9115836,0.0],[-76.398103084,42.911595489,0.0],[-76.398102076,42.911665179,0.0],[-76.398138031,42.911698897,0.0],[-76.398130865,42.911736348,0.0],[-76.398173375,42.911742139,0.0],[-76.39820525,42.911796116,0.0],[-76.39824276,42.911886085,0.0],[-76.398330888,42.91201017,0.0],[-76.398410676,42.912121909,0.0],[-76.398466319,42.91220154,0.0],[-76.398614436,42.912399442,0.0],[-76.398759627,42.912537703,0.0],[-76.398875949,42.912643212,0.0],[-76.398954945,42.912711613,0.0],[-76.399055922,42.912765395,0.0],[-76.399203144,42.912828679,0.0],[-76.399215436,42.912928022,0.0],[-76.399257486,42.912965772,0.0],[-76.399256414,42.913007255,0.0],[-76.399361091,42.913034323,0.0],[-76.399410306,42.913034622,0.0],[-76.399449316,42.913020722,0.0],[-76.39948973,42.913040637,0.0],[-76.399534453,42.913024313,0.0],[-76.399594788,42.91307416,0.0],[-76.399519546,42.913139165,0.0],[-76.399543809,42.913163284,0.0],[-76.399577598,42.913150274,0.0],[-76.399626239,42.913190523,0.0],[-76.399599453,42.913242914,0.0],[-76.399665767,42.913304783,0.0],[-76.399699062,42.913293307,0.0],[-76.399744199,42.913313866,0.0],[-76.399813486,42.913366533,0.0],[-76.399850017,42.913360301,0.0],[-76.399915075,42.913410792,0.0],[-76.399939718,42.913441368,0.0],[-76.399997391,42.913446021,0.0],[-76.4000567,42.913468509,0.0],[-76.400062714,42.913510957,0.0],[-76.400050825,42.913547765,0.0],[-76.400100722,42.913599393,0.0],[-76.400134892,42.913592839,0.0],[-76.400170849,42.913626556,0.0],[-76.400175031,42.913697576,0.0],[-76.400212324,42.913704256,0.0],[-76.40028062,42.913759991,0.0],[-76.400298559,42.913796058,0.0],[-76.400285678,42.913835932,0.0],[-76.4003878,42.913909083,0.0],[-76.40044006,42.913961032,0.0],[-76.400484623,42.914021541,0.0],[-76.400520085,42.914056792,0.0],[-76.400606215,42.914057315,0.0],[-76.400647241,42.914067706,0.0],[-76.400647541,42.914112578,0.0],[-76.400607805,42.914143992,0.0],[-76.4005867,42.914163533,0.0],[-76.400690148,42.914308915,0.0],[-76.400715357,42.914398808,0.0],[-76.400752341,42.914459885,0.0],[-76.400833323,42.91452215,0.0],[-76.400904017,42.914608632,0.0],[-76.400977118,42.914626594,0.0],[-76.40108301,42.914733881,0.0],[-76.401024946,42.914822041,0.0],[-76.40109397,42.914860262,0.0],[-76.401143222,42.914890987,0.0],[-76.401191786,42.91496965,0.0],[-76.401262561,42.915017717,0.0],[-76.401322252,42.91504666,0.0],[-76.401325791,42.915096777,0.0],[-76.401369595,42.915144372,0.0],[-76.401538001,42.915248965,0.0],[-76.401594111,42.915296634,0.0],[-76.401586336,42.915343608,0.0],[-76.401659322,42.915369559,0.0],[-76.401686479,42.915422893,0.0],[-76.401753177,42.915491218,0.0],[-76.40187012,42.9155872,0.0],[-76.402035062,42.915702527,0.0],[-76.402086871,42.915687168,0.0],[-76.402167131,42.915766946,0.0],[-76.402145566,42.915818447,0.0],[-76.402212416,42.915909207,0.0],[-76.402349095,42.915982259,0.0],[-76.4024113,42.91603396,0.0],[-76.402441775,42.916054122,0.0],[-76.402476363,42.91608445,0.0],[-76.402542875,42.916099913,0.0],[-76.402578454,42.916127173,0.0],[-76.402585347,42.916174544,0.0],[-76.402576847,42.916239032,0.0],[-76.402544046,42.916248975,0.0],[-76.40253475,42.916270125,0.0],[-76.402553186,42.916304657,0.0],[-76.402565792,42.916349604,0.0],[-76.402654969,42.916401776,0.0],[-76.402814623,42.916457142,0.0],[-76.402978353,42.916492247,0.0],[-76.403014325,42.916563267,0.0],[-76.403029325,42.916574267,0.0],[-76.403029291,42.916581376,0.0],[-76.402920213,42.916618823,0.0],[-76.402911031,42.916631982,0.0],[-76.402941736,42.916636164,0.0],[-76.402953467,42.916676188,0.0],[-76.402961198,42.916698055,0.0],[-76.402981236,42.916719997,0.0],[-76.402980396,42.916745501,0.0],[-76.402921879,42.916766352,0.0],[-76.40290142,42.916806796,0.0],[-76.402947625,42.916885139,0.0],[-76.40300065,42.916949999,0.0],[-76.403036115,42.91698525,0.0],[-76.403060151,42.917025348,0.0],[-76.403085939,42.917075292,0.0],[-76.403196339,42.917099932,0.0],[-76.403241209,42.917205312,0.0],[-76.403358111,42.917469402,0.0],[-76.403386714,42.917586976,0.0],[-76.403437717,42.917726814,0.0],[-76.403434093,42.917814381,0.0],[-76.403446127,42.917899278,0.0],[-76.403447149,42.918025904,0.0],[-76.403487224,42.918069789,0.0],[-76.40350429,42.918100932,0.0],[-76.40348604,42.918119262,0.0],[-76.403503481,42.918256129,0.0],[-76.403504889,42.918289945,0.0],[-76.40355925,42.918327768,0.0],[-76.403657311,42.918321907,0.0],[-76.40365472,42.918337566,0.0],[-76.403709045,42.918344964,0.0],[-76.40370051,42.918379025,0.0],[-76.403674298,42.918391468,0.0],[-76.403676239,42.918454175,0.0],[-76.403728697,42.918459717,0.0],[-76.40372462,42.918479976,0.0],[-76.403586176,42.918496349,0.0],[-76.40359078,42.91860425,0.0],[-76.403740117,42.918653404,0.0],[-76.403758622,42.918848057,0.0],[-76.403761021,42.918878805,0.0],[-76.403724366,42.918992296,0.0],[-76.403674154,42.918995066,0.0],[-76.403675599,42.919059306,0.0],[-76.403636092,42.919074742,0.0],[-76.403655061,42.919138167,0.0],[-76.403676621,42.919185933,0.0],[-76.40367902,42.919216681,0.0],[-76.403760928,42.919215025,0.0],[-76.403798945,42.919303459,0.0],[-76.403718293,42.919316494,0.0],[-76.403760157,42.919400649,0.0],[-76.403791281,42.919441713,0.0],[-76.403859774,42.919550307,0.0],[-76.403901676,42.919664889,0.0],[-76.40397699,42.919760002,0.0],[-76.40401859,42.91982971,0.0],[-76.404027387,42.919909363,0.0],[-76.404110016,42.919989462,0.0],[-76.404146615,42.919989249,0.0],[-76.404154968,42.920056424,0.0],[-76.404266017,42.920201234,0.0],[-76.404313179,42.920246082,0.0],[-76.40436259,42.920299242,0.0],[-76.404420003,42.920289447,0.0],[-76.404436612,42.920352551,0.0],[-76.404436191,42.920414937,0.0],[-76.404378281,42.920426265,0.0],[-76.404395762,42.920593558,0.0],[-76.404387187,42.920696463,0.0],[-76.404417775,42.920807902,0.0],[-76.404437167,42.920808941,0.0],[-76.404446651,42.920840653,0.0],[-76.404399562,42.920856657,0.0],[-76.404405617,42.920929531,0.0],[-76.404462802,42.920935717,0.0],[-76.404490381,42.921025931,0.0],[-76.404509732,42.921095813,0.0],[-76.40458509,42.921122084,0.0],[-76.40463595,42.921140217,0.0],[-76.404664218,42.921182492,0.0],[-76.404683111,42.921284332,0.0],[-76.404713818,42.921288514,0.0],[-76.404732142,42.921331037,0.0],[-76.404799955,42.921388302,0.0],[-76.404856453,42.921442427,0.0],[-76.405030787,42.921597453,0.0],[-76.405121764,42.921689895,0.0],[-76.405459537,42.922033688,0.0],[-76.405460565,42.922061046,0.0],[-76.405485595,42.922098077,0.0],[-76.405644769,42.922254241,0.0],[-76.405714147,42.922268489,0.0],[-76.40576036,42.92234683,0.0],[-76.405782037,42.922386606,0.0],[-76.405806305,42.922410725,0.0],[-76.405878426,42.922431752,0.0],[-76.405885817,42.922477589,0.0],[-76.405889855,42.922526171,0.0],[-76.405924448,42.922556499,0.0],[-76.40597211,42.922599813,0.0],[-76.405998589,42.922601817,0.0],[-76.406040536,42.922647554,0.0],[-76.40607551,42.922684338,0.0],[-76.406182112,42.922644414,0.0],[-76.40619857,42.92268508,0.0],[-76.406232249,42.922680059,0.0],[-76.406274577,42.922732253,0.0],[-76.406221657,42.922758672,0.0],[-76.406250307,42.922807403,0.0],[-76.406289892,42.92285282,0.0],[-76.40631237,42.922935934,0.0],[-76.406393369,42.922998197,0.0],[-76.406466215,42.923001709,0.0],[-76.406511895,42.923051158,0.0],[-76.406582036,42.923078319,0.0],[-76.406632213,42.923144391,0.0],[-76.406618459,42.923179344,0.0],[-76.4066052,42.923212763,0.0],[-76.406663149,42.923231859,0.0],[-76.406747844,42.923168138,0.0],[-76.406821834,42.923191019,0.0],[-76.406902185,42.923232378,0.0],[-76.407006387,42.923260974,0.0],[-76.407109446,42.9232702,0.0],[-76.40713802,42.923258079,0.0],[-76.407192274,42.923303892,0.0],[-76.407163929,42.9233993,0.0],[-76.407237309,42.923431705,0.0],[-76.407318842,42.923423591,0.0],[-76.407351875,42.923496935,0.0],[-76.407457029,42.923492036,0.0],[-76.407563823,42.923504973,0.0],[-76.407611372,42.923556277,0.0],[-76.407644634,42.923613641,0.0],[-76.407593924,42.923717213,0.0],[-76.407523517,42.923774874,0.0],[-76.407594346,42.923853364,0.0],[-76.40761372,42.923879544,0.0],[-76.407610992,42.923886467,0.0],[-76.407657936,42.923908451,0.0],[-76.407650622,42.924022734,0.0],[-76.407572479,42.924058528,0.0],[-76.407483136,42.924083192,0.0],[-76.407468981,42.924120211,0.0],[-76.407473268,42.924144291,0.0],[-76.407484203,42.924140976,0.0],[-76.40751375,42.924133454,0.0],[-76.407577052,42.924136003,0.0],[-76.407636794,42.924195371,0.0],[-76.407724957,42.924220181,0.0],[-76.407791442,42.924205215,0.0],[-76.407838534,42.92418921,0.0],[-76.407898732,42.924216618,0.0],[-76.408004689,42.924255057,0.0],[-76.408080166,42.924273338,0.0],[-76.408129468,42.924334485,0.0],[-76.408152863,42.924353681,0.0],[-76.408174467,42.924358988,0.0],[-76.408170992,42.924375067,0.0],[-76.408207461,42.924375523,0.0],[-76.408214394,42.924354051,0.0],[-76.408335362,42.924368917,0.0],[-76.408323362,42.924413715,0.0],[-76.408272918,42.924432466,0.0],[-76.408243887,42.924476547,0.0],[-76.408228723,42.924477684,0.0],[-76.408218437,42.924501902,0.0],[-76.408186737,42.924500789,0.0],[-76.408175764,42.924473678,0.0],[-76.408129967,42.924467444,0.0],[-76.408126125,42.9245014,0.0],[-76.408076247,42.924514569,0.0],[-76.408066266,42.924583657,0.0],[-76.408117439,42.924745929,0.0],[-76.408197793,42.924787289,0.0],[-76.408211738,42.924805197,0.0],[-76.408287329,42.924815486,0.0],[-76.40829933,42.924770689,0.0],[-76.408386411,42.924767384,0.0],[-76.408495185,42.924856466,0.0],[-76.408458556,42.924957275,0.0],[-76.408534416,42.92498201,0.0],[-76.408625249,42.925052014,0.0],[-76.408623386,42.925149427,0.0],[-76.408668307,42.925185961,0.0],[-76.408744775,42.925201174,0.0],[-76.408753238,42.925304795,0.0],[-76.408763299,42.925395826,0.0],[-76.408836796,42.92542024,0.0],[-76.40885501,42.925470751,0.0],[-76.408975564,42.925548002,0.0],[-76.409067464,42.925576522,0.0],[-76.409119245,42.925630001,0.0],[-76.409198792,42.925618705,0.0],[-76.409201125,42.925621267,0.0],[-76.409223525,42.925648667,0.0],[-76.409237799,42.925666211,0.0],[-76.409099321,42.925699339,0.0],[-76.409063128,42.925780871,0.0],[-76.409216111,42.925940989,0.0],[-76.409340321,42.925961097,0.0],[-76.409309239,42.926148996,0.0],[-76.409352141,42.926161241,0.0],[-76.409410321,42.926164356,0.0],[-76.409459855,42.926209524,0.0],[-76.409533467,42.926225948,0.0],[-76.409529317,42.926284623,0.0],[-76.409478912,42.9263338,0.0],[-76.409503564,42.926364374,0.0],[-76.409496136,42.926387379,0.0],[-76.409567004,42.926397025,0.0],[-76.409614825,42.926462774,0.0],[-76.409627439,42.92650772,0.0],[-76.409693088,42.926518256,0.0],[-76.409716829,42.92661275,0.0],[-76.409732187,42.926664474,0.0],[-76.409770024,42.926700044,0.0],[-76.409843978,42.926692498,0.0],[-76.409895761,42.926745977,0.0],[-76.409914016,42.926826915,0.0],[-76.409909713,42.926863154,0.0],[-76.409818459,42.926855538,0.0],[-76.409840789,42.926916216,0.0],[-76.409965992,42.926933256,0.0],[-76.410036232,42.926937213,0.0],[-76.409987828,42.926995468,0.0],[-76.410035877,42.927045238,0.0],[-76.410017097,42.927133943,0.0],[-76.410043965,42.92724167,0.0],[-76.410081387,42.927339626,0.0],[-76.410087221,42.927428479,0.0],[-76.410054911,42.927436891,0.0],[-76.410050494,42.92748112,0.0],[-76.410023671,42.927503086,0.0],[-76.41004524,42.927550852,0.0],[-76.410077589,42.927572867,0.0],[-76.410089976,42.927633793,0.0],[-76.410053629,42.92769289,0.0],[-76.410115284,42.927784538,0.0],[-76.410153577,42.927788148,0.0],[-76.410180593,42.927819043,0.0],[-76.41028625,42.927812609,0.0],[-76.41029151,42.927842144,0.0],[-76.410286176,42.927851025,0.0],[-76.410293456,42.927904851,0.0],[-76.410167188,42.927929294,0.0],[-76.410178925,42.927969318,0.0],[-76.410170011,42.927996924,0.0],[-76.410171195,42.928046719,0.0],[-76.41016914,42.928091269,0.0],[-76.410285289,42.928312016,0.0],[-76.410340204,42.928477997,0.0],[-76.41034798,42.92853029,0.0],[-76.410461682,42.928590594,0.0],[-76.410512591,42.928639151,0.0],[-76.410564074,42.928747025,0.0],[-76.410589572,42.928851364,0.0],[-76.410603672,42.928891708,0.0],[-76.410714296,42.929068473,0.0],[-76.410704505,42.929091156,0.0],[-76.410706299,42.929131428,0.0],[-76.410768371,42.92916069,0.0],[-76.410900486,42.929324368,0.0],[-76.410929831,42.929424426,0.0],[-76.410912693,42.929530967,0.0],[-76.411089896,42.929852883,0.0],[-76.411143402,42.929985049,0.0],[-76.411178311,42.930060247,0.0],[-76.411260655,42.930095469,0.0],[-76.411255516,42.930157211,0.0],[-76.411233459,42.930210248,0.0],[-76.411325106,42.930323588,0.0],[-76.411352626,42.930452217,0.0],[-76.411375301,42.930488925,0.0],[-76.411414513,42.930527884,0.0],[-76.411436011,42.930614066,0.0],[-76.411496217,42.930641472,0.0],[-76.411558445,42.930693169,0.0],[-76.411577807,42.930763049,0.0],[-76.411585893,42.930860214,0.0],[-76.411610443,42.930998045,0.0],[-76.411658838,42.931023844,0.0],[-76.411659381,42.931152004,0.0],[-76.411759482,42.931170429,0.0],[-76.411880043,42.931148409,0.0],[-76.411909805,42.931186082,0.0],[-76.411799345,42.93123029,0.0],[-76.411749887,42.931245975,0.0],[-76.411764484,42.931284785,0.0],[-76.411841684,42.931282482,0.0],[-76.411859634,42.931318548,0.0],[-76.411798517,42.931355061,0.0],[-76.411856021,42.931406116,0.0],[-76.411910286,42.931451925,0.0],[-76.411894934,42.93149947,0.0],[-76.411910675,42.93155765,0.0],[-76.412003544,42.931651942,0.0],[-76.412038527,42.931688724,0.0],[-76.41206605,42.931817353,0.0],[-76.412096763,42.931821532,0.0],[-76.412161437,42.931934402,0.0],[-76.412197411,42.931968117,0.0],[-76.41222888,42.931968851,0.0],[-76.412271226,42.932037401,0.0],[-76.412280149,42.932109063,0.0],[-76.412313688,42.932180872,0.0],[-76.412374782,42.932312468,0.0],[-76.412378103,42.932378564,0.0],[-76.412431874,42.932425907,0.0],[-76.412490753,42.932468852,0.0],[-76.412498007,42.932491953,0.0],[-76.41247475,42.932506992,0.0],[-76.412386077,42.932483719,0.0],[-76.412377163,42.932511325,0.0],[-76.412372211,42.932526661,0.0],[-76.41235595,42.932638125,0.0],[-76.412400612,42.932660213,0.0],[-76.412602688,42.932698918,0.0],[-76.412628544,42.93269413,0.0],[-76.412702369,42.93268046,0.0],[-76.412715708,42.932707893,0.0],[-76.412704658,42.932719197,0.0],[-76.412713996,42.932728473,0.0],[-76.412727676,42.932731935,0.0],[-76.412748712,42.932750808,0.0],[-76.41271865,42.932764543,0.0],[-76.412648307,42.93278678,0.0],[-76.41262949,42.93284506,0.0],[-76.41263212,42.932859827,0.0],[-76.412597754,42.93291279,0.0],[-76.412631635,42.932960629,0.0],[-76.412649586,42.932996694,0.0],[-76.41265397,42.933021306,0.0],[-76.412659768,42.933079734,0.0],[-76.41271647,42.93308745,0.0],[-76.412716511,42.933117876,0.0],[-76.412812777,42.933239848,0.0],[-76.412862505,42.933238608,0.0],[-76.412869747,42.933262009,0.0],[-76.412905186,42.933266831,0.0],[-76.412920321,42.933334534,0.0],[-76.412873224,42.933350541,0.0],[-76.412938396,42.933461877,0.0],[-76.4129802,42.933485177,0.0],[-76.413070329,42.933572692,0.0],[-76.413179957,42.933553985,0.0],[-76.413182475,42.933576743,0.0],[-76.413132406,42.933601952,0.0],[-76.413142621,42.93361615,0.0],[-76.41318328,42.933620081,0.0],[-76.413183435,42.933642518,0.0],[-76.413133862,42.933666193,0.0],[-76.413162677,42.933737358,0.0],[-76.413175676,42.93378876,0.0],[-76.413211652,42.933822474,0.0],[-76.413187572,42.93385122,0.0],[-76.41319173,42.933891811,0.0],[-76.413220081,42.93389567,0.0],[-76.41323891,42.933936657,0.0],[-76.413276712,42.933941801,0.0],[-76.413279879,42.93398546,0.0],[-76.413267117,42.934017346,0.0],[-76.413286101,42.93408077,0.0],[-76.413323449,42.934117873,0.0],[-76.413332219,42.934167098,0.0],[-76.413375861,42.934261095,0.0],[-76.41337617,42.934305967,0.0],[-76.413407307,42.934347028,0.0],[-76.413403655,42.93440417,0.0],[-76.413418254,42.934442981,0.0],[-76.413422299,42.934491564,0.0],[-76.413440943,42.934578956,0.0],[-76.413531826,42.934580115,0.0],[-76.413554615,42.934582789,0.0],[-76.413577367,42.934607125,0.0],[-76.413581185,42.934671688,0.0],[-76.413599673,42.934736645,0.0],[-76.413642243,42.934772856,0.0],[-76.413622702,42.93484865,0.0],[-76.413615583,42.934916528,0.0],[-76.413650612,42.934983735,0.0],[-76.413673713,42.935057325,0.0],[-76.413733977,42.935214424,0.0],[-76.413746936,42.9352354,0.0],[-76.413786648,42.935272824,0.0],[-76.413807953,42.935306144,0.0],[-76.413815124,42.935367959,0.0],[-76.413818674,42.935418076,0.0],[-76.413859149,42.935468413,0.0],[-76.413891589,42.935551278,0.0],[-76.413937171,42.935608715,0.0],[-76.413997198,42.935682525,0.0],[-76.414037788,42.935724872,0.0],[-76.414065573,42.935768679,0.0],[-76.414169913,42.935789279,0.0],[-76.414192096,42.935827521,0.0],[-76.41425037,42.935891486,0.0],[-76.41426013,42.935937644,0.0],[-76.414252363,42.935984619,0.0],[-76.414256492,42.936094053,0.0],[-76.414255358,42.936173952,0.0],[-76.414344264,42.936181245,0.0],[-76.414365839,42.936229009,0.0],[-76.414368058,42.936306163,0.0],[-76.414381823,42.936370477,0.0],[-76.414448021,42.936409903,0.0],[-76.414478737,42.936414082,0.0],[-76.414494708,42.936456282,0.0],[-76.414468152,42.936492696,0.0],[-76.414527191,42.936569574,0.0],[-76.414544196,42.936639131,0.0],[-76.414530443,42.936674085,0.0],[-76.414481745,42.936702683,0.0],[-76.414524585,42.936753342,0.0],[-76.414579804,42.936765657,0.0],[-76.414637244,42.936855126,0.0],[-76.414610843,42.936913975,0.0],[-76.414636267,42.93695746,0.0],[-76.414684965,42.936928863,0.0],[-76.414740567,42.936947634,0.0],[-76.414802648,42.936976895,0.0],[-76.414868041,42.936972982,0.0],[-76.414879897,42.937005016,0.0],[-76.414866485,42.937016,0.0],[-76.414868931,42.937077173,0.0],[-76.414839588,42.937076383,0.0],[-76.414823163,42.937066143,0.0],[-76.414750073,42.937078615,0.0],[-76.414792573,42.937153242,0.0],[-76.414762974,42.937237273,0.0],[-76.414733828,42.937289345,0.0],[-76.414731776,42.937333896,0.0],[-76.414730828,42.93736739,0.0],[-76.414793405,42.937395116,0.0],[-76.41483544,42.937402435,0.0],[-76.414849092,42.937474739,0.0],[-76.414831377,42.937521963,0.0],[-76.414901425,42.937557108,0.0],[-76.414932607,42.937628596,0.0],[-76.415030924,42.93764619,0.0],[-76.415114808,42.937667793,0.0],[-76.415087024,42.937753843,0.0],[-76.415079154,42.937778218,0.0],[-76.415048792,42.937849338,0.0],[-76.415146345,42.937834875,0.0],[-76.41517832,42.937830134,0.0],[-76.415166346,42.937867217,0.0],[-76.415159502,42.937888415,0.0],[-76.415161567,42.937943131,0.0],[-76.415224337,42.937943328,0.0],[-76.415244151,42.937963746,0.0],[-76.415034557,42.937985092,0.0],[-76.415075346,42.938080301,0.0],[-76.415124483,42.938187852,0.0],[-76.415178105,42.938212758,0.0],[-76.415245253,42.938218692,0.0],[-76.415270792,42.938254186,0.0],[-76.415249343,42.9382977,0.0],[-76.415242452,42.938349597,0.0],[-76.415390515,42.938425777,0.0],[-76.415421387,42.938452392,0.0],[-76.415457324,42.938455679,0.0],[-76.415454014,42.938488851,0.0],[-76.415442624,42.938524126,0.0],[-76.415472237,42.938539363,0.0],[-76.41551263,42.938528847,0.0],[-76.415574983,42.938572552,0.0],[-76.415536273,42.938631328,0.0],[-76.41557279,42.938693934,0.0],[-76.415821918,42.938755043,0.0],[-76.415918087,42.938885002,0.0],[-76.415988448,42.938965021,0.0],[-76.416050037,42.938995814,0.0],[-76.416145837,42.938951207,0.0],[-76.416238185,42.939016605,0.0],[-76.416309876,42.939069585,0.0],[-76.416360104,42.939066811,0.0],[-76.416402565,42.939111014,0.0],[-76.416407844,42.939239816,0.0],[-76.416610396,42.939246555,0.0],[-76.416612802,42.939277302,0.0],[-76.416563451,42.939284999,0.0],[-76.416545017,42.939349735,0.0],[-76.416490941,42.939356789,0.0],[-76.416456844,42.939424198,0.0],[-76.416561643,42.939412838,0.0],[-76.416678838,42.939462401,0.0],[-76.416764906,42.939570172,0.0],[-76.416852799,42.939649372,0.0],[-76.417026208,42.939708183,0.0],[-76.417132904,42.93974061,0.0],[-76.417220274,42.93977941,0.0],[-76.417483358,42.939858425,0.0],[-76.41773146,42.939892172,0.0],[-76.417885045,42.939913063,0.0],[-76.41798695,42.939808799,0.0],[-76.418090214,42.939835299,0.0],[-76.418075986,42.939971054,0.0],[-76.418174888,42.940008523,0.0],[-76.418135276,42.940131219,0.0],[-76.418314967,42.940147654,0.0],[-76.418443797,42.940245229,0.0],[-76.418550126,42.940259692,0.0],[-76.41853966,42.940330315,0.0],[-76.418669619,42.940347991,0.0],[-76.418751755,42.940399189,0.0],[-76.418874288,42.94043987,0.0],[-76.419025399,42.940468428,0.0],[-76.419154795,42.940526053,0.0],[-76.419343826,42.940551763,0.0],[-76.41945845,42.940572254,0.0],[-76.419393781,42.940702651,0.0],[-76.419539763,42.940792951,0.0],[-76.419674605,42.940833705,0.0],[-76.419924782,42.940754056,0.0],[-76.419971477,42.940800432,0.0],[-76.419901017,42.940827674,0.0],[-76.419918863,42.940871728,0.0],[-76.419817076,42.940904315,0.0],[-76.419847389,42.940970878,0.0],[-76.419928356,42.941071548,0.0],[-76.419886633,42.941109102,0.0],[-76.419956282,42.941206631,0.0],[-76.420000277,42.941276656,0.0],[-76.420054062,42.941323998,0.0],[-76.4201184,42.941361567,0.0],[-76.420208574,42.941380234,0.0],[-76.420325461,42.941384923,0.0],[-76.420417345,42.941383009,0.0],[-76.420427899,42.941373238,0.0],[-76.420453892,42.941376773,0.0],[-76.420465189,42.941448755,0.0],[-76.420509476,42.941464384,0.0],[-76.420545191,42.94148365,0.0],[-76.420558625,42.941571933,0.0],[-76.420594115,42.94160718,0.0],[-76.420657306,42.94162538,0.0],[-76.420679068,42.941626739,0.0],[-76.420696171,42.941589039,0.0],[-76.420718923,42.941587329,0.0],[-76.420762266,42.941636452,0.0],[-76.420781597,42.941675904,0.0],[-76.420845172,42.94170056,0.0],[-76.42092441,42.941722544,0.0],[-76.420998741,42.94162218,0.0],[-76.421070169,42.941660713,0.0],[-76.421029527,42.941756051,0.0],[-76.420993025,42.941792715,0.0],[-76.42107368,42.941848511,0.0],[-76.421308312,42.941931653,0.0],[-76.4214164,42.941955958,0.0],[-76.421436968,42.941907522,0.0],[-76.421470545,42.941910486,0.0],[-76.421482114,42.941996915,0.0],[-76.421567113,42.942046899,0.0],[-76.421561982,42.942108642,0.0],[-76.421510808,42.94214491,0.0],[-76.421580798,42.94221847,0.0],[-76.421624501,42.94217478,0.0],[-76.421682743,42.942208317,0.0],[-76.421677838,42.94225408,0.0],[-76.421733492,42.942303275,0.0],[-76.421740493,42.942411497,0.0],[-76.421696182,42.942464709,0.0],[-76.421802067,42.942511129,0.0],[-76.421797432,42.942571338,0.0],[-76.421854302,42.942601485,0.0],[-76.422028917,42.942710085,0.0],[-76.422169032,42.942780372,0.0],[-76.422271024,42.942800645,0.0],[-76.422352764,42.942914226,0.0],[-76.422542279,42.94300724,0.0],[-76.422713074,42.943219385,0.0],[-76.422804558,42.943279856,0.0],[-76.422943957,42.943168319,0.0],[-76.422979891,42.943202832,0.0],[-76.422953831,42.943237714,0.0],[-76.423040095,42.943299075,0.0],[-76.423066312,42.943286629,0.0],[-76.423098946,42.943323088,0.0],[-76.423104867,42.943373524,0.0],[-76.423114986,42.943383076,0.0],[-76.423071605,42.943415431,0.0],[-76.42313012,42.943463414,0.0],[-76.423162054,42.943448544,0.0],[-76.423210239,42.943490318,0.0],[-76.423202206,42.943522847,0.0],[-76.423272312,42.943588416,0.0],[-76.423358913,42.943625807,0.0],[-76.423427757,42.943679997,0.0],[-76.423421863,42.943728828,0.0],[-76.423540556,42.943773785,0.0],[-76.423648537,42.943806078,0.0],[-76.423724649,42.943814826,0.0],[-76.423743263,42.943769247,0.0],[-76.423759955,42.943728368,0.0],[-76.42384156,42.943750671,0.0],[-76.423881731,42.943756132,0.0],[-76.423907005,42.94377718,0.0],[-76.423924807,42.943790808,0.0],[-76.42394063,42.943813289,0.0],[-76.423948485,42.943824447,0.0],[-76.423885318,42.943905516,0.0],[-76.42386646,42.943933372,0.0],[-76.423925695,42.94396384,0.0],[-76.423988442,42.944013998,0.0],[-76.424054112,42.944024528,0.0],[-76.42406901,42.944008942,0.0],[-76.424069728,42.943991428,0.0],[-76.424086606,42.943969708,0.0],[-76.424077873,42.943950909,0.0],[-76.424151398,42.943871627,0.0],[-76.424180192,42.943895467,0.0],[-76.42425314,42.943912299,0.0],[-76.42421632,42.943959554,0.0],[-76.424189973,42.943993369,0.0],[-76.424204964,42.944038634,0.0],[-76.424312002,42.944104421,0.0],[-76.424365633,42.944129324,0.0],[-76.424393128,42.944093383,0.0],[-76.424426792,42.944115,0.0],[-76.424465056,42.944132595,0.0],[-76.424439814,42.944174632,0.0],[-76.424378374,42.944166278,0.0],[-76.424368455,42.944265795,0.0],[-76.424432417,42.944296905,0.0],[-76.424490279,42.944323984,0.0],[-76.424603052,42.944318504,0.0],[-76.424706243,42.94438857,0.0],[-76.424792303,42.944397069,0.0],[-76.42483808,42.944408095,0.0],[-76.424891535,42.944479404,0.0],[-76.424990065,42.944510411,0.0],[-76.424980931,42.944553998,0.0],[-76.425070999,42.944580652,0.0],[-76.425264914,42.944698274,0.0],[-76.425319407,42.944710006,0.0],[-76.425354693,42.944779324,0.0],[-76.425364688,42.944809502,0.0],[-76.425446277,42.944900645,0.0],[-76.425516881,42.944964678,0.0],[-76.425639793,42.945080652,0.0],[-76.425724753,42.945100207,0.0],[-76.42590545,42.945113567,0.0],[-76.426332023,42.945152346,0.0],[-76.426520194,42.945173124,0.0],[-76.426915328,42.945225239,0.0],[-76.426939566,42.945218928,0.0],[-76.427184451,42.945247415,0.0],[-76.42726914,42.945252523,0.0],[-76.427317393,42.94525588,0.0],[-76.427315685,42.945276461,0.0],[-76.427368168,42.945281995,0.0],[-76.427398448,42.945152808,0.0],[-76.428191992,42.9451856,0.0],[-76.428206992,42.9451966,0.0],[-76.428405508,42.94522448,0.0],[-76.428471293,42.945227019,0.0],[-76.428512121,42.945253381,0.0],[-76.428699824,42.945138007,0.0],[-76.428813235,42.945087721,0.0],[-76.428838,42.945076739,0.0],[-76.428818453,42.944984426,0.0],[-76.428879622,42.944978331,0.0],[-76.428960191,42.944973273,0.0],[-76.429090597,42.944943531,0.0],[-76.429123172,42.945018403,0.0],[-76.429159533,42.945127411,0.0],[-76.429163162,42.94513082,0.0],[-76.429197393,42.945162977,0.0],[-76.42922575,42.945166831,0.0],[-76.429306319,42.945161773,0.0],[-76.429362936,42.94510863,0.0],[-76.428676064,42.944041851,0.0],[-76.428742565,42.944026875,0.0],[-76.429460368,42.945105699,0.0],[-76.429539823,42.945225531,0.0],[-76.429603404,42.945250183,0.0],[-76.429673371,42.945224472,0.0],[-76.429754323,42.945225869,0.0],[-76.429814181,42.94517797,0.0],[-76.429819461,42.94515658,0.0],[-76.429872992,42.945141867,0.0],[-76.429977592,42.945098,0.0],[-76.430014992,42.945070467,0.0],[-76.430022525,42.945070467,0.0],[-76.430052325,42.945043067,0.0],[-76.430067325,42.945043067,0.0],[-76.430089725,42.9450156,0.0],[-76.430127125,42.9449882,0.0],[-76.430141992,42.9449882,0.0],[-76.430186925,42.9449552,0.0],[-76.430455792,42.944829,0.0],[-76.430500725,42.944818,0.0],[-76.430567792,42.944829,0.0],[-76.430590325,42.944845467,0.0],[-76.430605192,42.9448454,0.0],[-76.430650125,42.944818067,0.0],[-76.430657525,42.944746667,0.0],[-76.430694925,42.9447192,0.0],[-76.430702325,42.9447192,0.0],[-76.430739725,42.944702667,0.0],[-76.430769592,42.9446918,0.0],[-76.430866792,42.944647867,0.0],[-76.430956392,42.9446204,0.0],[-76.431008725,42.944593,0.0],[-76.431031125,42.944593,0.0],[-76.431202925,42.9445052,0.0],[-76.431240192,42.9444778,0.0],[-76.431255192,42.9444778,0.0],[-76.431329925,42.9444284,0.0],[-76.431434592,42.944379,0.0],[-76.431509325,42.944324067,0.0],[-76.431509325,42.944302067,0.0],[-76.431516725,42.9442966,0.0],[-76.431509325,42.944214267,0.0],[-76.431509325,42.9441924,0.0],[-76.431524325,42.944186867,0.0],[-76.431584125,42.944165,0.0],[-76.431695992,42.9441156,0.0],[-76.431935122,42.943948489,0.0],[-76.431984696,42.943924807,0.0],[-76.432183145,42.943921358,0.0],[-76.432257228,42.943905811,0.0],[-76.432270094,42.943865933,0.0],[-76.432307085,42.943827734,0.0],[-76.432330452,42.943747658,0.0],[-76.432376785,42.943718733,0.0],[-76.43239064,42.943675789,0.0],[-76.432385898,42.943675051,0.0],[-76.432443192,42.943643467,0.0],[-76.432443192,42.943632467,0.0],[-76.432480592,42.9436052,0.0],[-76.432618494,42.94363471,0.0],[-76.432728647,42.943476773,0.0],[-76.43274449,42.943358851,0.0],[-76.432706741,42.943315297,0.0],[-76.432752092,42.943220598,0.0],[-76.43281447,42.943195454,0.0],[-76.432899217,42.943162144,0.0],[-76.432843552,42.943112953,0.0],[-76.432877906,42.943059986,0.0],[-76.432978153,42.943001566,0.0],[-76.433042127,42.94296383,0.0],[-76.433045923,42.942929125,0.0],[-76.43301516,42.942914974,0.0],[-76.432951733,42.942892309,0.0],[-76.432968941,42.942846618,0.0],[-76.433079842,42.942839276,0.0],[-76.433319117,42.942862188,0.0],[-76.433422228,42.942733713,0.0],[-76.433404322,42.942659234,0.0],[-76.433380256,42.942619141,0.0],[-76.433403563,42.94257748,0.0],[-76.433404227,42.942529541,0.0],[-76.433486661,42.942526334,0.0],[-76.43352354,42.942496125,0.0],[-76.43346007,42.942463484,0.0],[-76.433495524,42.942399459,0.0],[-76.433575048,42.942367041,0.0],[-76.433660066,42.942348175,0.0],[-76.433689249,42.942326526,0.0],[-76.433744426,42.942308408,0.0],[-76.433756471,42.942225193,0.0],[-76.433594522,42.942191977,0.0],[-76.433511927,42.942172747,0.0],[-76.433503302,42.942145958,0.0],[-76.433473077,42.94214025,0.0],[-76.433475885,42.942108611,0.0],[-76.433446871,42.942083856,0.0],[-76.433402468,42.942076221,0.0],[-76.433407475,42.942022467,0.0],[-76.433384888,42.942014884,0.0],[-76.433385032,42.942011351,0.0],[-76.433219586,42.942016144,0.0],[-76.43322624,42.941980225,0.0],[-76.433384511,42.941971317,0.0],[-76.433388007,42.941938628,0.0],[-76.433389406,42.941925553,0.0],[-76.433463266,42.941925984,0.0],[-76.433513112,42.941916749,0.0],[-76.433572527,42.941831966,0.0],[-76.433579019,42.941773611,0.0],[-76.433546269,42.941745146,0.0],[-76.433497636,42.941735334,0.0],[-76.433418828,42.94175024,0.0],[-76.433399525,42.9417884,0.0],[-76.433379749,42.941802565,0.0],[-76.43336442,42.94178127,0.0],[-76.433348544,42.941731082,0.0],[-76.433320964,42.941671299,0.0],[-76.433179414,42.941567209,0.0],[-76.433150895,42.941540919,0.0],[-76.433080671,42.941483346,0.0],[-76.432912906,42.941391702,0.0],[-76.432943242,42.941389421,0.0],[-76.432964629,42.941378965,0.0],[-76.43298424,42.941369377,0.0],[-76.433006173,42.941324328,0.0],[-76.433078496,42.941298935,0.0],[-76.43308938,42.941265193,0.0],[-76.43301443,42.941206977,0.0],[-76.432873198,42.941252411,0.0],[-76.432858524,42.941216206,0.0],[-76.432925243,42.941185249,0.0],[-76.432875023,42.941119188,0.0],[-76.432763629,42.941128063,0.0],[-76.432697799,42.941095101,0.0],[-76.432674835,42.94104395,0.0],[-76.432606257,42.94100421,0.0],[-76.432547294,42.940988192,0.0],[-76.432514213,42.940983696,0.0],[-76.432505572,42.940988805,0.0],[-76.432474588,42.941007128,0.0],[-76.432437769,42.940998922,0.0],[-76.43247323,42.940965061,0.0],[-76.432465792,42.9409596,0.0],[-76.432450792,42.9409596,0.0],[-76.432362231,42.94091262,0.0],[-76.432332596,42.940934997,0.0],[-76.432277096,42.940908242,0.0],[-76.432223131,42.94090731,0.0],[-76.432205935,42.94088416,0.0],[-76.43220962,42.940857445,0.0],[-76.43212538,42.940820379,0.0],[-76.43208625,42.940842278,0.0],[-76.432071518,42.9408803,0.0],[-76.431995186,42.940887536,0.0],[-76.431959963,42.94086674,0.0],[-76.431906382,42.940872265,0.0],[-76.431849125,42.940835665,0.0],[-76.431877925,42.940807559,0.0],[-76.431856719,42.940766253,0.0],[-76.43179815,42.940687848,0.0],[-76.431878168,42.940653896,0.0],[-76.431920155,42.940630784,0.0],[-76.431935408,42.940604935,0.0],[-76.431969131,42.940547785,0.0],[-76.431925618,42.94047623,0.0],[-76.431870341,42.940433495,0.0],[-76.43184253,42.940458533,0.0],[-76.431812149,42.940474581,0.0],[-76.431808325,42.940471067,0.0],[-76.431783396,42.94048892,0.0],[-76.431739873,42.940486206,0.0],[-76.431681031,42.940393355,0.0],[-76.431571913,42.940272858,0.0],[-76.4315849,42.940261445,0.0],[-76.431591725,42.9402516,0.0],[-76.431464725,42.9401308,0.0],[-76.431412525,42.940097867,0.0],[-76.431240725,42.9400046,0.0],[-76.431158525,42.939938667,0.0],[-76.431158525,42.939927667,0.0],[-76.431121125,42.9399002,0.0],[-76.431121125,42.9398838,0.0],[-76.431091325,42.939867267,0.0],[-76.431091325,42.939856267,0.0],[-76.431061325,42.939818,0.0],[-76.431046325,42.939785,0.0],[-76.431023992,42.939763067,0.0],[-76.431023992,42.9397576,0.0],[-76.431008992,42.9397356,0.0],[-76.430971725,42.939702667,0.0],[-76.430949325,42.939669667,0.0],[-76.430859592,42.9395874,0.0],[-76.430822325,42.93956,0.0],[-76.430822325,42.939554467,0.0],[-76.430784925,42.939516067,0.0],[-76.430747592,42.9394776,0.0],[-76.430745421,42.939475002,0.0],[-76.430639369,42.939508904,0.0],[-76.430533928,42.939430531,0.0],[-76.430508603,42.939379058,0.0],[-76.430555923,42.939347067,0.0],[-76.430514058,42.939293346,0.0],[-76.430457026,42.939240766,0.0],[-76.430504871,42.93922116,0.0],[-76.430534136,42.9391776,0.0],[-76.430540963,42.939095276,0.0],[-76.430493655,42.939058426,0.0],[-76.430398311,42.939071082,0.0],[-76.430365898,42.939018646,0.0],[-76.430323204,42.938990429,0.0],[-76.430302162,42.938971558,0.0],[-76.430253261,42.938989921,0.0],[-76.430220772,42.939002121,0.0],[-76.430164236,42.938948006,0.0],[-76.430111323,42.938905592,0.0],[-76.430124535,42.93888094,0.0],[-76.430136115,42.93885933,0.0],[-76.430132279,42.938794769,0.0],[-76.430031616,42.938747465,0.0],[-76.430008976,42.938741184,0.0],[-76.429977779,42.938758029,0.0],[-76.429951377,42.938797396,0.0],[-76.42989494,42.938804132,0.0],[-76.429879068,42.938753945,0.0],[-76.42993287,42.938732441,0.0],[-76.429942173,42.938728208,0.0],[-76.42997623,42.938712719,0.0],[-76.429927612,42.938634064,0.0],[-76.429783983,42.938544096,0.0],[-76.429763842,42.938553783,0.0],[-76.42971875,42.93857045,0.0],[-76.429706318,42.938647209,0.0],[-76.429655213,42.938645066,0.0],[-76.429648669,42.938672994,0.0],[-76.429569865,42.938687898,0.0],[-76.429561848,42.938651585,0.0],[-76.42948876,42.938664065,0.0],[-76.429456731,42.938618084,0.0],[-76.429476847,42.938601606,0.0],[-76.429520974,42.938594797,0.0],[-76.429547349,42.938604786,0.0],[-76.429565102,42.938587988,0.0],[-76.429585119,42.938510658,0.0],[-76.429649506,42.938377076,0.0],[-76.429642125,42.938368867,0.0],[-76.429631919,42.938312091,0.0],[-76.429631275,42.938222347,0.0],[-76.429608808,42.938223199,0.0],[-76.429483949,42.938227935,0.0],[-76.429467137,42.938211242,0.0],[-76.429357505,42.938229959,0.0],[-76.429343168,42.938205596,0.0],[-76.429437249,42.938181563,0.0],[-76.429482749,42.938178142,0.0],[-76.429489454,42.938172649,0.0],[-76.429583201,42.938172584,0.0],[-76.429610782,42.938170511,0.0],[-76.429612192,42.938132867,0.0],[-76.429597192,42.938121867,0.0],[-76.429582392,42.9381054,0.0],[-76.429574925,42.938067,0.0],[-76.429544992,42.938045,0.0],[-76.42940704,42.938107011,0.0],[-76.429383745,42.938079829,0.0],[-76.429373526,42.938065632,0.0],[-76.429484976,42.938018344,0.0],[-76.429475971,42.937985099,0.0],[-76.429446739,42.937976322,0.0],[-76.429432783,42.937958415,0.0],[-76.429454465,42.937941901,0.0],[-76.429334095,42.937846325,0.0],[-76.429306911,42.937851647,0.0],[-76.429275093,42.937858528,0.0],[-76.429253939,42.937847648,0.0],[-76.429262239,42.937829565,0.0],[-76.4292468,42.937816258,0.0],[-76.429176571,42.937827524,0.0],[-76.429160971,42.937791782,0.0],[-76.429136242,42.937799627,0.0],[-76.429097558,42.937789566,0.0],[-76.429093167,42.937764953,0.0],[-76.429136254,42.937730785,0.0],[-76.42917192,42.937719624,0.0],[-76.429196988,42.937715883,0.0],[-76.429239292,42.937709571,0.0],[-76.429306071,42.937640199,0.0],[-76.429304387,42.937637924,0.0],[-76.429234085,42.937641621,0.0],[-76.429224695,42.93760192,0.0],[-76.429173975,42.937606232,0.0],[-76.429161258,42.937594882,0.0],[-76.429152844,42.937449497,0.0],[-76.429221814,42.937435023,0.0],[-76.429220008,42.937394752,0.0],[-76.429175141,42.937250966,0.0],[-76.429133595,42.937241584,0.0],[-76.428993364,42.937248669,0.0],[-76.428978928,42.937163453,0.0],[-76.429086802,42.937134891,0.0],[-76.429076312,42.937106248,0.0],[-76.429089289,42.93705838,0.0],[-76.429104451,42.937054141,0.0],[-76.429089392,42.936996667,0.0],[-76.429089392,42.9369582,0.0],[-76.429066925,42.9369418,0.0],[-76.429052125,42.936886867,0.0],[-76.429029592,42.936865,0.0],[-76.429027675,42.936860267,0.0],[-76.428971844,42.936856697,0.0],[-76.428959214,42.936811753,0.0],[-76.4289235,42.936792489,0.0],[-76.428872298,42.936729493,0.0],[-76.428851751,42.936709088,0.0],[-76.428843847,42.936664786,0.0],[-76.428810768,42.936660289,0.0],[-76.428790478,42.936723172,0.0],[-76.428738992,42.936714572,0.0],[-76.428726028,42.936693597,0.0],[-76.428678772,42.936687173,0.0],[-76.428682187,42.93664601,0.0],[-76.42863581,42.936644508,0.0],[-76.42861536,42.936684956,0.0],[-76.428576071,42.936684418,0.0],[-76.428572731,42.936618322,0.0],[-76.428556192,42.936616074,0.0],[-76.428564555,42.936559574,0.0],[-76.428455868,42.936544798,0.0],[-76.428451204,42.93650574,0.0],[-76.428562478,42.936504857,0.0],[-76.428580614,42.936494515,0.0],[-76.428631222,42.936498193,0.0],[-76.428651944,42.936472192,0.0],[-76.428661535,42.936446191,0.0],[-76.428559125,42.936371,0.0],[-76.428559125,42.93636,0.0],[-76.428521792,42.936327,0.0],[-76.428521792,42.9362996,0.0],[-76.428514325,42.9362886,0.0],[-76.428499325,42.936261067,0.0],[-76.428461992,42.936080067,0.0],[-76.428466421,42.936020699,0.0],[-76.428344593,42.936002936,0.0],[-76.428314163,42.935944365,0.0],[-76.428349061,42.935920291,0.0],[-76.42838016,42.935930923,0.0],[-76.428375372,42.935968697,0.0],[-76.428437298,42.935975515,0.0],[-76.428440812,42.935995204,0.0],[-76.428468549,42.935992178,0.0],[-76.428476023,42.93589202,0.0],[-76.428406882,42.935848101,0.0],[-76.428417448,42.935769488,0.0],[-76.428482857,42.935766431,0.0],[-76.428469592,42.935673867,0.0],[-76.428447125,42.9356574,0.0],[-76.428447125,42.93563,0.0],[-76.428424792,42.935613467,0.0],[-76.428409792,42.935575067,0.0],[-76.428387392,42.9355586,0.0],[-76.428387325,42.9355476,0.0],[-76.428372392,42.9355312,0.0],[-76.428350125,42.935503667,0.0],[-76.428290325,42.9354268,0.0],[-76.428238125,42.935366467,0.0],[-76.428215592,42.9352896,0.0],[-76.428193192,42.9352732,0.0],[-76.428178325,42.935229267,0.0],[-76.428155792,42.935207267,0.0],[-76.428155792,42.935201867,0.0],[-76.428118525,42.935136,0.0],[-76.428081192,42.935097467,0.0],[-76.428081192,42.935081,0.0],[-76.428043792,42.9350536,0.0],[-76.428043792,42.935042667,0.0],[-76.428028925,42.9350152,0.0],[-76.428006525,42.9349988,0.0],[-76.427991291,42.934961615,0.0],[-76.427952798,42.934969849,0.0],[-76.427903564,42.934969558,0.0],[-76.427887617,42.935026628,0.0],[-76.427868987,42.935038504,0.0],[-76.427858212,42.935064257,0.0],[-76.427820792,42.935065573,0.0],[-76.427807682,42.934953321,0.0],[-76.427792036,42.934887153,0.0],[-76.427690599,42.934895776,0.0],[-76.427681977,42.934868988,0.0],[-76.427747381,42.934796228,0.0],[-76.427793277,42.934730422,0.0],[-76.427825046,42.934693115,0.0],[-76.427852423,42.934631196,0.0],[-76.427853985,42.934519336,0.0],[-76.427849725,42.9344828,0.0],[-76.427830552,42.934413833,0.0],[-76.427789803,42.934267256,0.0],[-76.427766094,42.93413435,0.0],[-76.427695342,42.934123583,0.0],[-76.427667356,42.934119324,0.0],[-76.427674891,42.934088328,0.0],[-76.427692925,42.934071067,0.0],[-76.427691172,42.93400729,0.0],[-76.427691187,42.933938448,0.0],[-76.427688999,42.933891721,0.0],[-76.427662992,42.933884467,0.0],[-76.427648125,42.9338736,0.0],[-76.427625725,42.9337528,0.0],[-76.427603325,42.9337364,0.0],[-76.427588325,42.9336704,0.0],[-76.427565992,42.933654,0.0],[-76.427565925,42.9336156,0.0],[-76.427550992,42.9336046,0.0],[-76.427465128,42.933446619,0.0],[-76.427437446,42.933394824,0.0],[-76.427443998,42.933355151,0.0],[-76.427431525,42.9333246,0.0],[-76.427409125,42.9333028,0.0],[-76.427409125,42.933286267,0.0],[-76.427394192,42.9332588,0.0],[-76.427371792,42.933242267,0.0],[-76.427285083,42.933117945,0.0],[-76.427319708,42.933079425,0.0],[-76.427290989,42.933000273,0.0],[-76.427307862,42.932978551,0.0],[-76.427304955,42.932949339,0.0],[-76.427275726,42.93294056,0.0],[-76.427197949,42.932814713,0.0],[-76.427088755,42.932633359,0.0],[-76.427064154,42.932564372,0.0],[-76.42703004,42.932532517,0.0],[-76.427022521,42.932494671,0.0],[-76.426941903,42.932301193,0.0],[-76.426923725,42.932292789,0.0],[-76.426923725,42.9322598,0.0],[-76.426908725,42.932254267,0.0],[-76.426904422,42.932242658,0.0],[-76.426959175,42.932217086,0.0],[-76.42700424,42.932176784,0.0],[-76.426985354,42.932105372,0.0],[-76.426909751,42.932095093,0.0],[-76.426853558,42.932108657,0.0],[-76.426834125,42.9320622,0.0],[-76.426811725,42.932012867,0.0],[-76.426811725,42.9319964,0.0],[-76.426774392,42.931919467,0.0],[-76.426774392,42.9318756,0.0],[-76.426766925,42.931864667,0.0],[-76.426751925,42.9318482,0.0],[-76.426729592,42.9317384,0.0],[-76.426707192,42.931694467,0.0],[-76.426707192,42.931650467,0.0],[-76.426692192,42.9316396,0.0],[-76.426677392,42.931617667,0.0],[-76.426671162,42.931576448,0.0],[-76.426573765,42.931577105,0.0],[-76.426452443,42.931349274,0.0],[-76.426271498,42.931390311,0.0],[-76.426250682,42.93135546,0.0],[-76.426420916,42.931301759,0.0],[-76.426345728,42.931160252,0.0],[-76.426242638,42.930982929,0.0],[-76.426208205,42.930906201,0.0],[-76.426211287,42.930889008,0.0],[-76.426164212,42.930836178,0.0],[-76.426174763,42.930826405,0.0],[-76.426229438,42.930809825,0.0],[-76.426249279,42.930778901,0.0],[-76.426281094,42.93077202,0.0],[-76.426266131,42.930743913,0.0],[-76.425723881,42.930840342,0.0],[-76.425705205,42.930821792,0.0],[-76.425686098,42.930766359,0.0],[-76.425671844,42.930634739,0.0],[-76.425713604,42.930627609,0.0],[-76.426025317,42.930578739,0.0],[-76.426077357,42.93054739,0.0],[-76.426086537,42.930534229,0.0],[-76.42612472,42.930545825,0.0],[-76.426123506,42.930564873,0.0],[-76.426167518,42.930558217,0.0],[-76.426124792,42.930465,0.0],[-76.426109792,42.930432067,0.0],[-76.426087392,42.930410067,0.0],[-76.426087392,42.9304046,0.0],[-76.426072525,42.9303826,0.0],[-76.426050125,42.9303552,0.0],[-76.426035125,42.930327667,0.0],[-76.425997792,42.930294867,0.0],[-76.425975392,42.9302454,0.0],[-76.425952992,42.930218,0.0],[-76.425915592,42.930179467,0.0],[-76.425915592,42.930163067,0.0],[-76.425878325,42.9301356,0.0],[-76.425878325,42.9301246,0.0],[-76.425840925,42.9300918,0.0],[-76.425803725,42.930053267,0.0],[-76.425796192,42.930025867,0.0],[-76.425766392,42.9299984,0.0],[-76.425758925,42.929954467,0.0],[-76.425728925,42.929905067,0.0],[-76.425736525,42.929822667,0.0],[-76.425758925,42.9296966,0.0],[-76.425758992,42.929597667,0.0],[-76.425751525,42.9295868,0.0],[-76.425729125,42.929477,0.0],[-76.425699192,42.929433067,0.0],[-76.425554471,42.929347563,0.0],[-76.425561575,42.929279684,0.0],[-76.42558362,42.929226647,0.0],[-76.425593023,42.929197505,0.0],[-76.425614944,42.92918382,0.0],[-76.425639347,42.929168582,0.0],[-76.425621549,42.929154955,0.0],[-76.425606031,42.929151173,0.0],[-76.425562104,42.929140467,0.0],[-76.425554315,42.929088175,0.0],[-76.425565202,42.929054433,0.0],[-76.425609592,42.929037867,0.0],[-76.42564152,42.9290472,0.0],[-76.425685051,42.928981074,0.0],[-76.425742087,42.928964815,0.0],[-76.425748967,42.928912916,0.0],[-76.425715238,42.928887516,0.0],[-76.425664851,42.928896815,0.0],[-76.425669392,42.9288568,0.0],[-76.425736725,42.928791,0.0],[-76.425788992,42.928736,0.0],[-76.425811392,42.928714067,0.0],[-76.425826325,42.9286866,0.0],[-76.425863592,42.9286482,0.0],[-76.425863592,42.9286318,0.0],[-76.425885992,42.9286098,0.0],[-76.425885992,42.928593267,0.0],[-76.425900619,42.928579878,0.0],[-76.426013712,42.928566273,0.0],[-76.426043003,42.928536634,0.0],[-76.426090971,42.928525546,0.0],[-76.426223493,42.928527556,0.0],[-76.426367045,42.928587103,0.0],[-76.42646863,42.928600917,0.0],[-76.426562252,42.928608845,0.0],[-76.426644492,42.928652048,0.0],[-76.42673915,42.928687334,0.0],[-76.426809626,42.928759357,0.0],[-76.42681989,42.928803981,0.0],[-76.426784996,42.928828054,0.0],[-76.426815644,42.928870647,0.0],[-76.426801518,42.928899145,0.0],[-76.426885577,42.928913777,0.0],[-76.426906185,42.928895767,0.0],[-76.426946119,42.928901197,0.0],[-76.426954125,42.9289118,0.0],[-76.427006392,42.928966667,0.0],[-76.426982408,42.929064632,0.0],[-76.427051241,42.929118821,0.0],[-76.427109696,42.929136375,0.0],[-76.427106169,42.929185527,0.0],[-76.427118796,42.929230472,0.0],[-76.427207901,42.929290619,0.0],[-76.427272775,42.929357077,0.0],[-76.427335078,42.929370351,0.0],[-76.427391283,42.929379595,0.0],[-76.427431174,42.929370609,0.0],[-76.427430423,42.929288855,0.0],[-76.427463226,42.929278907,0.0],[-76.427496301,42.929283404,0.0],[-76.427536592,42.9292686,0.0],[-76.427537936,42.929267754,0.0],[-76.427554486,42.929286513,0.0],[-76.427570402,42.929367127,0.0],[-76.427682381,42.929348731,0.0],[-76.427700035,42.929271081,0.0],[-76.427750205,42.929237877,0.0],[-76.427798779,42.929217265,0.0],[-76.427841527,42.929207067,0.0],[-76.427846244,42.929192449,0.0],[-76.427863794,42.929138049,0.0],[-76.427912912,42.929146328,0.0],[-76.427922075,42.929165517,0.0],[-76.427942349,42.929207968,0.0],[-76.428018667,42.929200733,0.0],[-76.428043839,42.929160929,0.0],[-76.428092414,42.929140316,0.0],[-76.428123174,42.929174918,0.0],[-76.428201472,42.929161549,0.0],[-76.428347577,42.929106167,0.0],[-76.428397029,42.929090476,0.0],[-76.428484456,42.92903352,0.0],[-76.428474378,42.928873649,0.0],[-76.428487912,42.928785832,0.0],[-76.428422097,42.928752868,0.0],[-76.428457053,42.928690378,0.0],[-76.428529523,42.928687424,0.0],[-76.428597875,42.928674303,0.0],[-76.428654205,42.928606715,0.0],[-76.428625102,42.928521105,0.0],[-76.428601317,42.928495457,0.0],[-76.428535489,42.928531335,0.0],[-76.428528555,42.928512403,0.0],[-76.428530192,42.9285112,0.0],[-76.428524185,42.928459353,0.0],[-76.428535342,42.928440057,0.0],[-76.42850672,42.928421756,0.0],[-76.42852332,42.92838559,0.0],[-76.428592694,42.928393823,0.0],[-76.428615951,42.928396583,0.0],[-76.428751839,42.928327003,0.0],[-76.42878839,42.928251923,0.0],[-76.428786362,42.928227631,0.0],[-76.428727461,42.928242038,0.0],[-76.428671304,42.92826322,0.0],[-76.428635312,42.928273136,0.0],[-76.428649725,42.928220267,0.0],[-76.428657192,42.9282094,0.0],[-76.428686992,42.928148867,0.0],[-76.428701925,42.9281106,0.0],[-76.428739325,42.928083067,0.0],[-76.428776725,42.928066667,0.0],[-76.428821525,42.928066667,0.0],[-76.428888725,42.9280996,0.0],[-76.429067992,42.928242267,0.0],[-76.429135125,42.9282698,0.0],[-76.429171589,42.928277069,0.0],[-76.429224668,42.928367277,0.0],[-76.429343064,42.928397783,0.0],[-76.429510206,42.928361271,0.0],[-76.429641144,42.928307028,0.0],[-76.429863514,42.928213983,0.0],[-76.429871745,42.92820126,0.0],[-76.42993038,42.928205464,0.0],[-76.430004879,42.928226799,0.0],[-76.430043841,42.928182465,0.0],[-76.430053241,42.928153324,0.0],[-76.430063903,42.928135561,0.0],[-76.430062257,42.928117726,0.0],[-76.430082592,42.928085269,0.0],[-76.430138808,42.928025669,0.0],[-76.430245799,42.927923342,0.0],[-76.430269597,42.927880148,0.0],[-76.430279553,42.927811057,0.0],[-76.430311316,42.927773749,0.0],[-76.430417416,42.927735341,0.0],[-76.430494226,42.927726572,0.0],[-76.430549836,42.927676496,0.0],[-76.43061946,42.92760591,0.0],[-76.430659904,42.927556975,0.0],[-76.430701228,42.927512961,0.0],[-76.430844248,42.92747477,0.0],[-76.430885189,42.9274243,0.0],[-76.430944644,42.927369945,0.0],[-76.430988664,42.927302282,0.0],[-76.430988921,42.927300845,0.0],[-76.431002525,42.927292867,0.0],[-76.431107125,42.927221467,0.0],[-76.431107125,42.9272106,0.0],[-76.431129525,42.927183067,0.0],[-76.431166792,42.9271502,0.0],[-76.431196792,42.927095267,0.0],[-76.431219192,42.927078867,0.0],[-76.431219192,42.927056867,0.0],[-76.431331482,42.927057506,0.0],[-76.431422417,42.927020238,0.0],[-76.431474501,42.927019314,0.0],[-76.431522527,42.926969807,0.0],[-76.431498852,42.92693617,0.0],[-76.43144376,42.926847028,0.0],[-76.431488979,42.926829161,0.0],[-76.431520407,42.926815823,0.0],[-76.431544861,42.926793531,0.0],[-76.431581124,42.926772845,0.0],[-76.431565416,42.926745093,0.0],[-76.431438783,42.926694256,0.0],[-76.431374725,42.926671139,0.0],[-76.431338725,42.926659807,0.0],[-76.431276221,42.926640135,0.0],[-76.431276776,42.926600185,0.0],[-76.431305351,42.926586757,0.0],[-76.431334908,42.926572867,0.0],[-76.431345297,42.926540658,0.0],[-76.431368871,42.926513444,0.0],[-76.431327943,42.926495072,0.0],[-76.431346519,42.926452769,0.0],[-76.431314435,42.926445205,0.0],[-76.431245801,42.92647813,0.0],[-76.431241592,42.926475067,0.0],[-76.431226592,42.9264366,0.0],[-76.431204325,42.926420067,0.0],[-76.431196232,42.926399422,0.0],[-76.431297586,42.926329243,0.0],[-76.431307541,42.926260151,0.0],[-76.431297879,42.926206005,0.0],[-76.431212832,42.926194443,0.0],[-76.43114399,42.926209098,0.0],[-76.431105329,42.926226247,0.0],[-76.431092325,42.926200667,0.0],[-76.431092192,42.926178667,0.0],[-76.431069925,42.926134667,0.0],[-76.431069925,42.926107267,0.0],[-76.431054925,42.926096267,0.0],[-76.431057814,42.926040483,0.0],[-76.43110584,42.925990977,0.0],[-76.4310741,42.925890601,0.0],[-76.431032677,42.925873763,0.0],[-76.430977022,42.925884581,0.0],[-76.430940594,42.925891663,0.0],[-76.430936648,42.925835091,0.0],[-76.430966125,42.925826149,0.0],[-76.431013183,42.925811875,0.0],[-76.431047085,42.925790868,0.0],[-76.431052749,42.925758017,0.0],[-76.431105389,42.925717144,0.0],[-76.431070558,42.925702802,0.0],[-76.430954176,42.925735354,0.0],[-76.430950392,42.9257066,0.0],[-76.430940796,42.925673699,0.0],[-76.431007552,42.925638201,0.0],[-76.431059101,42.925539543,0.0],[-76.431084938,42.925451798,0.0],[-76.43103033,42.925429965,0.0],[-76.43096803,42.925416691,0.0],[-76.430918693,42.925424393,0.0],[-76.430880802,42.925435731,0.0],[-76.430853325,42.925349867,0.0],[-76.430853325,42.9253224,0.0],[-76.430824423,42.92512015,0.0],[-76.430779086,42.925115629,0.0],[-76.430772776,42.925058735,0.0],[-76.430808957,42.925048314,0.0],[-76.430808525,42.925048,0.0],[-76.430786125,42.924921667,0.0],[-76.430748792,42.924817467,0.0],[-76.430748792,42.924784467,0.0],[-76.430741392,42.924773467,0.0],[-76.430711525,42.9246912,0.0],[-76.430718992,42.9246528,0.0],[-76.430703992,42.924647267,0.0],[-76.430681592,42.924565,0.0],[-76.430644325,42.9244552,0.0],[-76.430644325,42.9244278,0.0],[-76.430621925,42.924378267,0.0],[-76.430621925,42.924318,0.0],[-76.430606925,42.924307,0.0],[-76.430599392,42.9242686,0.0],[-76.430606925,42.924263067,0.0],[-76.430599525,42.924252067,0.0],[-76.430562125,42.9241808,0.0],[-76.430524792,42.924103867,0.0],[-76.430487525,42.924016067,0.0],[-76.430464992,42.9239942,0.0],[-76.430450192,42.9239612,0.0],[-76.430427725,42.923939267,0.0],[-76.430405392,42.9238844,0.0],[-76.430375525,42.923868,0.0],[-76.430375392,42.923840467,0.0],[-76.430367992,42.923829467,0.0],[-76.430352992,42.923813,0.0],[-76.430330725,42.923758067,0.0],[-76.430293392,42.923692267,0.0],[-76.430278392,42.9236758,0.0],[-76.430270925,42.9236374,0.0],[-76.430241125,42.923620867,0.0],[-76.430241125,42.923609867,0.0],[-76.430203725,42.923571467,0.0],[-76.430196325,42.9235386,0.0],[-76.430158925,42.9235112,0.0],[-76.430158925,42.9234892,0.0],[-76.430121592,42.923445267,0.0],[-76.430106592,42.923406867,0.0],[-76.430084192,42.9233904,0.0],[-76.430084192,42.9233794,0.0],[-76.430069325,42.923362867,0.0],[-76.430046925,42.923335467,0.0],[-76.430039392,42.923308067,0.0],[-76.430009592,42.9232916,0.0],[-76.430002125,42.9232532,0.0],[-76.429972192,42.923236667,0.0],[-76.429972192,42.923225667,0.0],[-76.429964792,42.923198267,0.0],[-76.429934925,42.9231818,0.0],[-76.429927392,42.9231434,0.0],[-76.429890125,42.923116,0.0],[-76.429890125,42.923099467,0.0],[-76.429867725,42.9230776,0.0],[-76.429867725,42.923072067,0.0],[-76.429852725,42.923050067,0.0],[-76.429815392,42.923011667,0.0],[-76.429755725,42.922951267,0.0],[-76.429740725,42.922912867,0.0],[-76.429718325,42.9228964,0.0],[-76.429703392,42.922858,0.0],[-76.429680992,42.922841467,0.0],[-76.429665992,42.922803067,0.0],[-76.429643725,42.9227866,0.0],[-76.429643725,42.9227646,0.0],[-76.429598925,42.922704267,0.0],[-76.429583925,42.922665867,0.0],[-76.429546525,42.9226384,0.0],[-76.429524192,42.922583467,0.0],[-76.429486925,42.922545067,0.0],[-76.429471925,42.9225122,0.0],[-76.429449525,42.922490267,0.0],[-76.429427125,42.922446267,0.0],[-76.429397192,42.922418867,0.0],[-76.429389725,42.9223914,0.0],[-76.429359925,42.922363867,0.0],[-76.429352392,42.9223366,0.0],[-76.429329992,42.9223146,0.0],[-76.429329992,42.922298067,0.0],[-76.429300192,42.922281667,0.0],[-76.429300192,42.922270667,0.0],[-76.429262792,42.9222322,0.0],[-76.429240392,42.922177267,0.0],[-76.429217992,42.922149867,0.0],[-76.429203125,42.922122467,0.0],[-76.429180725,42.922106,0.0],[-76.429180725,42.9220896,0.0],[-76.429165725,42.9220786,0.0],[-76.429128392,42.9220072,0.0],[-76.429090992,42.921968667,0.0],[-76.429090992,42.9219524,0.0],[-76.429068725,42.9219304,0.0],[-76.429061192,42.9218974,0.0],[-76.429031325,42.921875467,0.0],[-76.429008925,42.9218206,0.0],[-76.428986525,42.921793067,0.0],[-76.428971592,42.921765667,0.0],[-76.428949192,42.921738267,0.0],[-76.428934192,42.9217108,0.0],[-76.428911925,42.9216834,0.0],[-76.428896925,42.921666867,0.0],[-76.428874525,42.9216394,0.0],[-76.428837192,42.921601,0.0],[-76.428725192,42.9215078,0.0],[-76.428725125,42.921502267,0.0],[-76.428687925,42.9214638,0.0],[-76.428665392,42.9214364,0.0],[-76.428642992,42.921408867,0.0],[-76.428605725,42.921370467,0.0],[-76.428568325,42.921337467,0.0],[-76.428545992,42.921310067,0.0],[-76.428530992,42.921288067,0.0],[-76.428493725,42.9212552,0.0],[-76.428493725,42.921233267,0.0],[-76.428456325,42.9212058,0.0],[-76.428456325,42.921194867,0.0],[-76.428441525,42.9211674,0.0],[-76.428418992,42.921139867,0.0],[-76.428411525,42.921112467,0.0],[-76.428381592,42.921096,0.0],[-76.428381725,42.921079467,0.0],[-76.428374192,42.9210522,0.0],[-76.428344325,42.921024667,0.0],[-76.428336925,42.9209972,0.0],[-76.428306992,42.920975267,0.0],[-76.428306992,42.9209588,0.0],[-76.428277125,42.9209314,0.0],[-76.428277192,42.920914867,0.0],[-76.428239792,42.9208874,0.0],[-76.428239792,42.920865467,0.0],[-76.428202525,42.920838067,0.0],[-76.428202525,42.9208326,0.0],[-76.428172592,42.9208106,0.0],[-76.428150192,42.920766667,0.0],[-76.428112925,42.920728267,0.0],[-76.428024469,42.920544808,0.0],[-76.427848101,42.920395944,0.0],[-76.427727694,42.920341145,0.0],[-76.427701501,42.92028475,0.0],[-76.427703544,42.920240199,0.0],[-76.427632742,42.920192146,0.0],[-76.427553879,42.920077354,0.0],[-76.42750994,42.920037757,0.0],[-76.427358361,42.919842631,0.0],[-76.427258031,42.919672087,0.0],[-76.427209703,42.919607877,0.0],[-76.427173427,42.919614662,0.0],[-76.427097325,42.9195372,0.0],[-76.427074992,42.9195152,0.0],[-76.427059992,42.9194822,0.0],[-76.427037592,42.919460267,0.0],[-76.427037592,42.919454867,0.0],[-76.427022725,42.919432867,0.0],[-76.426985325,42.9194,0.0],[-76.426947992,42.919334067,0.0],[-76.426910592,42.9192956,0.0],[-76.426873392,42.919235267,0.0],[-76.426836125,42.919196867,0.0],[-76.426836125,42.9191804,0.0],[-76.426813592,42.9191584,0.0],[-76.426798725,42.919125467,0.0],[-76.426776325,42.919103467,0.0],[-76.426753925,42.919059667,0.0],[-76.426738925,42.919037667,0.0],[-76.426731525,42.9190048,0.0],[-76.426701592,42.9189828,0.0],[-76.426701592,42.918966267,0.0],[-76.426694125,42.918955267,0.0],[-76.426679325,42.9189224,0.0],[-76.426656792,42.9189004,0.0],[-76.426656792,42.918894867,0.0],[-76.426619592,42.9188566,0.0],[-76.426604592,42.918818067,0.0],[-76.426582192,42.918801667,0.0],[-76.426567325,42.9187632,0.0],[-76.426544925,42.918746667,0.0],[-76.426537392,42.918708267,0.0],[-76.426507592,42.9186918,0.0],[-76.426500125,42.918664467,0.0],[-76.426500125,42.918648,0.0],[-76.426470192,42.918626,0.0],[-76.426462792,42.9185986,0.0],[-76.426462792,42.918582067,0.0],[-76.426432925,42.9185656,0.0],[-76.426425392,42.918538067,0.0],[-76.426425392,42.918516267,0.0],[-76.426402992,42.9184998,0.0],[-76.426365592,42.918455867,0.0],[-76.426335792,42.918400867,0.0],[-76.426313392,42.918379,0.0],[-76.426313392,42.918351467,0.0],[-76.426298392,42.918346,0.0],[-76.426268592,42.9182802,0.0],[-76.426238792,42.918214267,0.0],[-76.426216325,42.9181978,0.0],[-76.426193992,42.918132,0.0],[-76.426171525,42.9181046,0.0],[-76.426134325,42.918066067,0.0],[-76.426119325,42.9180222,0.0],[-76.426096925,42.918005667,0.0],[-76.426066992,42.9179564,0.0],[-76.426022325,42.917896,0.0],[-76.426007325,42.917857467,0.0],[-76.425984925,42.917841067,0.0],[-76.425969992,42.9178026,0.0],[-76.425947592,42.9177862,0.0],[-76.425932592,42.9177478,0.0],[-76.425910325,42.917731267,0.0],[-76.425910325,42.9177094,0.0],[-76.425872925,42.9176654,0.0],[-76.425865525,42.917627,0.0],[-76.425835592,42.917610467,0.0],[-76.425828125,42.917583067,0.0],[-76.425828125,42.917566667,0.0],[-76.425798325,42.917544667,0.0],[-76.425790792,42.9175008,0.0],[-76.425768325,42.9174788,0.0],[-76.425753525,42.917451267,0.0],[-76.425753525,42.917434867,0.0],[-76.425731125,42.917418467,0.0],[-76.425730992,42.917391,0.0],[-76.425716125,42.91738,0.0],[-76.425693792,42.917336067,0.0],[-76.425678792,42.917314067,0.0],[-76.425656392,42.917259267,0.0],[-76.425641525,42.9172428,0.0],[-76.425618992,42.917187867,0.0],[-76.425596725,42.917133,0.0],[-76.425559392,42.9170672,0.0],[-76.425559392,42.917039667,0.0],[-76.425544392,42.9170342,0.0],[-76.425536925,42.9170122,0.0],[-76.425514525,42.916875,0.0],[-76.425499725,42.916869467,0.0],[-76.425477325,42.9167048,0.0],[-76.425527675,42.916620538,0.0],[-76.425546429,42.91653183,0.0],[-76.42557495,42.916489279,0.0],[-76.42568389,42.916449662,0.0],[-76.425717517,42.916414209,0.0],[-76.425728849,42.916348507,0.0],[-76.425646867,42.916220481,0.0],[-76.425634131,42.916183527,0.0],[-76.425552125,42.915826667,0.0],[-76.425581992,42.915662,0.0],[-76.425619392,42.9155084,0.0],[-76.425619392,42.9153272,0.0],[-76.425582125,42.9152614,0.0],[-76.425582125,42.915244867,0.0],[-76.425559592,42.915222867,0.0],[-76.425559592,42.915217467,0.0],[-76.425522392,42.915179,0.0],[-76.425507392,42.915140667,0.0],[-76.425470125,42.9151132,0.0],[-76.425477592,42.915107667,0.0],[-76.425440192,42.915069267,0.0],[-76.425402925,42.9150308,0.0],[-76.425178792,42.9148826,0.0],[-76.425029525,42.9147728,0.0],[-76.425029525,42.914767267,0.0],[-76.424842992,42.9146246,0.0],[-76.424551725,42.9143776,0.0],[-76.424551725,42.9143666,0.0],[-76.424514392,42.914333667,0.0],[-76.424327725,42.914174467,0.0],[-76.424290392,42.914147067,0.0],[-76.424290392,42.9141416,0.0],[-76.424096192,42.913954867,0.0],[-76.423909592,42.913779267,0.0],[-76.423909592,42.9137628,0.0],[-76.423812525,42.913669467,0.0],[-76.423790192,42.9136146,0.0],[-76.423760325,42.9135872,0.0],[-76.423752925,42.913570667,0.0],[-76.423722992,42.9135432,0.0],[-76.423715525,42.913521267,0.0],[-76.423543792,42.9133676,0.0],[-76.423334792,42.9132084,0.0],[-76.423319792,42.9132084,0.0],[-76.423013725,42.912961267,0.0],[-76.422998792,42.912961267,0.0],[-76.422961392,42.912944867,0.0],[-76.422864392,42.912884467,0.0],[-76.422849392,42.912895467,0.0],[-76.422834592,42.912884467,0.0],[-76.422827125,42.912884467,0.0],[-76.422722592,42.912824067,0.0],[-76.422722592,42.912813067,0.0],[-76.422700125,42.912796667,0.0],[-76.422692592,42.9127582,0.0],[-76.422662792,42.912741667,0.0],[-76.422662792,42.9127308,0.0],[-76.422655325,42.9127034,0.0],[-76.422625392,42.912686867,0.0],[-76.422618125,42.912637467,0.0],[-76.422588125,42.912621,0.0],[-76.422595592,42.912577067,0.0],[-76.422580792,42.912566067,0.0],[-76.422565792,42.912527667,0.0],[-76.422543392,42.912401467,0.0],[-76.422535925,42.912390467,0.0],[-76.422506125,42.912253267,0.0],[-76.422483792,42.9122368,0.0],[-76.422483725,42.912181867,0.0],[-76.422476192,42.912170867,0.0],[-76.422461392,42.912143467,0.0],[-76.422438925,42.9120886,0.0],[-76.422423992,42.912072067,0.0],[-76.422401592,42.9120172,0.0],[-76.422379192,42.9119952,0.0],[-76.422364392,42.9119514,0.0],[-76.422341925,42.911934867,0.0],[-76.422312125,42.911858,0.0],[-76.422289725,42.9118416,0.0],[-76.422282192,42.911797667,0.0],[-76.422252392,42.911775667,0.0],[-76.422252392,42.9117702,0.0],[-76.422244925,42.9117428,0.0],[-76.422214992,42.911715267,0.0],[-76.422170192,42.911633,0.0],[-76.422147925,42.9116056,0.0],[-76.422132925,42.911578067,0.0],[-76.422110525,42.911550667,0.0],[-76.422073192,42.9115122,0.0],[-76.422073192,42.9114958,0.0],[-76.422043325,42.9114738,0.0],[-76.422043325,42.911468267,0.0],[-76.422035792,42.911446267,0.0],[-76.421998525,42.911413467,0.0],[-76.421983592,42.911391467,0.0],[-76.421961325,42.911364,0.0],[-76.421923925,42.9113256,0.0],[-76.421886592,42.911292667,0.0],[-76.421886592,42.911270667,0.0],[-76.421864192,42.9112542,0.0],[-76.421841725,42.911210267,0.0],[-76.421826925,42.911171867,0.0],[-76.421804392,42.911155467,0.0],[-76.421804392,42.911128,0.0],[-76.421789592,42.911117,0.0],[-76.421774592,42.911100467,0.0],[-76.421752192,42.9110456,0.0],[-76.421744792,42.9110182,0.0],[-76.421714925,42.910963267,0.0],[-76.421707392,42.910935867,0.0],[-76.421677592,42.910880867,0.0],[-76.421670125,42.910859067,0.0],[-76.421647725,42.910787667,0.0],[-76.421617792,42.9107712,0.0],[-76.421617792,42.9107492,0.0],[-76.421610325,42.910743667,0.0],[-76.421595525,42.9107218,0.0],[-76.421580525,42.910688867,0.0],[-76.421543325,42.910650467,0.0],[-76.421550725,42.910634,0.0],[-76.421520792,42.910612,0.0],[-76.421520792,42.910606467,0.0],[-76.421513325,42.9105846,0.0],[-76.421476125,42.9105516,0.0],[-76.421438725,42.9104858,0.0],[-76.421401392,42.910419867,0.0],[-76.421401392,42.9103924,0.0],[-76.421386525,42.9103814,0.0],[-76.421378992,42.910354067,0.0],[-76.421349125,42.9102992,0.0],[-76.421326792,42.9102442,0.0],[-76.421304392,42.9101894,0.0],[-76.421266992,42.910107,0.0],[-76.421229725,42.910024667,0.0],[-76.421222192,42.910008267,0.0],[-76.421207392,42.9099698,0.0],[-76.421170125,42.9098984,0.0],[-76.421170125,42.90986,0.0],[-76.421162592,42.9098546,0.0],[-76.421147592,42.9098326,0.0],[-76.421125325,42.9096954,0.0],[-76.421110392,42.909689867,0.0],[-76.421073125,42.9095032,0.0],[-76.421087992,42.9094978,0.0],[-76.421065725,42.909141,0.0],[-76.421058192,42.90913,0.0],[-76.421035925,42.909064067,0.0],[-76.421005992,42.909047667,0.0],[-76.420998525,42.9090092,0.0],[-76.420923925,42.908948867,0.0],[-76.420849192,42.908894,0.0],[-76.420849192,42.908883,0.0],[-76.420759592,42.9088116,0.0],[-76.420759592,42.908800667,0.0],[-76.420737325,42.9087732,0.0],[-76.420699925,42.9087348,0.0],[-76.420662592,42.908696267,0.0],[-76.420513325,42.908559067,0.0],[-76.420475992,42.908531667,0.0],[-76.420475992,42.9085262,0.0],[-76.420468592,42.9085042,0.0],[-76.420431192,42.908471267,0.0],[-76.420393925,42.9084328,0.0],[-76.420356525,42.9083944,0.0],[-76.420199792,42.9082462,0.0],[-76.420169992,42.9082298,0.0],[-76.420169992,42.9082188,0.0],[-76.420132592,42.9081858,0.0],[-76.420095325,42.9081474,0.0],[-76.420072925,42.908119867,0.0],[-76.420035525,42.908081467,0.0],[-76.420013192,42.908054067,0.0],[-76.419990792,42.908026667,0.0],[-76.419953525,42.9079882,0.0],[-76.419923592,42.9079608,0.0],[-76.419901125,42.907933267,0.0],[-76.419863925,42.9079004,0.0],[-76.419707125,42.907763067,0.0],[-76.419669792,42.9076314,0.0],[-76.419669792,42.907604,0.0],[-76.419654992,42.907598467,0.0],[-76.419647525,42.907560067,0.0],[-76.419625125,42.907461267,0.0],[-76.419625125,42.907439267,0.0],[-76.419610125,42.9074338,0.0],[-76.419587792,42.9072966,0.0],[-76.419565392,42.9072472,0.0],[-76.419565392,42.907214267,0.0],[-76.419550525,42.907203267,0.0],[-76.419550525,42.907093467,0.0],[-76.419542992,42.9070826,0.0],[-76.419528125,42.906972667,0.0],[-76.419513192,42.9069672,0.0],[-76.419490792,42.906873867,0.0],[-76.419490792,42.906857467,0.0],[-76.419483325,42.906846467,0.0],[-76.419468525,42.906819067,0.0],[-76.419446125,42.906681867,0.0],[-76.419431192,42.906670867,0.0],[-76.419423725,42.9065556,0.0],[-76.419408792,42.906544667,0.0],[-76.419401325,42.906489667,0.0],[-76.419371525,42.9064184,0.0],[-76.419371525,42.906390867,0.0],[-76.419363992,42.90638,0.0],[-76.419341592,42.9062976,0.0],[-76.419304325,42.9061988,0.0],[-76.419304325,42.9061768,0.0],[-76.419289525,42.906171267,0.0],[-76.419281992,42.9061494,0.0],[-76.419252125,42.906094467,0.0],[-76.419229792,42.906067067,0.0],[-76.419214792,42.9060396,0.0],[-76.419192392,42.9060122,0.0],[-76.419155125,42.905973667,0.0],[-76.419155125,42.9059572,0.0],[-76.419132725,42.9059408,0.0],[-76.419117792,42.9059024,0.0],[-76.419095392,42.905885867,0.0],[-76.419072925,42.905836467,0.0],[-76.419043192,42.905809067,0.0],[-76.419035725,42.9057816,0.0],[-76.419013192,42.905765067,0.0],[-76.419013192,42.905748667,0.0],[-76.418983525,42.9057268,0.0],[-76.418975992,42.9056938,0.0],[-76.418938725,42.9056664,0.0],[-76.418938725,42.9056444,0.0],[-76.418908792,42.905627867,0.0],[-76.418908792,42.905616867,0.0],[-76.418901325,42.905611467,0.0],[-76.418886525,42.905573,0.0],[-76.418849125,42.905523667,0.0],[-76.418841725,42.905468667,0.0],[-76.418811792,42.905452267,0.0],[-76.418804392,42.905381,0.0],[-76.418781992,42.905359,0.0],[-76.418781925,42.905331467,0.0],[-76.418766992,42.905326,0.0],[-76.418752192,42.9052986,0.0],[-76.418729725,42.905243667,0.0],[-76.418714725,42.9052218,0.0],[-76.418707392,42.9051888,0.0],[-76.418684925,42.905166867,0.0],[-76.418669992,42.905122867,0.0],[-76.418647725,42.9051064,0.0],[-76.418632725,42.905068067,0.0],[-76.418610325,42.9050516,0.0],[-76.418595392,42.9050132,0.0],[-76.418572992,42.904996667,0.0],[-76.418557992,42.904947267,0.0],[-76.418535725,42.9049308,0.0],[-76.418520725,42.904886867,0.0],[-76.418498325,42.904865,0.0],[-76.418475992,42.904810067,0.0],[-76.418460992,42.9047936,0.0],[-76.418438725,42.904738667,0.0],[-76.418401392,42.9046124,0.0],[-76.418401392,42.904590467,0.0],[-76.418393925,42.904585,0.0],[-76.418364125,42.904480667,0.0],[-76.418364192,42.9044204,0.0],[-76.418341725,42.9043984,0.0],[-76.418296992,42.904316,0.0],[-76.418296992,42.9042996,0.0],[-76.418267125,42.904277667,0.0],[-76.418244725,42.9042172,0.0],[-76.418222325,42.9041898,0.0],[-76.418207325,42.904162267,0.0],[-76.418184992,42.904134867,0.0],[-76.418147725,42.904069,0.0],[-76.418125325,42.9040416,0.0],[-76.418110325,42.904025067,0.0],[-76.418087925,42.903997667,0.0],[-76.418073125,42.903975667,0.0],[-76.418050592,42.9039482,0.0],[-76.418035725,42.9039318,0.0],[-76.417998392,42.9038934,0.0],[-76.417960992,42.903860467,0.0],[-76.417938725,42.903833,0.0],[-76.417923792,42.903811,0.0],[-76.417893925,42.9037726,0.0],[-76.417878992,42.903756067,0.0],[-76.417841725,42.903717667,0.0],[-76.417819325,42.9036902,0.0],[-76.417804392,42.9036738,0.0],[-76.417781992,42.9036464,0.0],[-76.417766992,42.903629867,0.0],[-76.417744725,42.9036024,0.0],[-76.417729725,42.903575,0.0],[-76.417707325,42.903547467,0.0],[-76.417692525,42.9035256,0.0],[-76.417669992,42.903498067,0.0],[-76.417655125,42.9034816,0.0],[-76.417632592,42.9034542,0.0],[-76.417617792,42.903437667,0.0],[-76.417595392,42.903410267,0.0],[-76.417558125,42.903371867,0.0],[-76.417520725,42.903333467,0.0],[-76.417483525,42.903295,0.0],[-76.417446125,42.903262067,0.0],[-76.417438592,42.903240067,0.0],[-76.417401325,42.903207067,0.0],[-76.417386392,42.9031852,0.0],[-76.417349125,42.903152267,0.0],[-76.417326725,42.903124867,0.0],[-76.417289325,42.9030864,0.0],[-76.417252125,42.903048,0.0],[-76.417214725,42.903015,0.0],[-76.417207325,42.902993067,0.0],[-76.417177392,42.9029656,0.0],[-76.417140125,42.9029272,0.0],[-76.417132725,42.9029108,0.0],[-76.417095325,42.9028724,0.0],[-76.417057992,42.9028394,0.0],[-76.417028125,42.902811867,0.0],[-76.416998325,42.902773467,0.0],[-76.416960925,42.902735067,0.0],[-76.416931192,42.9027076,0.0],[-76.416893792,42.902674667,0.0],[-76.416871392,42.9026472,0.0],[-76.416834125,42.902608867,0.0],[-76.416796792,42.9025704,0.0],[-76.416774392,42.902543,0.0],[-76.416751992,42.902515467,0.0],[-76.416736992,42.902499,0.0],[-76.416714725,42.9024716,0.0],[-76.416647525,42.902405667,0.0],[-76.416625125,42.9023618,0.0],[-76.416617592,42.902339867,0.0],[-76.416587792,42.902241,0.0],[-76.416565525,42.9022246,0.0],[-76.416565525,42.902169667,0.0],[-76.416557992,42.902158667,0.0],[-76.416542992,42.9021312,0.0],[-76.416520792,42.901983,0.0],[-76.416498325,42.901911667,0.0],[-76.416498392,42.901845867,0.0],[-76.416483392,42.901840267,0.0],[-76.416475992,42.901730467,0.0],[-76.416453725,42.901626267,0.0],[-76.416453592,42.901554867,0.0],[-76.416419892,42.901380869,0.0],[-76.416450765,42.901358671,0.0],[-76.416469936,42.901207578,0.0],[-76.4164927,42.901137027,0.0],[-76.416518643,42.900942026,0.0],[-76.416576951,42.900700196,0.0],[-76.416611888,42.90053844,0.0],[-76.416581373,42.900487855,0.0],[-76.416576027,42.900397468,0.0],[-76.416621979,42.900293248,0.0],[-76.416631946,42.900224158,0.0],[-76.416656758,42.900109056,0.0],[-76.416722505,42.899943489,0.0],[-76.416770801,42.899740323,0.0],[-76.41678412,42.899668487,0.0],[-76.416804973,42.899565654,0.0],[-76.416755595,42.899443656,0.0],[-76.416739183,42.899438533,0.0],[-76.416618592,42.8992662,0.0],[-76.416596325,42.8991894,0.0],[-76.416573925,42.899172867,0.0],[-76.416573925,42.8991344,0.0],[-76.416541253,42.899071916,0.0],[-76.416500554,42.899042295,0.0],[-76.416438269,42.898929747,0.0],[-76.416398918,42.898868353,0.0],[-76.416399666,42.89881545,0.0],[-76.416370889,42.898792081,0.0],[-76.41637167,42.89875417,0.0],[-76.416316271,42.898747727,0.0],[-76.416238125,42.898684267,0.0],[-76.416238125,42.8986788,0.0],[-76.416230592,42.8986568,0.0],[-76.416193392,42.898623867,0.0],[-76.416162651,42.898592304,0.0],[-76.415940786,42.898508191,0.0],[-76.41594275,42.898402788,0.0],[-76.415932192,42.898344,0.0],[-76.415934775,42.898297632,0.0],[-76.415869112,42.898256672,0.0],[-76.415822438,42.898260884,0.0],[-76.415770095,42.898265608,0.0],[-76.415727224,42.89818878,0.0],[-76.415678392,42.8981518,0.0],[-76.415663525,42.8981518,0.0],[-76.415506725,42.898014467,0.0],[-76.415491792,42.897976067,0.0],[-76.415469392,42.8979596,0.0],[-76.415469325,42.897948667,0.0],[-76.415454525,42.8979048,0.0],[-76.415432125,42.8978828,0.0],[-76.415417192,42.897800467,0.0],[-76.415409725,42.897795,0.0],[-76.415394792,42.8977676,0.0],[-76.415393288,42.897709544,0.0],[-76.415476083,42.897710039,0.0],[-76.41547911,42.897563152,0.0],[-76.415476819,42.897524415,0.0],[-76.415417675,42.897524368,0.0],[-76.415409792,42.8974656,0.0],[-76.415402392,42.8974218,0.0],[-76.415402392,42.897343031,0.0],[-76.415446476,42.897328154,0.0],[-76.415421974,42.897220749,0.0],[-76.415402462,42.897128432,0.0],[-76.415350325,42.897097867,0.0],[-76.415279595,42.897050866,0.0],[-76.415193446,42.897019925,0.0],[-76.41513091,42.896992198,0.0],[-76.415029039,42.897002347,0.0],[-76.415003942,42.897003733,0.0],[-76.414956987,42.89701175,0.0],[-76.414924269,42.89698328,0.0],[-76.41496581,42.896923292,0.0],[-76.414891807,42.896869988,0.0],[-76.414924047,42.896826809,0.0],[-76.414909792,42.896823267,0.0],[-76.414683432,42.896677019,0.0],[-76.414710846,42.896651622,0.0],[-76.414608313,42.896541598,0.0],[-76.414536022,42.896467714,0.0],[-76.414416579,42.896348983,0.0],[-76.414384679,42.896351533,0.0],[-76.414379992,42.8963458,0.0],[-76.414342725,42.896307267,0.0],[-76.414327792,42.896290867,0.0],[-76.414290525,42.8962524,0.0],[-76.414021792,42.8960274,0.0],[-76.413850125,42.8958736,0.0],[-76.413812925,42.8958462,0.0],[-76.413812925,42.8958352,0.0],[-76.413775525,42.8958022,0.0],[-76.413775592,42.8957804,0.0],[-76.413753192,42.895763867,0.0],[-76.413738192,42.8957254,0.0],[-76.413700925,42.895654,0.0],[-76.413708392,42.8955882,0.0],[-76.413693525,42.895582667,0.0],[-76.413678592,42.895544267,0.0],[-76.413656325,42.8954784,0.0],[-76.413633792,42.895462,0.0],[-76.413633792,42.89544,0.0],[-76.413611392,42.895423467,0.0],[-76.413611392,42.895412467,0.0],[-76.413581592,42.895385067,0.0],[-76.413574125,42.8953686,0.0],[-76.413536925,42.8953302,0.0],[-76.413506992,42.895302667,0.0],[-76.413469592,42.8952698,0.0],[-76.413469725,42.895247867,0.0],[-76.413439792,42.895187467,0.0],[-76.413402592,42.895149,0.0],[-76.413388249,42.895122038,0.0],[-76.4133358,42.895023443,0.0],[-76.413203598,42.894837329,0.0],[-76.413143157,42.894795477,0.0],[-76.413099245,42.894755876,0.0],[-76.413077341,42.894756792,0.0],[-76.413032135,42.894712417,0.0],[-76.41307216,42.894664128,0.0],[-76.412910677,42.89450765,0.0],[-76.412852176,42.894429238,0.0],[-76.412726688,42.8943369,0.0],[-76.412704593,42.894260242,0.0],[-76.412674394,42.894254528,0.0],[-76.412634751,42.89424753,0.0],[-76.412604125,42.8942542,0.0],[-76.412473598,42.894334462,0.0],[-76.412393507,42.894277125,0.0],[-76.412474578,42.894232125,0.0],[-76.412445442,42.894184928,0.0],[-76.4123919,42.894190447,0.0],[-76.412343266,42.894150202,0.0],[-76.412385456,42.894111117,0.0],[-76.412452443,42.894125041,0.0],[-76.41249731,42.894129181,0.0],[-76.412477192,42.894111467,0.0],[-76.412454925,42.894084,0.0],[-76.412462105,42.894011078,0.0],[-76.41238083,42.893903946,0.0],[-76.412343816,42.893911715,0.0],[-76.412298125,42.893902622,0.0],[-76.412267386,42.893896504,0.0],[-76.41218388,42.893979599,0.0],[-76.412096057,42.893900395,0.0],[-76.412120391,42.893886096,0.0],[-76.412155198,42.893900442,0.0],[-76.41217618,42.89388889,0.0],[-76.412152033,42.893856781,0.0],[-76.412177697,42.893815446,0.0],[-76.412200813,42.893820194,0.0],[-76.412235977,42.89381319,0.0],[-76.412277202,42.893804978,0.0],[-76.412214897,42.893761271,0.0],[-76.412197145,42.893757738,0.0],[-76.412186192,42.893721667,0.0],[-76.412163925,42.8937052,0.0],[-76.412163925,42.8936888,0.0],[-76.412148992,42.8936778,0.0],[-76.412133992,42.893661267,0.0],[-76.412127882,42.893646232,0.0],[-76.412106474,42.893700076,0.0],[-76.412091132,42.893747621,0.0],[-76.411995132,42.893777778,0.0],[-76.411952705,42.893733575,0.0],[-76.412009444,42.893702875,0.0],[-76.411999082,42.89366624,0.0],[-76.411933354,42.893663695,0.0],[-76.411924251,42.893638439,0.0],[-76.412029695,42.893609567,0.0],[-76.412015489,42.893577212,0.0],[-76.412040202,42.893569369,0.0],[-76.412036316,42.893543223,0.0],[-76.412079666,42.893527766,0.0],[-76.412066992,42.893496667,0.0],[-76.412037125,42.893474667,0.0],[-76.412036992,42.893447267,0.0],[-76.412029592,42.8934418,0.0],[-76.412022954,42.893431977,0.0],[-76.411962393,42.893451501,0.0],[-76.411932575,42.893452245,0.0],[-76.41187359,42.893474633,0.0],[-76.411839164,42.893466744,0.0],[-76.411830401,42.893417518,0.0],[-76.411835382,42.893333339,0.0],[-76.411792616,42.893313105,0.0],[-76.411737095,42.893324758,0.0],[-76.411685039,42.893325675,0.0],[-76.411665006,42.893303734,0.0],[-76.411694937,42.893295001,0.0],[-76.411865387,42.893286189,0.0],[-76.41188412,42.893266325,0.0],[-76.411922079,42.893251325,0.0],[-76.411917792,42.893238667,0.0],[-76.411895325,42.893216667,0.0],[-76.411895325,42.893172667,0.0],[-76.411880525,42.8931124,0.0],[-76.411857992,42.893063,0.0],[-76.411858125,42.893030067,0.0],[-76.411850725,42.893019067,0.0],[-76.411835725,42.892991667,0.0],[-76.411820792,42.8929532,0.0],[-76.411791761,42.892901838,0.0],[-76.411617226,42.892970605,0.0],[-76.411588245,42.892945845,0.0],[-76.411575637,42.892900899,0.0],[-76.411661737,42.892901416,0.0],[-76.411701947,42.892868465,0.0],[-76.411677801,42.892836357,0.0],[-76.411594363,42.892781766,0.0],[-76.411628464,42.892682947,0.0],[-76.411611925,42.892667667,0.0],[-76.411589525,42.8926404,0.0],[-76.411552192,42.8926074,0.0],[-76.411514925,42.892569,0.0],[-76.411505496,42.892548087,0.0],[-76.411537374,42.89253064,0.0],[-76.411532076,42.892470678,0.0],[-76.411489056,42.892481131,0.0],[-76.411447689,42.89244958,0.0],[-76.411436566,42.892400033,0.0],[-76.411423617,42.892379056,0.0],[-76.411478873,42.8923707,0.0],[-76.41147729,42.892353528,0.0],[-76.411389265,42.89233275,0.0],[-76.41136611,42.892297575,0.0],[-76.411463181,42.89226234,0.0],[-76.411516865,42.892242853,0.0],[-76.411503648,42.89220743,0.0],[-76.411425525,42.892168267,0.0],[-76.411395725,42.892085867,0.0],[-76.411389686,42.892072548,0.0],[-76.411183348,42.892107776,0.0],[-76.411162099,42.892104882,0.0],[-76.411133614,42.892078588,0.0],[-76.411136202,42.892062929,0.0],[-76.411221652,42.892042544,0.0],[-76.411209312,42.892012044,0.0],[-76.411113882,42.892002251,0.0],[-76.41111312,42.891989339,0.0],[-76.411132844,42.891966406,0.0],[-76.411252492,42.891969891,0.0],[-76.4112737,42.891942358,0.0],[-76.411301269,42.891933303,0.0],[-76.411294641,42.891900379,0.0],[-76.411306787,42.891878017,0.0],[-76.41132925,42.89187455,0.0],[-76.411328592,42.8918718,0.0],[-76.411306192,42.8918554,0.0],[-76.411306192,42.891805867,0.0],[-76.411291192,42.8918004,0.0],[-76.411268925,42.8917346,0.0],[-76.411231592,42.891668667,0.0],[-76.411171992,42.891597267,0.0],[-76.411140627,42.891652051,0.0],[-76.411093407,42.891645621,0.0],[-76.411062562,42.891619005,0.0],[-76.411031909,42.891645252,0.0],[-76.410900878,42.891677043,0.0],[-76.410859063,42.891623316,0.0],[-76.410936935,42.891603499,0.0],[-76.410969266,42.891625514,0.0],[-76.411020177,42.891605228,0.0],[-76.411009209,42.891578117,0.0],[-76.41098095,42.891535843,0.0],[-76.41098586,42.891490079,0.0],[-76.411013162,42.891466578,0.0],[-76.411037725,42.8914436,0.0],[-76.411007725,42.891388667,0.0],[-76.410985392,42.8913284,0.0],[-76.410970525,42.891300867,0.0],[-76.410965477,42.891278843,0.0],[-76.410794528,42.891204647,0.0],[-76.41068878,42.891188645,0.0],[-76.410630666,42.891116688,0.0],[-76.410640678,42.891078024,0.0],[-76.41064169,42.891059726,0.0],[-76.410627192,42.8910538,0.0],[-76.410582525,42.8910154,0.0],[-76.410667592,42.890948798,0.0],[-76.410681411,42.890875428,0.0],[-76.410604272,42.890885817,0.0],[-76.41058092,42.890888962,0.0],[-76.410530538,42.890838871,0.0],[-76.410459596,42.890837216,0.0],[-76.410396532,42.890780595,0.0],[-76.410392948,42.890700052,0.0],[-76.410402847,42.890669378,0.0],[-76.410452427,42.89067613,0.0],[-76.410457342,42.890729636,0.0],[-76.410496829,42.890714199,0.0],[-76.410545205,42.890719486,0.0],[-76.410545325,42.890576267,0.0],[-76.410560192,42.8905708,0.0],[-76.410649792,42.8905324,0.0],[-76.410649792,42.8904776,0.0],[-76.410634925,42.890472067,0.0],[-76.410627525,42.8904336,0.0],[-76.410590192,42.8903622,0.0],[-76.410590192,42.890340267,0.0],[-76.410552992,42.890269,0.0],[-76.410552925,42.890241467,0.0],[-76.410537992,42.890230467,0.0],[-76.410530525,42.8901976,0.0],[-76.410508192,42.8900878,0.0],[-76.410478392,42.8900658,0.0],[-76.410478392,42.890060267,0.0],[-76.410470925,42.889978,0.0],[-76.410455925,42.889967,0.0],[-76.410448592,42.8899396,0.0],[-76.410411325,42.889736467,0.0],[-76.410411366,42.889709396,0.0],[-76.410323547,42.889693118,0.0],[-76.410336415,42.889653242,0.0],[-76.410390987,42.889657762,0.0],[-76.410388925,42.889648667,0.0],[-76.410374845,42.88955523,0.0],[-76.410217375,42.889540964,0.0],[-76.410221294,42.889498268,0.0],[-76.410351469,42.889487725,0.0],[-76.410330476,42.889345257,0.0],[-76.410400977,42.889338613,0.0],[-76.410368261,42.889210872,0.0],[-76.410372521,42.889144206,0.0],[-76.410347575,42.889068759,0.0],[-76.410353207,42.889005482,0.0],[-76.410343184,42.888845609,0.0],[-76.410299725,42.888798,0.0],[-76.410284792,42.888787,0.0],[-76.410270125,42.8883588,0.0],[-76.410270192,42.8881942,0.0],[-76.410247792,42.888007467,0.0],[-76.410247925,42.887782467,0.0],[-76.410240525,42.887771467,0.0],[-76.410238406,42.887753248,0.0],[-76.410182509,42.887770204,0.0],[-76.410168918,42.887827595,0.0],[-76.410054153,42.887847189,0.0],[-76.410052971,42.887797394,0.0],[-76.410000538,42.887791853,0.0],[-76.40997487,42.887733921,0.0],[-76.410154594,42.887703961,0.0],[-76.410159122,42.887651741,0.0],[-76.410226156,42.887647895,0.0],[-76.410218192,42.8875794,0.0],[-76.410218192,42.8873434,0.0],[-76.410195925,42.887272067,0.0],[-76.410195925,42.8872336,0.0],[-76.410173525,42.8871074,0.0],[-76.410173592,42.8870854,0.0],[-76.410159886,42.887000198,0.0],[-76.41014121,42.887009798,0.0],[-76.410100792,42.887030576,0.0],[-76.410059702,42.886959334,0.0],[-76.410052654,42.886889527,0.0],[-76.410005439,42.886883097,0.0],[-76.40995811,42.886884656,0.0],[-76.409928255,42.886854973,0.0],[-76.409950186,42.886809927,0.0],[-76.409937847,42.886779426,0.0],[-76.409878219,42.886780913,0.0],[-76.409868394,42.88677317,0.0],[-76.409790528,42.886792986,0.0],[-76.409771107,42.886761521,0.0],[-76.409951932,42.886720503,0.0],[-76.409953377,42.886685476,0.0],[-76.409878327,42.886673653,0.0],[-76.409824485,42.886634298,0.0],[-76.409802218,42.88661929,0.0],[-76.409811105,42.88659175,0.0],[-76.409885581,42.886574871,0.0],[-76.409864954,42.886516525,0.0],[-76.409807801,42.886510342,0.0],[-76.40975963,42.886438137,0.0],[-76.409740017,42.886353809,0.0],[-76.409668244,42.886377656,0.0],[-76.409658647,42.886353934,0.0],[-76.409682977,42.886339636,0.0],[-76.40961455,42.886261469,0.0],[-76.409603088,42.886235892,0.0],[-76.409648512,42.88620205,0.0],[-76.409708392,42.886147943,0.0],[-76.409703792,42.886141267,0.0],[-76.409673925,42.886086267,0.0],[-76.409651592,42.886069867,0.0],[-76.409651592,42.8860534,0.0],[-76.409636592,42.8860424,0.0],[-76.409606925,42.8859766,0.0],[-76.409569525,42.885910667,0.0],[-76.409554525,42.8858942,0.0],[-76.409532192,42.8858394,0.0],[-76.409502325,42.885822867,0.0],[-76.409479992,42.885768,0.0],[-76.409457592,42.885718467,0.0],[-76.409442792,42.885702,0.0],[-76.409420325,42.8856472,0.0],[-76.409397992,42.8856198,0.0],[-76.409383125,42.885592267,0.0],[-76.409360592,42.8855648,0.0],[-76.409345725,42.8855484,0.0],[-76.409323392,42.885520867,0.0],[-76.409308525,42.885493467,0.0],[-76.409285992,42.885466067,0.0],[-76.409248792,42.8854276,0.0],[-76.409189125,42.885323267,0.0],[-76.409166725,42.885295867,0.0],[-76.409114525,42.885213467,0.0],[-76.409092192,42.885186067,0.0],[-76.409077192,42.8851586,0.0],[-76.409054792,42.885131067,0.0],[-76.409017592,42.8850982,0.0],[-76.408972792,42.885015867,0.0],[-76.408957925,42.884993867,0.0],[-76.408920592,42.884906067,0.0],[-76.408898325,42.8848402,0.0],[-76.408875925,42.8848182,0.0],[-76.408875925,42.8848018,0.0],[-76.408838525,42.884774267,0.0],[-76.408838592,42.884763267,0.0],[-76.408808725,42.884736,0.0],[-76.408801192,42.884719467,0.0],[-76.40879643,42.884714543,0.0],[-76.408744717,42.884726019,0.0],[-76.40875298,42.884776779,0.0],[-76.408710755,42.884785438,0.0],[-76.408681398,42.88475422,0.0],[-76.408665556,42.884704029,0.0],[-76.408712389,42.88468415,0.0],[-76.408690838,42.884656238,0.0],[-76.408722827,42.884622507,0.0],[-76.408704325,42.884598667,0.0],[-76.408674392,42.8845712,0.0],[-76.408651992,42.884543667,0.0],[-76.408592325,42.8844724,0.0],[-76.408540125,42.884406467,0.0],[-76.408517792,42.8843516,0.0],[-76.408495392,42.884324067,0.0],[-76.408480525,42.8842968,0.0],[-76.408383592,42.8842034,0.0],[-76.408383592,42.884186867,0.0],[-76.408346192,42.884148467,0.0],[-76.408346325,42.884121,0.0],[-76.408308925,42.8840882,0.0],[-76.408308925,42.8840662,0.0],[-76.408286525,42.884049667,0.0],[-76.408286592,42.8840332,0.0],[-76.408264192,42.884011267,0.0],[-76.408264192,42.8840058,0.0],[-76.408249325,42.8839838,0.0],[-76.408122525,42.883863067,0.0],[-76.408120207,42.883854615,0.0],[-76.408056672,42.88387978,0.0],[-76.408040492,42.883952828,0.0],[-76.408013916,42.883958815,0.0],[-76.407962016,42.883783629,0.0],[-76.407969821,42.883767079,0.0],[-76.408035424,42.883777617,0.0],[-76.408092628,42.883739347,0.0],[-76.408132856,42.883712434,0.0],[-76.408173634,42.883639534,0.0],[-76.408248296,42.883545632,0.0],[-76.40824993,42.883464199,0.0],[-76.408239688,42.883419574,0.0],[-76.408265691,42.883354269,0.0],[-76.408275323,42.883309148,0.0],[-76.408334072,42.883302741,0.0],[-76.408297895,42.883086467,0.0],[-76.408244129,42.883097289,0.0],[-76.408203014,42.883105565,0.0],[-76.408187819,42.882977007,0.0],[-76.40811898,42.882961226,0.0],[-76.408109766,42.882943959,0.0],[-76.408002928,42.882939014,0.0],[-76.408010314,42.882885582,0.0],[-76.408095411,42.882889168,0.0],[-76.408106604,42.882900299,0.0],[-76.408135426,42.882902624,0.0],[-76.408149551,42.882874127,0.0],[-76.408195507,42.882869179,0.0],[-76.408230269,42.8828531,0.0],[-76.408264725,42.882864067,0.0],[-76.408264925,42.882699467,0.0],[-76.408294792,42.882540267,0.0],[-76.408279792,42.8825348,0.0],[-76.408294792,42.882414,0.0],[-76.408294792,42.8823702,0.0],[-76.408309792,42.8823592,0.0],[-76.408324725,42.882342667,0.0],[-76.408332192,42.8821946,0.0],[-76.408347192,42.882189067,0.0],[-76.408362125,42.882167067,0.0],[-76.408392125,42.881892667,0.0],[-76.408399592,42.8818872,0.0],[-76.408414525,42.881722467,0.0],[-76.408429525,42.881711467,0.0],[-76.408435648,42.88167209,0.0],[-76.40831522,42.881673448,0.0],[-76.408307871,42.881658038,0.0],[-76.408208386,42.881668502,0.0],[-76.408212953,42.881646708,0.0],[-76.408246611,42.881641687,0.0],[-76.408250264,42.881584545,0.0],[-76.408369511,42.881581575,0.0],[-76.408452963,42.881560746,0.0],[-76.408459392,42.8815194,0.0],[-76.408459525,42.8814646,0.0],[-76.408474325,42.881459067,0.0],[-76.408452192,42.880965067,0.0],[-76.408437192,42.880954067,0.0],[-76.408414992,42.8808278,0.0],[-76.408392592,42.8807784,0.0],[-76.408392592,42.880751,0.0],[-76.408377592,42.880745467,0.0],[-76.408370325,42.8807236,0.0],[-76.408347792,42.8806412,0.0],[-76.408318125,42.880624667,0.0],[-76.408317992,42.880597267,0.0],[-76.408295592,42.880580867,0.0],[-76.408295592,42.880558867,0.0],[-76.408273325,42.880515,0.0],[-76.408236125,42.880449,0.0],[-76.408198725,42.880388667,0.0],[-76.408197712,42.880386879,0.0],[-76.408043717,42.879948896,0.0],[-76.407998788,42.879782665,0.0],[-76.407858031,42.879669025,0.0],[-76.407784168,42.879508458,0.0],[-76.407730447,42.879461113,0.0],[-76.407616646,42.879248673,0.0],[-76.407505192,42.8791316,0.0],[-76.407497792,42.879076667,0.0],[-76.407460592,42.878956,0.0],[-76.407460592,42.878917467,0.0],[-76.407445592,42.878912067,0.0],[-76.407423325,42.8788188,0.0],[-76.407385992,42.878708867,0.0],[-76.407386125,42.8786266,0.0],[-76.407378592,42.8786156,0.0],[-76.407363725,42.8785882,0.0],[-76.407326392,42.878439867,0.0],[-76.407326392,42.8784236,0.0],[-76.407318992,42.8784126,0.0],[-76.407296725,42.8782972,0.0],[-76.407266792,42.878247867,0.0],[-76.407274392,42.878192867,0.0],[-76.407259392,42.878187467,0.0],[-76.407236992,42.8781052,0.0],[-76.407237125,42.8780832,0.0],[-76.407222192,42.878077667,0.0],[-76.407199725,42.8779954,0.0],[-76.407199792,42.877967867,0.0],[-76.407184925,42.877956867,0.0],[-76.407162592,42.8778746,0.0],[-76.407162592,42.8778472,0.0],[-76.407147592,42.8778362,0.0],[-76.407125325,42.8777374,0.0],[-76.407125325,42.877699,0.0],[-76.407117792,42.877693467,0.0],[-76.407095525,42.8776002,0.0],[-76.407095525,42.877583667,0.0],[-76.407065725,42.877561667,0.0],[-76.407058192,42.877490267,0.0],[-76.407043325,42.877479267,0.0],[-76.407043392,42.877452,0.0],[-76.407035925,42.877446467,0.0],[-76.407020925,42.877353067,0.0],[-76.406998592,42.8773366,0.0],[-76.406983725,42.877287267,0.0],[-76.406983725,42.8772708,0.0],[-76.406961392,42.877254267,0.0],[-76.406946392,42.877204867,0.0],[-76.406946392,42.877177467,0.0],[-76.406938925,42.877172,0.0],[-76.406924125,42.877150067,0.0],[-76.406909192,42.877078667,0.0],[-76.406879392,42.8770128,0.0],[-76.406879392,42.8769854,0.0],[-76.406864392,42.876979867,0.0],[-76.406827192,42.8768756,0.0],[-76.406789925,42.876776667,0.0],[-76.406760125,42.876678,0.0],[-76.406760125,42.876656,0.0],[-76.406730325,42.876639467,0.0],[-76.406722792,42.876584667,0.0],[-76.406692992,42.876562667,0.0],[-76.406685592,42.8765188,0.0],[-76.406648325,42.876452867,0.0],[-76.406648325,42.8764364,0.0],[-76.406625925,42.876419867,0.0],[-76.406610992,42.8763706,0.0],[-76.406610992,42.876354067,0.0],[-76.406588725,42.8763376,0.0],[-76.406573725,42.876310067,0.0],[-76.406573725,42.876282667,0.0],[-76.406551392,42.876260667,0.0],[-76.406528992,42.876205867,0.0],[-76.406513992,42.8761894,0.0],[-76.406499192,42.876150867,0.0],[-76.406476792,42.876134467,0.0],[-76.406469325,42.876096067,0.0],[-76.406439525,42.876079467,0.0],[-76.406432125,42.876035667,0.0],[-76.406431992,42.8760082,0.0],[-76.406402325,42.875986267,0.0],[-76.406394792,42.875942267,0.0],[-76.406394792,42.875925867,0.0],[-76.406379925,42.875914867,0.0],[-76.406342592,42.8757942,0.0],[-76.406320325,42.875777667,0.0],[-76.406305325,42.875728267,0.0],[-76.406282925,42.8757118,0.0],[-76.406282992,42.875695267,0.0],[-76.406245725,42.875656867,0.0],[-76.406238192,42.8756184,0.0],[-76.406208392,42.875602,0.0],[-76.406208392,42.875569067,0.0],[-76.406171125,42.875536067,0.0],[-76.406178592,42.875519667,0.0],[-76.406163725,42.875508667,0.0],[-76.406133792,42.875448267,0.0],[-76.406103992,42.875371467,0.0],[-76.406081725,42.875311,0.0],[-76.406051792,42.8752452,0.0],[-76.406051792,42.875228667,0.0],[-76.406036992,42.8752068,0.0],[-76.406036992,42.875190267,0.0],[-76.405999592,42.8751518,0.0],[-76.405991992,42.8751096,0.0],[-76.405963925,42.8750316,0.0],[-76.405958392,42.875022267,0.0],[-76.405958325,42.875011267,0.0],[-76.405913592,42.8749784,0.0],[-76.405891192,42.874923467,0.0],[-76.405876392,42.8748412,0.0],[-76.405846525,42.8748192,0.0],[-76.405846592,42.874758867,0.0],[-76.405824192,42.874736867,0.0],[-76.405816725,42.874692867,0.0],[-76.405816725,42.874676467,0.0],[-76.405794392,42.874654467,0.0],[-76.405786925,42.8746106,0.0],[-76.405786925,42.8745942,0.0],[-76.405771925,42.874577667,0.0],[-76.405764592,42.874555667,0.0],[-76.405727192,42.874484267,0.0],[-76.405704925,42.874407467,0.0],[-76.405674992,42.874391,0.0],[-76.405673809,42.874382051,0.0],[-76.405691986,42.874354429,0.0],[-76.405688866,42.874241926,0.0],[-76.405616498,42.874176026,0.0],[-76.405624875,42.874020258,0.0],[-76.405582393,42.8739152,0.0],[-76.405553996,42.873751219,0.0],[-76.405458292,42.87369655,0.0],[-76.405402218,42.873648881,0.0],[-76.405397537,42.873579395,0.0],[-76.405431,42.873521512,0.0],[-76.405386387,42.873400151,0.0],[-76.405305759,42.873424426,0.0],[-76.405302392,42.873364467,0.0],[-76.405287525,42.873359,0.0],[-76.405265192,42.873249267,0.0],[-76.405265164,42.87324014,0.0],[-76.40522201,42.873252867,0.0],[-76.405187902,42.873190578,0.0],[-76.405159696,42.873079459,0.0],[-76.405122199,42.873088761,0.0],[-76.405093459,42.873048019,0.0],[-76.405025887,42.873043615,0.0],[-76.405020331,42.872969206,0.0],[-76.405059923,42.87294578,0.0],[-76.405068831,42.872918174,0.0],[-76.405040623,42.872906325,0.0],[-76.405032135,42.872871545,0.0],[-76.405024027,42.872843221,0.0],[-76.405052959,42.872837556,0.0],[-76.405116955,42.872835964,0.0],[-76.405108592,42.8728156,0.0],[-76.405143414,42.872664152,0.0],[-76.405072075,42.872625611,0.0],[-76.405088485,42.872536582,0.0],[-76.405110413,42.872491538,0.0],[-76.405111594,42.872442064,0.0],[-76.405001806,42.872446317,0.0],[-76.404959188,42.872454701,0.0],[-76.404913037,42.872270906,0.0],[-76.404857189,42.872239189,0.0],[-76.404794343,42.872203497,0.0],[-76.404771545,42.872045081,0.0],[-76.404783604,42.872039462,0.0],[-76.404803446,42.872030215,0.0],[-76.404795682,42.871977921,0.0],[-76.40477231,42.871958725,0.0],[-76.404740374,42.871843896,0.0],[-76.404739691,42.871792567,0.0],[-76.404693339,42.871801642,0.0],[-76.404691192,42.871800067,0.0],[-76.404646525,42.871701267,0.0],[-76.404624192,42.871618867,0.0],[-76.404594325,42.871575,0.0],[-76.404594325,42.871553067,0.0],[-76.404564525,42.8714542,0.0],[-76.404564525,42.871415867,0.0],[-76.404579061,42.871351183,0.0],[-76.40456654,42.87126782,0.0],[-76.404497679,42.871279058,0.0],[-76.40446174,42.871287163,0.0],[-76.404439586,42.871248919,0.0],[-76.404405369,42.871095351,0.0],[-76.404395511,42.871057182,0.0],[-76.404372024,42.871045976,0.0],[-76.404253064,42.871063389,0.0],[-76.404248687,42.871038775,0.0],[-76.404309519,42.871018245,0.0],[-76.404298786,42.870975153,0.0],[-76.40429247,42.870887831,0.0],[-76.404296429,42.870875562,0.0],[-76.40431614,42.870865089,0.0],[-76.40433937,42.870849391,0.0],[-76.404394074,42.870794401,0.0],[-76.404390421,42.870752275,0.0],[-76.404314823,42.87068113,0.0],[-76.404283344,42.870633609,0.0],[-76.404273335,42.870573004,0.0],[-76.40423938,42.870533152,0.0],[-76.404259406,42.870455825,0.0],[-76.404253394,42.870413376,0.0],[-76.40425591,42.870336865,0.0],[-76.404225951,42.87031517,0.0],[-76.404104087,42.870349461,0.0],[-76.404068772,42.870359397,0.0],[-76.40400406,42.87035378,0.0],[-76.403889935,42.870363847,0.0],[-76.40387768,42.870294929,0.0],[-76.403825757,42.870287853,0.0],[-76.403829071,42.870254681,0.0],[-76.40391925,42.87026537,0.0],[-76.403957704,42.870123306,0.0],[-76.403956786,42.870118666,0.0],[-76.403988005,42.87012103,0.0],[-76.40396912,42.870217727,0.0],[-76.404010993,42.87023304,0.0],[-76.404066265,42.87023737,0.0],[-76.404088345,42.870214761,0.0],[-76.404128049,42.870183346,0.0],[-76.404149217,42.870125388,0.0],[-76.404122229,42.870094491,0.0],[-76.40410141,42.870029209,0.0],[-76.404103811,42.869960688,0.0],[-76.40406213,42.869898969,0.0],[-76.404016262,42.869865499,0.0],[-76.403957869,42.869847934,0.0],[-76.403944432,42.869828491,0.0],[-76.403943405,42.869801132,0.0],[-76.404013109,42.869722569,0.0],[-76.404094382,42.869661594,0.0],[-76.404102723,42.869574668,0.0],[-76.40400436,42.869574073,0.0],[-76.403962982,42.869557226,0.0],[-76.403894425,42.869555889,0.0],[-76.403880118,42.869432253,0.0],[-76.403884916,42.86939448,0.0],[-76.403867332,42.869334444,0.0],[-76.403884045,42.869290289,0.0],[-76.403840574,42.869287567,0.0],[-76.403820823,42.869180801,0.0],[-76.40382387,42.869133182,0.0],[-76.403853525,42.869110005,0.0],[-76.403867497,42.869059072,0.0],[-76.403803624,42.869027951,0.0],[-76.403758746,42.868991414,0.0],[-76.403749269,42.868959701,0.0],[-76.403727575,42.868889497,0.0],[-76.403738125,42.868780457,0.0],[-76.403658034,42.868791958,0.0],[-76.403643113,42.868777116,0.0],[-76.403590468,42.868787553,0.0],[-76.403576825,42.86877198,0.0],[-76.403590316,42.868765117,0.0],[-76.403592145,42.868736546,0.0],[-76.403518869,42.868734566,0.0],[-76.403483792,42.8687096,0.0],[-76.403446592,42.8686712,0.0],[-76.403446592,42.868654667,0.0],[-76.403409192,42.868616267,0.0],[-76.403409325,42.868599867,0.0],[-76.403407664,42.868598155,0.0],[-76.403425654,42.868572957,0.0],[-76.403431213,42.868548097,0.0],[-76.403371992,42.868555298,0.0],[-76.403313247,42.868562441,0.0],[-76.403304839,42.868489245,0.0],[-76.403326295,42.868484677,0.0],[-76.403356989,42.868480341,0.0],[-76.40333541,42.868402146,0.0],[-76.403370128,42.868355642,0.0],[-76.403285057,42.868252783,0.0],[-76.403202196,42.868127811,0.0],[-76.403174105,42.868107971,0.0],[-76.403141481,42.868140351,0.0],[-76.403109087,42.86815675,0.0],[-76.403080347,42.868154626,0.0],[-76.403066325,42.868138667,0.0],[-76.403026715,42.868129513,0.0],[-76.40299851,42.868117664,0.0],[-76.402967944,42.868105492,0.0],[-76.402980963,42.868088053,0.0],[-76.402999192,42.868078267,0.0],[-76.403014125,42.868067267,0.0],[-76.403014125,42.8680564,0.0],[-76.403019146,42.868030813,0.0],[-76.402984341,42.868030329,0.0],[-76.402976817,42.86804746,0.0],[-76.40293818,42.868037391,0.0],[-76.402942154,42.868015242,0.0],[-76.402944349,42.868003006,0.0],[-76.402925584,42.867992443,0.0],[-76.402921812,42.86800061,0.0],[-76.402892881,42.86806324,0.0],[-76.40278356,42.868035531,0.0],[-76.402798638,42.867973541,0.0],[-76.402766437,42.867943533,0.0],[-76.402783304,42.867900985,0.0],[-76.402755529,42.867881006,0.0],[-76.402736444,42.867891413,0.0],[-76.402674589,42.867884583,0.0],[-76.40265921,42.867901701,0.0],[-76.402643185,42.867897916,0.0],[-76.402610338,42.867847006,0.0],[-76.402606951,42.867819325,0.0],[-76.40260307,42.867793178,0.0],[-76.402624156,42.86777854,0.0],[-76.402657049,42.867755703,0.0],[-76.402632689,42.867739574,0.0],[-76.402625917,42.867684213,0.0],[-76.402638671,42.867652327,0.0],[-76.402609669,42.867597139,0.0],[-76.402572138,42.867576012,0.0],[-76.402504874,42.867616479,0.0],[-76.402476748,42.867566214,0.0],[-76.402514206,42.867526487,0.0],[-76.40247702,42.867481391,0.0],[-76.402455249,42.867449602,0.0],[-76.40241216,42.867453337,0.0],[-76.402402021,42.867457088,0.0],[-76.402313125,42.867315067,0.0],[-76.402408823,42.867257544,0.0],[-76.402443197,42.86723501,0.0],[-76.40236795,42.867139894,0.0],[-76.402270132,42.86716499,0.0],[-76.402268325,42.867161467,0.0],[-76.402268325,42.867134,0.0],[-76.402253392,42.867123,0.0],[-76.402238592,42.8670956,0.0],[-76.402201192,42.867013267,0.0],[-76.402193925,42.8669968,0.0],[-76.402178925,42.866941867,0.0],[-76.402156525,42.866919867,0.0],[-76.402134192,42.8668596,0.0],[-76.402096925,42.8667662,0.0],[-76.402075836,42.866707802,0.0],[-76.402080937,42.866708497,0.0],[-76.402097385,42.866649896,0.0],[-76.402099178,42.866590898,0.0],[-76.402039413,42.866581516,0.0],[-76.402024535,42.866585528,0.0],[-76.402007525,42.8665302,0.0],[-76.401965048,42.86647975,0.0],[-76.401924928,42.866474282,0.0],[-76.401935366,42.866373232,0.0],[-76.401893381,42.866365908,0.0],[-76.40188387,42.866303769,0.0],[-76.4019445,42.866303451,0.0],[-76.401925592,42.8662338,0.0],[-76.401925592,42.866217267,0.0],[-76.401910725,42.866206267,0.0],[-76.401903657,42.866174998,0.0],[-76.401782171,42.866206648,0.0],[-76.401769195,42.866155245,0.0],[-76.401729191,42.866141787,0.0],[-76.40172942,42.866125806,0.0],[-76.401758085,42.866105696,0.0],[-76.401726502,42.865966896,0.0],[-76.401769476,42.865971152,0.0],[-76.401785306,42.866021344,0.0],[-76.401860817,42.86602622,0.0],[-76.401874604,42.866027111,0.0],[-76.401890823,42.86598449,0.0],[-76.401901712,42.865950749,0.0],[-76.401865932,42.865939468,0.0],[-76.401826323,42.865941993,0.0],[-76.401761866,42.865941295,0.0],[-76.401760725,42.865921925,0.0],[-76.401744436,42.865903694,0.0],[-76.401736948,42.865766576,0.0],[-76.401770231,42.865761358,0.0],[-76.401769125,42.8657508,0.0],[-76.401754192,42.8657398,0.0],[-76.401746725,42.865723267,0.0],[-76.401731925,42.8656684,0.0],[-76.401709525,42.865651867,0.0],[-76.401694592,42.865575067,0.0],[-76.401672192,42.8655586,0.0],[-76.401670349,42.86555176,0.0],[-76.401618588,42.865545498,0.0],[-76.40156271,42.865550691,0.0],[-76.401556275,42.865570629,0.0],[-76.401449504,42.865596104,0.0],[-76.401436077,42.865477391,0.0],[-76.40135112,42.865465811,0.0],[-76.40130888,42.865344771,0.0],[-76.401403392,42.865349648,0.0],[-76.401400237,42.865305988,0.0],[-76.401460834,42.865301438,0.0],[-76.401467153,42.86528949,0.0],[-76.401523192,42.865268728,0.0],[-76.401523192,42.8652622,0.0],[-76.401538224,42.865214317,0.0],[-76.401512574,42.865156382,0.0],[-76.401521907,42.86506639,0.0],[-76.401476998,42.864999425,0.0],[-76.401423941,42.864972979,0.0],[-76.401389567,42.864995514,0.0],[-76.401361593,42.864967683,0.0],[-76.401388772,42.864952174,0.0],[-76.401367117,42.864912396,0.0],[-76.401341123,42.864878431,0.0],[-76.401298344,42.864827769,0.0],[-76.401271475,42.864788881,0.0],[-76.401224656,42.864788904,0.0],[-76.401192228,42.864774877,0.0],[-76.401216517,42.864730153,0.0],[-76.40115044,42.864721147,0.0],[-76.401122351,42.864701306,0.0],[-76.401106176,42.864675085,0.0],[-76.401117561,42.864639811,0.0],[-76.401081172,42.864638052,0.0],[-76.40105351,42.864647343,0.0],[-76.401045992,42.8646418,0.0],[-76.401077407,42.864603916,0.0],[-76.401042584,42.86455914,0.0],[-76.40099916,42.864487574,0.0],[-76.40099094,42.86446724,0.0],[-76.400957851,42.864469503,0.0],[-76.400905029,42.864489154,0.0],[-76.400870587,42.864450835,0.0],[-76.400876146,42.864425974,0.0],[-76.400905876,42.864374101,0.0],[-76.400921259,42.864347264,0.0],[-76.400915743,42.86430328,0.0],[-76.400888035,42.864289897,0.0],[-76.400848606,42.864236488,0.0],[-76.400883324,42.864189985,0.0],[-76.40086639,42.864150849,0.0],[-76.400813357,42.864161577,0.0],[-76.40085095,42.864007845,0.0],[-76.400775849,42.864034433,0.0],[-76.400728422,42.86404398,0.0],[-76.400688919,42.864038596,0.0],[-76.400688125,42.864037867,0.0],[-76.400680725,42.864015867,0.0],[-76.400650925,42.863988467,0.0],[-76.400648875,42.863981011,0.0],[-76.400664221,42.86393756,0.0],[-76.400726381,42.863889993,0.0],[-76.400720257,42.863855533,0.0],[-76.400657036,42.863845315,0.0],[-76.40059248,42.863862133,0.0],[-76.400565231,42.863816789,0.0],[-76.400537028,42.863804939,0.0],[-76.40050293,42.86374265,0.0],[-76.400461028,42.86369691,0.0],[-76.400441849,42.863649463,0.0],[-76.400403067,42.863616956,0.0],[-76.400380839,42.863617129,0.0],[-76.400345125,42.8636152,0.0],[-76.400313342,42.863586716,0.0],[-76.400351955,42.863553949,0.0],[-76.400360336,42.863497451,0.0],[-76.400306024,42.863459625,0.0],[-76.400251598,42.863429791,0.0],[-76.400211216,42.863409875,0.0],[-76.400154139,42.863436406,0.0],[-76.400113925,42.8633846,0.0],[-76.400076725,42.863357067,0.0],[-76.400039325,42.8633132,0.0],[-76.400017125,42.863296667,0.0],[-76.400017125,42.8632748,0.0],[-76.40002191,42.863255978,0.0],[-76.399998922,42.863243238,0.0],[-76.399953866,42.863153836,0.0],[-76.399931602,42.863123581,0.0],[-76.399885427,42.863133866,0.0],[-76.399867925,42.863121,0.0],[-76.399845525,42.8630662,0.0],[-76.399815725,42.863038667,0.0],[-76.399808325,42.863011267,0.0],[-76.399778392,42.862989267,0.0],[-76.399770992,42.862956267,0.0],[-76.399741192,42.8629344,0.0],[-76.399741192,42.862928867,0.0],[-76.399733725,42.8629014,0.0],[-76.399744197,42.86267373,0.0],[-76.399631134,42.862512614,0.0],[-76.399545501,42.862449703,0.0],[-76.39946596,42.862390825,0.0],[-76.399426614,42.862298999,0.0],[-76.399399977,42.862244131,0.0],[-76.399350917,42.862235842,0.0],[-76.399308793,42.862278291,0.0],[-76.39912029,42.862324488,0.0],[-76.399077216,42.862228951,0.0],[-76.399128602,42.862207136,0.0],[-76.399078978,42.862139527,0.0],[-76.399031219,42.862073774,0.0],[-76.399051886,42.86200974,0.0],[-76.399032792,42.861990067,0.0],[-76.398943325,42.861918667,0.0],[-76.398943325,42.861907667,0.0],[-76.398858851,42.861835917,0.0],[-76.398910331,42.861799508,0.0],[-76.398859109,42.861744491,0.0],[-76.398815344,42.861696894,0.0],[-76.398742157,42.861656495,0.0],[-76.398734284,42.861612191,0.0],[-76.398687319,42.861589776,0.0],[-76.398661097,42.861571791,0.0],[-76.398622725,42.861627667,0.0],[-76.398560836,42.861638179,0.0],[-76.398516379,42.861638523,0.0],[-76.398430126,42.861684405,0.0],[-76.398401545,42.861666098,0.0],[-76.398435422,42.861645099,0.0],[-76.398408326,42.861622191,0.0],[-76.398468126,42.861574303,0.0],[-76.398425237,42.861531629,0.0],[-76.398388471,42.861523415,0.0],[-76.398360004,42.861497118,0.0],[-76.398413601,42.861453188,0.0],[-76.398420876,42.861407747,0.0],[-76.398392065,42.86140542,0.0],[-76.398234064,42.861475144,0.0],[-76.398202098,42.861429156,0.0],[-76.398187791,42.86140479,0.0],[-76.398319224,42.86134105,0.0],[-76.398262143,42.861266019,0.0],[-76.398281631,42.861259069,0.0],[-76.398353862,42.861332963,0.0],[-76.398378103,42.861357082,0.0],[-76.398413992,42.861352836,0.0],[-76.398413992,42.8613258,0.0],[-76.398406525,42.8613148,0.0],[-76.398391592,42.8612874,0.0],[-76.398376592,42.861270867,0.0],[-76.398375496,42.861252652,0.0],[-76.39830409,42.861242917,0.0],[-76.398233297,42.861233266,0.0],[-76.398163807,42.86116615,0.0],[-76.39815369,42.861113535,0.0],[-76.398217071,42.861046921,0.0],[-76.39825126,42.860971525,0.0],[-76.398279925,42.860941467,0.0],[-76.398279992,42.8609196,0.0],[-76.398272525,42.860892067,0.0],[-76.398240695,42.860851599,0.0],[-76.398215085,42.86082409,0.0],[-76.398167741,42.860795219,0.0],[-76.398148666,42.860839052,0.0],[-76.398141288,42.860842185,0.0],[-76.398100136,42.860859655,0.0],[-76.398053667,42.860835707,0.0],[-76.398009327,42.860828061,0.0],[-76.39798899,42.860813807,0.0],[-76.397961109,42.860794267,0.0],[-76.397855531,42.860770266,0.0],[-76.397832802,42.860774628,0.0],[-76.397787248,42.860783372,0.0],[-76.397699525,42.860734586,0.0],[-76.397707014,42.860708441,0.0],[-76.397690592,42.8606998,0.0],[-76.397687288,42.860697369,0.0],[-76.397719062,42.860658793,0.0],[-76.397641157,42.860617749,0.0],[-76.397610523,42.86064087,0.0],[-76.397589047,42.860657077,0.0],[-76.39753809,42.860616505,0.0],[-76.397560663,42.860592364,0.0],[-76.397567621,42.860595005,0.0],[-76.397600168,42.860607357,0.0],[-76.397636899,42.860585146,0.0],[-76.397573236,42.860507616,0.0],[-76.397531106,42.860477854,0.0],[-76.397477671,42.860498811,0.0],[-76.39739865,42.860514235,0.0],[-76.397309641,42.860423642,0.0],[-76.397222514,42.8604646,0.0],[-76.397154626,42.860384894,0.0],[-76.397081111,42.860269194,0.0],[-76.397018323,42.860196587,0.0],[-76.396989065,42.86012695,0.0],[-76.396990135,42.860112888,0.0],[-76.396914992,42.860062867,0.0],[-76.396624192,42.8598816,0.0],[-76.396616792,42.8598816,0.0],[-76.396519792,42.859815667,0.0],[-76.396504925,42.859815667,0.0],[-76.396392992,42.859755267,0.0],[-76.396370592,42.8597498,0.0],[-76.396361557,42.859743146,0.0],[-76.396323221,42.85977037,0.0],[-76.396264955,42.859744813,0.0],[-76.396231161,42.859727395,0.0],[-76.396224544,42.85969447,0.0],[-76.39622126,42.859681107,0.0],[-76.396202174,42.859674063,0.0],[-76.396160453,42.859679326,0.0],[-76.396113986,42.859655377,0.0],[-76.396041331,42.859643869,0.0],[-76.396013015,42.859640008,0.0],[-76.39600087,42.85966237,0.0],[-76.395906484,42.859649499,0.0],[-76.395884248,42.859616045,0.0],[-76.395823863,42.859607812,0.0],[-76.395727116,42.859594619,0.0],[-76.395723057,42.859570161,0.0],[-76.395572392,42.859557467,0.0],[-76.395515093,42.859541691,0.0],[-76.395406317,42.85954287,0.0],[-76.395229192,42.859557267,0.0],[-76.395069825,42.859562632,0.0],[-76.395067284,42.859561788,0.0],[-76.394996412,42.859538212,0.0],[-76.394990722,42.859560173,0.0],[-76.39490782,42.859566685,0.0],[-76.394899402,42.859510572,0.0],[-76.394864007,42.859505746,0.0],[-76.394788563,42.859556302,0.0],[-76.394731056,42.859543657,0.0],[-76.394728401,42.859498463,0.0],[-76.394671538,42.85950672,0.0],[-76.394604277,42.859547183,0.0],[-76.394544296,42.859542206,0.0],[-76.394471559,42.859569115,0.0],[-76.394453955,42.85960165,0.0],[-76.393990725,42.8596228,0.0],[-76.393983192,42.859633667,0.0],[-76.393968325,42.8596228,0.0],[-76.393953392,42.8596338,0.0],[-76.393505725,42.859633467,0.0],[-76.393498325,42.8596226,0.0],[-76.393460925,42.859622467,0.0],[-76.393125325,42.859584,0.0],[-76.393087925,42.859584,0.0],[-76.393072992,42.859573067,0.0],[-76.392998325,42.859567467,0.0],[-76.392826792,42.85954,0.0],[-76.392789525,42.8595126,0.0],[-76.392699992,42.8594906,0.0],[-76.392655192,42.859463067,0.0],[-76.392531642,42.859389423,0.0],[-76.392401482,42.859365267,0.0],[-76.392250435,42.859314244,0.0],[-76.392121645,42.859293477,0.0],[-76.392021751,42.859236621,0.0],[-76.391912798,42.859184935,0.0],[-76.391778531,42.859150611,0.0],[-76.391644614,42.859092317,0.0],[-76.391506502,42.859062272,0.0],[-76.39142339,42.859022115,0.0],[-76.39136204,42.859013747,0.0],[-76.391266255,42.858967058,0.0],[-76.391153574,42.858911661,0.0],[-76.391099536,42.858888278,0.0],[-76.391071704,42.858908067,0.0],[-76.391066525,42.858908067,0.0],[-76.391044125,42.8589026,0.0],[-76.390932192,42.858836667,0.0],[-76.390932192,42.858825667,0.0],[-76.390842725,42.8587708,0.0],[-76.390820325,42.8587544,0.0],[-76.390805392,42.858754267,0.0],[-76.390739867,42.85872211,0.0],[-76.390744073,42.85868448,0.0],[-76.390735595,42.8586497,0.0],[-76.390695715,42.858628248,0.0],[-76.390671012,42.858636088,0.0],[-76.390616962,42.858637427,0.0],[-76.390571676,42.85863855,0.0],[-76.390498498,42.858598146,0.0],[-76.390504062,42.858573287,0.0],[-76.390471143,42.858560791,0.0],[-76.390417717,42.858527885,0.0],[-76.390399305,42.858493349,0.0],[-76.390371718,42.858471973,0.0],[-76.390380137,42.858445899,0.0],[-76.390313325,42.858391867,0.0],[-76.390294372,42.858383132,0.0],[-76.390186004,42.858268912,0.0],[-76.390014801,42.858173505,0.0],[-76.389932566,42.858138271,0.0],[-76.389900086,42.858193085,0.0],[-76.389870697,42.858224612,0.0],[-76.389843525,42.8582106,0.0],[-76.389821125,42.8582106,0.0],[-76.389779873,42.858196399,0.0],[-76.389797604,42.858151886,0.0],[-76.389638928,42.858040575,0.0],[-76.389533592,42.858000588,0.0],[-76.389492868,42.85800464,0.0],[-76.3894663,42.858019651,0.0],[-76.389417537,42.858047203,0.0],[-76.389385347,42.858017194,0.0],[-76.389429574,42.857983581,0.0],[-76.389425792,42.857979867,0.0],[-76.389347096,42.857754186,0.0],[-76.389260519,42.857595066,0.0],[-76.389228446,42.857557067,0.0],[-76.389199461,42.857501875,0.0],[-76.389111844,42.857543695,0.0],[-76.38907423,42.857561649,0.0],[-76.389097214,42.857574391,0.0],[-76.388991704,42.857611237,0.0],[-76.388967701,42.857571135,0.0],[-76.388946465,42.857568239,0.0],[-76.388940115,42.857549758,0.0],[-76.389042391,42.857507669,0.0],[-76.389053576,42.857518802,0.0],[-76.389094454,42.85749691,0.0],[-76.389160804,42.857461375,0.0],[-76.389117516,42.857381816,0.0],[-76.389093279,42.857357695,0.0],[-76.389104437,42.857338401,0.0],[-76.389033416,42.857215029,0.0],[-76.388943928,42.857125965,0.0],[-76.38890839,42.8570987,0.0],[-76.388859781,42.857126433,0.0],[-76.388844525,42.857118,0.0],[-76.388844525,42.857101467,0.0],[-76.388784925,42.857052,0.0],[-76.388784925,42.857046467,0.0],[-76.388672992,42.856942267,0.0],[-76.388672992,42.8569258,0.0],[-76.388635792,42.856898267,0.0],[-76.388635792,42.856887267,0.0],[-76.388628325,42.856870867,0.0],[-76.388590992,42.8568324,0.0],[-76.388553792,42.856799467,0.0],[-76.388523925,42.856772,0.0],[-76.388516392,42.85675,0.0],[-76.388486725,42.8567226,0.0],[-76.388479192,42.8567062,0.0],[-76.388449325,42.856678667,0.0],[-76.388389725,42.8566018,0.0],[-76.388344992,42.8565688,0.0],[-76.388344992,42.856557867,0.0],[-76.388330125,42.8565414,0.0],[-76.388046725,42.8563108,0.0],[-76.388046792,42.856294267,0.0],[-76.388024392,42.856294267,0.0],[-76.387995229,42.856295226,0.0],[-76.387980431,42.856272393,0.0],[-76.38798209,42.85626186,0.0],[-76.387985122,42.85624261,0.0],[-76.387952432,42.856239139,0.0],[-76.38793397,42.856248441,0.0],[-76.387874516,42.856272354,0.0],[-76.387811684,42.856268586,0.0],[-76.387745122,42.856261106,0.0],[-76.387693185,42.856223599,0.0],[-76.387738829,42.856075807,0.0],[-76.387636592,42.8559978,0.0],[-76.387636592,42.8559868,0.0],[-76.387515491,42.855881563,0.0],[-76.387403235,42.85593906,0.0],[-76.387368687,42.855908728,0.0],[-76.387406905,42.855881918,0.0],[-76.387409091,42.855829377,0.0],[-76.387433898,42.855810657,0.0],[-76.387427925,42.855805467,0.0],[-76.387166992,42.8556134,0.0],[-76.387032792,42.85552,0.0],[-76.386920925,42.855465067,0.0],[-76.386838925,42.8554266,0.0],[-76.386734392,42.855399067,0.0],[-76.386659792,42.8553826,0.0],[-76.386577792,42.8553606,0.0],[-76.386547992,42.855355067,0.0],[-76.386450992,42.8553276,0.0],[-76.386376392,42.8553056,0.0],[-76.386316725,42.855289067,0.0],[-76.386227325,42.855261667,0.0],[-76.386145125,42.8552452,0.0],[-76.386115392,42.8552232,0.0],[-76.386040725,42.8552066,0.0],[-76.386003525,42.855184667,0.0],[-76.385928925,42.8551682,0.0],[-76.385884192,42.855140667,0.0],[-76.385854325,42.855140667,0.0],[-76.385831925,42.855124267,0.0],[-76.385809525,42.855124267,0.0],[-76.385794725,42.855113267,0.0],[-76.385734992,42.855113267,0.0],[-76.385570792,42.855047267,0.0],[-76.385548525,42.855036267,0.0],[-76.385451592,42.8549814,0.0],[-76.385421725,42.8549814,0.0],[-76.385414325,42.854975867,0.0],[-76.385384392,42.854964867,0.0],[-76.385339725,42.854953867,0.0],[-76.385302392,42.8549374,0.0],[-76.385272525,42.854920867,0.0],[-76.385212925,42.854899,0.0],[-76.385160725,42.854871467,0.0],[-76.385138392,42.854871467,0.0],[-76.385086125,42.854844,0.0],[-76.385063725,42.854844,0.0],[-76.385004125,42.8548056,0.0],[-76.384974192,42.8548056,0.0],[-76.384929592,42.854778067,0.0],[-76.384899725,42.854778,0.0],[-76.384877325,42.8547616,0.0],[-76.384862392,42.8547616,0.0],[-76.384817725,42.854734067,0.0],[-76.384787792,42.854734067,0.0],[-76.384765392,42.8547176,0.0],[-76.384757992,42.8547176,0.0],[-76.384708583,42.854691539,0.0],[-76.384599571,42.854727117,0.0],[-76.384484743,42.854754681,0.0],[-76.384427126,42.854750022,0.0],[-76.384433394,42.854677222,0.0],[-76.384411753,42.854637441,0.0],[-76.384410735,42.854581098,0.0],[-76.384385125,42.854569267,0.0],[-76.384280592,42.8545418,0.0],[-76.384243392,42.8545198,0.0],[-76.384161325,42.854503267,0.0],[-76.384131525,42.8544868,0.0],[-76.384071792,42.8544758,0.0],[-76.384049392,42.8544594,0.0],[-76.384019592,42.8544594,0.0],[-76.383974792,42.8544264,0.0],[-76.383900325,42.854409867,0.0],[-76.383877925,42.8544098,0.0],[-76.383847992,42.8543934,0.0],[-76.383810792,42.8543934,0.0],[-76.383788392,42.8543714,0.0],[-76.383691525,42.854354867,0.0],[-76.383661592,42.8543384,0.0],[-76.383639192,42.8543384,0.0],[-76.383624325,42.8543274,0.0],[-76.383542325,42.854311,0.0],[-76.383504992,42.854283467,0.0],[-76.383475125,42.8542834,0.0],[-76.383467725,42.854272467,0.0],[-76.383378125,42.8542504,0.0],[-76.383325992,42.854223,0.0],[-76.383266325,42.854217467,0.0],[-76.383176792,42.854179,0.0],[-76.383132125,42.854168067,0.0],[-76.383057525,42.854124067,0.0],[-76.383035125,42.854124067,0.0],[-76.382982925,42.8540966,0.0],[-76.382923192,42.8540856,0.0],[-76.382893525,42.854069067,0.0],[-76.382759192,42.8540306,0.0],[-76.382706925,42.8540032,0.0],[-76.382662192,42.8539922,0.0],[-76.382632392,42.853975667,0.0],[-76.382587592,42.853964667,0.0],[-76.382289325,42.8538164,0.0],[-76.382237192,42.853788867,0.0],[-76.382214792,42.8537888,0.0],[-76.382177525,42.8537614,0.0],[-76.382117792,42.853744867,0.0],[-76.382043325,42.853706467,0.0],[-76.381990992,42.853679,0.0],[-76.381968725,42.853679,0.0],[-76.381856925,42.853624067,0.0],[-76.381804592,42.8535856,0.0],[-76.381797125,42.8535856,0.0],[-76.381580992,42.8534702,0.0],[-76.381558592,42.8534702,0.0],[-76.381521325,42.8534428,0.0],[-76.381506325,42.8534428,0.0],[-76.381469125,42.8534208,0.0],[-76.381372192,42.853376867,0.0],[-76.381200592,42.853267,0.0],[-76.381185792,42.853267,0.0],[-76.380999392,42.853146067,0.0],[-76.380991925,42.853146067,0.0],[-76.380917192,42.853107667,0.0],[-76.380887525,42.8531022,0.0],[-76.380805392,42.8530528,0.0],[-76.380783125,42.853036267,0.0],[-76.380768192,42.853036267,0.0],[-76.380566792,42.852931867,0.0],[-76.380454992,42.852876867,0.0],[-76.380313192,42.852794467,0.0],[-76.380283525,42.852778,0.0],[-76.380275992,42.852778,0.0],[-76.380015125,42.852602267,0.0],[-76.380015125,42.852591267,0.0],[-76.379754125,42.852421,0.0],[-76.379739192,42.852421,0.0],[-76.379642325,42.852355067,0.0],[-76.379627325,42.852355067,0.0],[-76.379589992,42.852333067,0.0],[-76.379530392,42.852305667,0.0],[-76.379470792,42.8522782,0.0],[-76.379440925,42.852272667,0.0],[-76.379396125,42.8522452,0.0],[-76.379261992,42.852168267,0.0],[-76.379232125,42.8521682,0.0],[-76.379082925,42.8520968,0.0],[-76.378933925,42.8520144,0.0],[-76.378874325,42.851987,0.0],[-76.378836925,42.851959467,0.0],[-76.378829525,42.851959467,0.0],[-76.378792125,42.851937467,0.0],[-76.378665525,42.851866067,0.0],[-76.378605792,42.8518386,0.0],[-76.378568525,42.8518112,0.0],[-76.378553592,42.8518112,0.0],[-76.378516325,42.8517892,0.0],[-76.378270325,42.8516354,0.0],[-76.378255392,42.8516354,0.0],[-76.378031725,42.851487,0.0],[-76.378024325,42.851487,0.0],[-76.377971992,42.8514596,0.0],[-76.377852725,42.8513772,0.0],[-76.377837925,42.8513772,0.0],[-76.377748325,42.8513332,0.0],[-76.377539592,42.8511904,0.0],[-76.377524725,42.8511904,0.0],[-76.377487392,42.851173867,0.0],[-76.377350829,42.851088488,0.0],[-76.377296506,42.851125227,0.0],[-76.377227451,42.851094985,0.0],[-76.377137541,42.851068299,0.0],[-76.377065136,42.851040802,0.0],[-76.377078867,42.850975424,0.0],[-76.376985489,42.850959475,0.0],[-76.37685783,42.850927637,0.0],[-76.376789508,42.85087988,0.0],[-76.376696483,42.850839961,0.0],[-76.376622474,42.850825053,0.0],[-76.376538864,42.850755995,0.0],[-76.376483233,42.850745198,0.0],[-76.376432416,42.850696629,0.0],[-76.3763937,42.85072497,0.0],[-76.376313346,42.850691582,0.0],[-76.376318041,42.8506618,0.0],[-76.376306222,42.850629763,0.0],[-76.376209967,42.850584598,0.0],[-76.376169223,42.85055822,0.0],[-76.376112106,42.850552023,0.0],[-76.375989286,42.850512839,0.0],[-76.375879467,42.850425791,0.0],[-76.375810909,42.850394014,0.0],[-76.375599621,42.85026269,0.0],[-76.375432945,42.850183891,0.0],[-76.37530824,42.850112423,0.0],[-76.375140241,42.850091089,0.0],[-76.37499494,42.850037625,0.0],[-76.374956394,42.849958705,0.0],[-76.374819442,42.849948014,0.0],[-76.374654846,42.849824664,0.0],[-76.374574375,42.849799266,0.0],[-76.37446274,42.849771214,0.0],[-76.374374674,42.849715956,0.0],[-76.374208238,42.849621176,0.0],[-76.374049139,42.84954181,0.0],[-76.373911035,42.849481321,0.0],[-76.373795059,42.84945908,0.0],[-76.373714212,42.849427226,0.0],[-76.373654435,42.849345406,0.0],[-76.373642917,42.849293287,0.0],[-76.373541063,42.849228932,0.0],[-76.373449295,42.849118843,0.0],[-76.373245946,42.848962977,0.0],[-76.373148586,42.848928868,0.0],[-76.373090251,42.848913556,0.0],[-76.372957851,42.848878805,0.0],[-76.372857992,42.848821937,0.0],[-76.372747349,42.848790816,0.0],[-76.37260243,42.848743806,0.0],[-76.372476879,42.848697841,0.0],[-76.372421824,42.848616665,0.0],[-76.372395852,42.848582695,0.0],[-76.372316892,42.848583122,0.0],[-76.37228757,42.848551897,0.0],[-76.372183629,42.848515286,0.0],[-76.372150441,42.848457913,0.0],[-76.372153408,42.848443405,0.0],[-76.372048008,42.848447128,0.0],[-76.371946643,42.848364432,0.0],[-76.371868911,42.848345812,0.0],[-76.37175476,42.848264572,0.0],[-76.371665727,42.848242807,0.0],[-76.371644346,42.848187012,0.0],[-76.371510125,42.848098667,0.0],[-76.371233992,42.847939667,0.0],[-76.370935392,42.8477916,0.0],[-76.370815992,42.847736867,0.0],[-76.370696592,42.847671,0.0],[-76.370480192,42.847572267,0.0],[-76.370211592,42.847462667,0.0],[-76.370107125,42.847413267,0.0],[-76.370047392,42.847396867,0.0],[-76.370002592,42.847369467,0.0],[-76.369935392,42.8473476,0.0],[-76.369763792,42.847265267,0.0],[-76.369719125,42.847237867,0.0],[-76.369457792,42.8471118,0.0],[-76.369383192,42.847057,0.0],[-76.369383192,42.847051467,0.0],[-76.369353325,42.847062467,0.0],[-76.369330925,42.847051467,0.0],[-76.369261624,42.847018396,0.0],[-76.36921799,42.84695258,0.0],[-76.369099741,42.846861171,0.0],[-76.369057001,42.846810498,0.0],[-76.369018166,42.846846827,0.0],[-76.368893237,42.846791335,0.0],[-76.368856448,42.846835935,0.0],[-76.368824387,42.846874804,0.0],[-76.36879247,42.846859237,0.0],[-76.368823392,42.846821267,0.0],[-76.368800876,42.846802739,0.0],[-76.368826926,42.846767867,0.0],[-76.368860567,42.846762853,0.0],[-76.368872343,42.846734038,0.0],[-76.368796835,42.846693301,0.0],[-76.368706339,42.846706562,0.0],[-76.368615685,42.846666958,0.0],[-76.368602364,42.846609095,0.0],[-76.368506259,42.846586361,0.0],[-76.36838805,42.846555804,0.0],[-76.368326559,42.846494564,0.0],[-76.368293137,42.84645317,0.0],[-76.368246898,42.846474179,0.0],[-76.368182759,42.846436493,0.0],[-76.368111849,42.84640439,0.0],[-76.367950012,42.846287811,0.0],[-76.367916067,42.846322267,0.0],[-76.367778592,42.84624,0.0],[-76.367703925,42.846196067,0.0],[-76.367424639,42.846047476,0.0],[-76.367418233,42.845997403,0.0],[-76.367287221,42.845937875,0.0],[-76.367218516,42.845853231,0.0],[-76.367149095,42.845816527,0.0],[-76.367057672,42.845733583,0.0],[-76.366976475,42.845725695,0.0],[-76.366930078,42.845751516,0.0],[-76.366920325,42.8457464,0.0],[-76.366875525,42.845708,0.0],[-76.366778525,42.8456532,0.0],[-76.366718792,42.8456148,0.0],[-76.366532192,42.845505067,0.0],[-76.366457592,42.845466667,0.0],[-76.366322195,42.845378239,0.0],[-76.366281046,42.8453777,0.0],[-76.366212242,42.845331472,0.0],[-76.366170414,42.845346575,0.0],[-76.366123886,42.845391461,0.0],[-76.366044792,42.845369447,0.0],[-76.366021662,42.845303838,0.0],[-76.366014549,42.845242018,0.0],[-76.365957301,42.84521338,0.0],[-76.365912224,42.845192812,0.0],[-76.365886174,42.845227683,0.0],[-76.365804859,42.845227785,0.0],[-76.365792466,42.845266124,0.0],[-76.365719835,42.8452546,0.0],[-76.36569373,42.845198193,0.0],[-76.365674106,42.845182701,0.0],[-76.365644688,42.845189892,0.0],[-76.365546466,42.845150853,0.0],[-76.365527338,42.845133829,0.0],[-76.365580292,42.845038581,0.0],[-76.36553472,42.845019546,0.0],[-76.365468019,42.844959193,0.0],[-76.365356378,42.844900707,0.0],[-76.365347637,42.84489393,0.0],[-76.365241166,42.844891374,0.0],[-76.365157338,42.844838289,0.0],[-76.365181114,42.844734251,0.0],[-76.365156772,42.844718116,0.0],[-76.365126858,42.84472684,0.0],[-76.365085747,42.844694002,0.0],[-76.365046277,42.844709426,0.0],[-76.365065287,42.844734441,0.0],[-76.364992929,42.844767791,0.0],[-76.364966724,42.844749799,0.0],[-76.36508372,42.844644703,0.0],[-76.364636592,42.8443808,0.0],[-76.364517192,42.844325867,0.0],[-76.364412725,42.844260067,0.0],[-76.363950125,42.8440298,0.0],[-76.363569392,42.8437884,0.0],[-76.363561992,42.8437884,0.0],[-76.363420192,42.843678667,0.0],[-76.362442392,42.8429602,0.0],[-76.362370622,42.842917016,0.0],[-76.362351887,42.842925779,0.0],[-76.362318863,42.842921267,0.0],[-76.362283,42.842948393,0.0],[-76.362211859,42.842932267,0.0],[-76.362200168,42.842892239,0.0],[-76.362162411,42.842856655,0.0],[-76.36209737,42.842874991,0.0],[-76.361992093,42.84286541,0.0],[-76.361948387,42.842848229,0.0],[-76.361920337,42.842858807,0.0],[-76.361869314,42.84285664,0.0],[-76.361803986,42.842799675,0.0],[-76.361802826,42.842719452,0.0],[-76.361702492,42.84266411,0.0],[-76.361683229,42.842624647,0.0],[-76.361616806,42.842609166,0.0],[-76.361547137,42.842558013,0.0],[-76.361536387,42.84252852,0.0],[-76.361517192,42.842521467,0.0],[-76.361472392,42.842510467,0.0],[-76.361405192,42.8424832,0.0],[-76.361360392,42.8424722,0.0],[-76.361323125,42.842455667,0.0],[-76.361173992,42.842400867,0.0],[-76.361121725,42.842389867,0.0],[-76.361024725,42.842340467,0.0],[-76.360972392,42.842335067,0.0],[-76.360711325,42.842214467,0.0],[-76.360629192,42.842176067,0.0],[-76.360507123,42.842116245,0.0],[-76.360461021,42.842039702,0.0],[-76.360340211,42.84199437,0.0],[-76.360234906,42.841923935,0.0],[-76.360205609,42.841923134,0.0],[-76.360168111,42.841925194,0.0],[-76.3601323,42.841908718,0.0],[-76.360142267,42.841860034,0.0],[-76.359999972,42.841797354,0.0],[-76.3599334,42.841729009,0.0],[-76.359837305,42.841706269,0.0],[-76.359802044,42.841693444,0.0],[-76.359754493,42.841680541,0.0],[-76.359726985,42.841688379,0.0],[-76.359726325,42.841688,0.0],[-76.359554725,42.841594667,0.0],[-76.359509925,42.841567267,0.0],[-76.359465192,42.8415508,0.0],[-76.359269978,42.841419712,0.0],[-76.359249099,42.841369679,0.0],[-76.359097088,42.841230409,0.0],[-76.359006463,42.841221226,0.0],[-76.358951935,42.84123219,0.0],[-76.358887922,42.841245059,0.0],[-76.358829435,42.84120504,0.0],[-76.358769594,42.841192057,0.0],[-76.358680428,42.841117421,0.0],[-76.358636575,42.841040585,0.0],[-76.358532392,42.840985867,0.0],[-76.358487592,42.840958467,0.0],[-76.358442792,42.840942067,0.0],[-76.358248792,42.8408104,0.0],[-76.358144325,42.840755467,0.0],[-76.358031751,42.840676742,0.0],[-76.3580487,42.84059553,0.0],[-76.357967363,42.840534774,0.0],[-76.357888129,42.840459893,0.0],[-76.357781115,42.840440463,0.0],[-76.357723486,42.84037494,0.0],[-76.357612733,42.840321371,0.0],[-76.357570758,42.840283609,0.0],[-76.357474397,42.840215994,0.0],[-76.357325891,42.840126841,0.0],[-76.357232507,42.840050025,0.0],[-76.357066994,42.839960148,0.0],[-76.356869572,42.8398547,0.0],[-76.356758566,42.839786685,0.0],[-76.35661876,42.839716335,0.0],[-76.356636369,42.839677107,0.0],[-76.356549312,42.839588345,0.0],[-76.356424288,42.839540831,0.0],[-76.356373375,42.839500245,0.0],[-76.356285849,42.83947387,0.0],[-76.356188246,42.839394875,0.0],[-76.356148402,42.839403841,0.0],[-76.356118465,42.83941941,0.0],[-76.355842164,42.839227684,0.0],[-76.355837462,42.839146764,0.0],[-76.355760121,42.839134591,0.0],[-76.35571987,42.839137906,0.0],[-76.355628544,42.839145428,0.0],[-76.355562235,42.839091528,0.0],[-76.355563847,42.839034317,0.0],[-76.355532525,42.8390166,0.0],[-76.355420525,42.8389344,0.0],[-76.354942992,42.838610667,0.0],[-76.354614592,42.838396667,0.0],[-76.354532725,42.8383638,0.0],[-76.354137192,42.838155467,0.0],[-76.353972992,42.8380676,0.0],[-76.353771773,42.837926017,0.0],[-76.353686453,42.837816672,0.0],[-76.353584501,42.837713061,0.0],[-76.353386089,42.837580249,0.0],[-76.353265402,42.837496494,0.0],[-76.353220323,42.837445494,0.0],[-76.353149808,42.837419841,0.0],[-76.353074079,42.837395076,0.0],[-76.352981405,42.837372501,0.0],[-76.352368792,42.836932,0.0],[-76.352077725,42.836740067,0.0],[-76.351838992,42.836591867,0.0],[-76.351443525,42.8363176,0.0],[-76.351153604,42.836100249,0.0],[-76.351144862,42.836003977,0.0],[-76.351049143,42.835957262,0.0],[-76.35100345,42.835915785,0.0],[-76.350958392,42.835900667,0.0],[-76.350913725,42.8358678,0.0],[-76.350853992,42.8358294,0.0],[-76.350532992,42.835582467,0.0],[-76.350508838,42.835562327,0.0],[-76.350330298,42.835514685,0.0],[-76.350209863,42.835414947,0.0],[-76.350125553,42.835332961,0.0],[-76.350033684,42.835281966,0.0],[-76.350021507,42.83524347,0.0],[-76.349940812,42.835203612,0.0],[-76.349901942,42.835148655,0.0],[-76.349824476,42.835114043,0.0],[-76.349766122,42.83506603,0.0],[-76.349721918,42.835019952,0.0],[-76.349685539,42.834987754,0.0],[-76.349654879,42.834983563,0.0],[-76.349605219,42.834954353,0.0],[-76.349541035,42.834916752,0.0],[-76.349439114,42.834873991,0.0],[-76.34935258,42.834814118,0.0],[-76.349172577,42.834746267,0.0],[-76.349140532,42.834677831,0.0],[-76.349082768,42.83461402,0.0],[-76.348988725,42.834567467,0.0],[-76.348884192,42.8345018,0.0],[-76.348802192,42.8344634,0.0],[-76.348697725,42.834403,0.0],[-76.348533525,42.8343152,0.0],[-76.348429125,42.834254867,0.0],[-76.348309725,42.8342,0.0],[-76.348205192,42.8341342,0.0],[-76.348123325,42.8340958,0.0],[-76.347832325,42.8339038,0.0],[-76.347794992,42.833870867,0.0],[-76.347794925,42.8338654,0.0],[-76.347787525,42.8338654,0.0],[-76.347712925,42.833821467,0.0],[-76.347332325,42.833552667,0.0],[-76.347287725,42.8335362,0.0],[-76.347101125,42.833421,0.0],[-76.347041392,42.8333936,0.0],[-76.346996725,42.8333662,0.0],[-76.346832525,42.8332948,0.0],[-76.346645992,42.833190667,0.0],[-76.346302925,42.833015,0.0],[-76.346228325,42.8329766,0.0],[-76.345989525,42.832823,0.0],[-76.345892525,42.8327682,0.0],[-76.345847792,42.8327408,0.0],[-76.345802992,42.832718867,0.0],[-76.345735925,42.832674867,0.0],[-76.345683592,42.832664,0.0],[-76.345594192,42.8326256,0.0],[-76.345474792,42.8326092,0.0],[-76.345400325,42.8326146,0.0],[-76.345337888,42.832627476,0.0],[-76.344956444,42.832789291,0.0],[-76.344794236,42.832856779,0.0],[-76.344665028,42.83286793,0.0],[-76.344582974,42.83282468,0.0],[-76.344556398,42.832769801,0.0],[-76.344535192,42.832713667,0.0],[-76.344512725,42.832417267,0.0],[-76.344490192,42.8323844,0.0],[-76.344482792,42.832329467,0.0],[-76.344460392,42.832307467,0.0],[-76.344445525,42.832274667,0.0],[-76.344333525,42.832154,0.0],[-76.344363212,42.832019564,0.0],[-76.344384796,42.83196807,0.0],[-76.344404022,42.831916254,0.0],[-76.344378943,42.831887202,0.0],[-76.344349269,42.831849515,0.0],[-76.344310992,42.8318136,0.0],[-76.344288592,42.8317368,0.0],[-76.344266125,42.831709267,0.0],[-76.344085086,42.831600397,0.0],[-76.343807919,42.831551273,0.0],[-76.343699646,42.831368319,0.0],[-76.343551059,42.831287142,0.0],[-76.343184392,42.830996067,0.0],[-76.342900992,42.830815,0.0],[-76.342705432,42.830667479,0.0],[-76.342524708,42.830592667,0.0],[-76.342283275,42.830463555,0.0],[-76.34223908,42.830417475,0.0],[-76.342165343,42.830356144,0.0],[-76.341951347,42.830256407,0.0],[-76.341851664,42.8301611,0.0],[-76.341731515,42.830136656,0.0],[-76.341587147,42.830027228,0.0],[-76.341353167,42.829905541,0.0],[-76.341219354,42.829816773,0.0],[-76.341073267,42.829788779,0.0],[-76.340963053,42.829794518,0.0],[-76.340813247,42.829793238,0.0],[-76.340698312,42.829767904,0.0],[-76.340626941,42.829737322,0.0],[-76.340593669,42.829687931,0.0],[-76.340582113,42.829609485,0.0],[-76.340573416,42.829560253,0.0],[-76.340520287,42.829511348,0.0],[-76.340479071,42.829456067,0.0],[-76.340424821,42.829387792,0.0],[-76.340338548,42.829311934,0.0],[-76.340334792,42.829251467,0.0],[-76.340213552,42.829233979,0.0],[-76.340114492,42.829129147,0.0],[-76.339971245,42.829008661,0.0],[-76.33987505,42.828963471,0.0],[-76.339730188,42.828825148,0.0],[-76.339665668,42.828750096,0.0],[-76.339588925,42.828702667,0.0],[-76.339529192,42.828675267,0.0],[-76.339148792,42.828433867,0.0],[-76.339051792,42.828357,0.0],[-76.338641525,42.828093667,0.0],[-76.338216392,42.8277974,0.0],[-76.337462925,42.827309,0.0],[-76.337365992,42.827254067,0.0],[-76.337283925,42.8271994,0.0],[-76.337082525,42.8270676,0.0],[-76.336940792,42.826996267,0.0],[-76.336440992,42.826689067,0.0],[-76.336388792,42.8266616,0.0],[-76.336110537,42.826483361,0.0],[-76.335889521,42.826409945,0.0],[-76.335754118,42.826394617,0.0],[-76.335633234,42.826357254,0.0],[-76.335591648,42.826265088,0.0],[-76.33559176,42.82625163,0.0],[-76.335484657,42.826154361,0.0],[-76.335331629,42.826117403,0.0],[-76.335202673,42.826021286,0.0],[-76.335109343,42.826005309,0.0],[-76.334997143,42.825925896,0.0],[-76.334933722,42.825901202,0.0],[-76.334727319,42.825740037,0.0],[-76.334668736,42.825677571,0.0],[-76.33466176,42.825652416,0.0],[-76.334650992,42.825646467,0.0],[-76.334600377,42.825624604,0.0],[-76.334503673,42.825654978,0.0],[-76.334404884,42.825655869,0.0],[-76.334274814,42.825570807,0.0],[-76.334155044,42.825461532,0.0],[-76.334079829,42.825374371,0.0],[-76.334047185,42.825315455,0.0],[-76.333978178,42.825254765,0.0],[-76.333870825,42.825228862,0.0],[-76.333803934,42.825245327,0.0],[-76.333708119,42.825176164,0.0],[-76.33366654,42.825114423,0.0],[-76.333565263,42.825001274,0.0],[-76.333463493,42.824950512,0.0],[-76.333361102,42.824878846,0.0],[-76.333225698,42.824772235,0.0],[-76.333008882,42.824673695,0.0],[-76.332869508,42.824579351,0.0],[-76.332762157,42.824553446,0.0],[-76.332619185,42.824477826,0.0],[-76.332497185,42.824360238,0.0],[-76.332436496,42.824311895,0.0],[-76.332409439,42.824258547,0.0],[-76.332409862,42.824238934,0.0],[-76.332370468,42.824211576,0.0],[-76.332248349,42.824193257,0.0],[-76.332125361,42.82413959,0.0],[-76.331962287,42.824080434,0.0],[-76.33187479,42.823962763,0.0],[-76.331846244,42.823914016,0.0],[-76.33175329,42.823874067,0.0],[-76.331628067,42.823781659,0.0],[-76.331618136,42.82369062,0.0],[-76.33160014,42.823662535,0.0],[-76.331532876,42.823642116,0.0],[-76.331415972,42.823653336,0.0],[-76.331365586,42.823611206,0.0],[-76.331316067,42.823543574,0.0],[-76.331218521,42.82349499,0.0],[-76.331136489,42.823451731,0.0],[-76.331108068,42.823394994,0.0],[-76.331076422,42.823393864,0.0],[-76.330993894,42.823382566,0.0],[-76.330848321,42.823322601,0.0],[-76.330757478,42.823298954,0.0],[-76.330684383,42.823288947,0.0],[-76.330620222,42.823312192,0.0],[-76.330596768,42.8233314,0.0],[-76.330585474,42.823358679,0.0],[-76.330533103,42.823353111,0.0],[-76.330496121,42.82336086,0.0],[-76.330486058,42.823361104,0.0],[-76.330472294,42.823373612,0.0],[-76.330394607,42.823415822,0.0],[-76.330373262,42.823420906,0.0],[-76.330344967,42.82344746,0.0],[-76.33027609,42.823470059,0.0],[-76.330192943,42.823529137,0.0],[-76.330163407,42.82354431,0.0],[-76.330134367,42.823557949,0.0],[-76.330107933,42.823586359,0.0],[-76.330079141,42.823584018,0.0],[-76.33001436,42.823616786,0.0],[-76.329983832,42.823635025,0.0],[-76.329972414,42.823670295,0.0],[-76.329972166,42.823716702,0.0],[-76.329940023,42.823747532,0.0],[-76.329884922,42.823826465,0.0],[-76.329877849,42.82388635,0.0],[-76.329855511,42.823924928,0.0],[-76.329834661,42.823928479,0.0],[-76.329808723,42.823924928,0.0],[-76.329759207,42.823918149,0.0],[-76.329723713,42.82389087,0.0],[-76.329719866,42.823834294,0.0],[-76.32971515,42.823803221,0.0],[-76.329692688,42.823788936,0.0],[-76.329679036,42.823785466,0.0],[-76.32964739,42.823784336,0.0],[-76.329616116,42.823789663,0.0],[-76.32959204,42.823757541,0.0],[-76.329546122,42.823762464,0.0],[-76.329522419,42.823797652,0.0],[-76.329456892,42.823817506,0.0],[-76.329389381,42.823813067,0.0],[-76.329317028,42.823785546,0.0],[-76.329256218,42.823775619,0.0],[-76.329236487,42.823768113,0.0],[-76.32923264,42.82368111,0.0],[-76.329145148,42.823624291,0.0],[-76.329051202,42.823587407,0.0],[-76.328966938,42.823566262,0.0],[-76.328893469,42.823549797,0.0],[-76.328759812,42.823544309,0.0],[-76.328662516,42.823540595,0.0],[-76.32861151,42.823538416,0.0],[-76.328578498,42.823533896,0.0],[-76.328576389,42.823517593,0.0],[-76.328554671,42.82351622,0.0],[-76.328535808,42.823544065,0.0],[-76.328494358,42.823535187,0.0],[-76.328433423,42.823502822,0.0],[-76.328473262,42.823433011,0.0],[-76.328410467,42.82339879,0.0],[-76.328376464,42.82336691,0.0],[-76.328331291,42.823354319,0.0],[-76.328297411,42.823344876,0.0],[-76.328241814,42.823334061,0.0],[-76.32813881,42.823332768,0.0],[-76.32807589,42.823336964,0.0],[-76.327944714,42.823354235,0.0],[-76.327833518,42.82336303,0.0],[-76.327836994,42.823352296,0.0],[-76.327910587,42.823330344,0.0],[-76.327945958,42.823274334,0.0],[-76.328004411,42.823192657,0.0],[-76.328022959,42.823161802,0.0],[-76.328020992,42.823161267,0.0],[-76.32806994,42.823081524,0.0],[-76.328096126,42.823038669,0.0],[-76.328108413,42.823008322,0.0],[-76.328159544,42.822941659,0.0],[-76.328140185,42.822910182,0.0],[-76.328141675,42.822875155,0.0],[-76.328167736,42.822870717,0.0],[-76.328185111,42.822847473,0.0],[-76.328205588,42.822837465,0.0],[-76.328243441,42.822743361,0.0],[-76.328265656,42.822682345,0.0],[-76.328257343,42.822609144,0.0],[-76.328208968,42.822598302,0.0],[-76.328142054,42.822577344,0.0],[-76.328175687,42.822541913,0.0],[-76.328203611,42.822478477,0.0],[-76.328180404,42.822451278,0.0],[-76.328145657,42.822436912,0.0],[-76.328127415,42.822394378,0.0],[-76.328149134,42.822334897,0.0],[-76.32819381,42.822318595,0.0],[-76.328230317,42.822297324,0.0],[-76.328260576,42.822279694,0.0],[-76.328266286,42.822246846,0.0],[-76.328263433,42.82221763,0.0],[-76.328251925,42.8221842,0.0],[-76.328273651,42.822148265,0.0],[-76.328197165,42.82213329,0.0],[-76.328203495,42.822090918,0.0],[-76.328171106,42.822076875,0.0],[-76.328096646,42.822063476,0.0],[-76.328101611,42.822048142,0.0],[-76.328187615,42.822040877,0.0],[-76.328202875,42.822039588,0.0],[-76.328249538,42.822017152,0.0],[-76.328325612,42.821926679,0.0],[-76.328350931,42.821818047,0.0],[-76.328348449,42.821764861,0.0],[-76.328300425,42.821692626,0.0],[-76.328256969,42.821669805,0.0],[-76.328259192,42.8216572,0.0],[-76.328248092,42.821591648,0.0],[-76.328223611,42.821587625,0.0],[-76.328206859,42.821540491,0.0],[-76.328186135,42.821505625,0.0],[-76.328159578,42.821481171,0.0],[-76.328069981,42.821468902,0.0],[-76.328039702,42.821379881,0.0],[-76.328037222,42.821326695,0.0],[-76.328014016,42.821299496,0.0],[-76.328113808,42.821287087,0.0],[-76.328109992,42.821262067,0.0],[-76.328079901,42.821236615,0.0],[-76.327978277,42.821257769,0.0],[-76.32794502,42.821208376,0.0],[-76.327886695,42.82119078,0.0],[-76.327850954,42.821209909,0.0],[-76.327888679,42.821245501,0.0],[-76.327881233,42.821268502,0.0],[-76.327850581,42.821264305,0.0],[-76.32781844,42.821234281,0.0],[-76.32777389,42.821212167,0.0],[-76.327788039,42.82115325,0.0],[-76.327759001,42.821106036,0.0],[-76.327736787,42.821136624,0.0],[-76.327686778,42.821070524,0.0],[-76.327605123,42.82103372,0.0],[-76.327600286,42.820980211,0.0],[-76.327480409,42.820939774,0.0],[-76.327406574,42.820855998,0.0],[-76.327350113,42.820779405,0.0],[-76.327281737,42.820770043,0.0],[-76.327229866,42.820732513,0.0],[-76.327069781,42.820755431,0.0],[-76.327021136,42.820723147,0.0],[-76.326931539,42.820710877,0.0],[-76.326865525,42.820580129,0.0],[-76.32683922,42.820509268,0.0],[-76.32678015,42.820509186,0.0],[-76.326754963,42.820427267,0.0],[-76.326745284,42.820411529,0.0],[-76.32664129,42.820443729,0.0],[-76.326529113,42.820333884,0.0],[-76.326486299,42.820352042,0.0],[-76.326348806,42.820259548,0.0],[-76.326354765,42.82021072,0.0],[-76.326230673,42.820137676,0.0],[-76.326160933,42.820124923,0.0],[-76.326044036,42.820105712,0.0],[-76.3259501,42.820038399,0.0],[-76.325921807,42.820034524,0.0],[-76.325891529,42.820006356,0.0],[-76.325906795,42.81996681,0.0],[-76.325824771,42.819923548,0.0],[-76.325725248,42.81991152,0.0],[-76.32571942,42.819830651,0.0],[-76.325677106,42.819816849,0.0],[-76.325614189,42.819821044,0.0],[-76.325569516,42.819806919,0.0],[-76.32562412,42.819759948,0.0],[-76.325542469,42.819723143,0.0],[-76.325414408,42.819662367,0.0],[-76.32540411,42.819625725,0.0],[-76.32532581,42.819586176,0.0],[-76.325281137,42.81957205,0.0],[-76.325216978,42.819595293,0.0],[-76.325163371,42.819578342,0.0],[-76.325139795,42.819544687,0.0],[-76.325071545,42.819527332,0.0],[-76.325038788,42.819476404,0.0],[-76.325021166,42.819485201,0.0],[-76.325001059,42.819532092,0.0],[-76.324955019,42.819545003,0.0],[-76.324923006,42.819506989,0.0],[-76.32488839,42.819423778,0.0],[-76.324869654,42.819382778,0.0],[-76.32482002,42.81935356,0.0],[-76.324714789,42.819343952,0.0],[-76.324704617,42.81929932,0.0],[-76.324645426,42.819276801,0.0],[-76.32460237,42.819219659,0.0],[-76.324499506,42.819119093,0.0],[-76.324459922,42.819081643,0.0],[-76.324374924,42.819017154,0.0],[-76.324298609,42.819001898,0.0],[-76.324228375,42.81896025,0.0],[-76.324150695,42.818941603,0.0],[-76.323920017,42.818825134,0.0],[-76.323876211,42.818846357,0.0],[-76.323818014,42.818820771,0.0],[-76.323804619,42.818740466,0.0],[-76.32372297,42.81870366,0.0],[-76.323644793,42.818686547,0.0],[-76.323615636,42.818647322,0.0],[-76.323595787,42.818586951,0.0],[-76.323546774,42.81854821,0.0],[-76.323508675,42.818567013,0.0],[-76.323465865,42.818554744,0.0],[-76.323430377,42.818527463,0.0],[-76.323343267,42.818507524,0.0],[-76.323233453,42.818428425,0.0],[-76.323189403,42.818404776,0.0],[-76.323110488,42.818344323,0.0],[-76.323017175,42.818297912,0.0],[-76.322932434,42.818187015,0.0],[-76.322820642,42.818053196,0.0],[-76.322709084,42.818055531,0.0],[-76.322634759,42.818003714,0.0],[-76.322575445,42.817989184,0.0],[-76.322471714,42.81791412,0.0],[-76.322423577,42.817819447,0.0],[-76.322312148,42.817783365,0.0],[-76.322236092,42.817691273,0.0],[-76.322107413,42.817670444,0.0],[-76.322010631,42.81760434,0.0],[-76.321935318,42.817525162,0.0],[-76.321880231,42.817451956,0.0],[-76.321843129,42.817437266,0.0],[-76.321776122,42.81743129,0.0],[-76.321691371,42.817411673,0.0],[-76.321649434,42.817373899,0.0],[-76.321668796,42.817344523,0.0],[-76.321716821,42.817325478,0.0],[-76.321647335,42.817296742,0.0],[-76.32153541,42.817262193,0.0],[-76.321468527,42.817248227,0.0],[-76.32141517,42.817245722,0.0],[-76.32138775,42.817216343,0.0],[-76.3213349,42.817121024,0.0],[-76.321240227,42.817071222,0.0],[-76.321186251,42.817047814,0.0],[-76.321087732,42.817002289,0.0],[-76.32101366,42.81693449,0.0],[-76.320967379,42.816902526,0.0],[-76.32088611,42.816841748,0.0],[-76.320826551,42.816812771,0.0],[-76.320787097,42.816767329,0.0],[-76.320711407,42.816742548,0.0],[-76.320696899,42.816673299,0.0],[-76.320630514,42.816657799,0.0],[-76.320550618,42.816539557,0.0],[-76.320452229,42.816455615,0.0],[-76.320409792,42.816449801,0.0],[-76.320349617,42.81639992,0.0],[-76.320296515,42.816351007,0.0],[-76.320238066,42.816371826,0.0],[-76.320182106,42.816354551,0.0],[-76.320170076,42.816308063,0.0],[-76.320124047,42.81626012,0.0],[-76.320105441,42.816211128,0.0],[-76.320069585,42.816177391,0.0],[-76.320055194,42.816161005,0.0],[-76.319957172,42.816113946,0.0],[-76.319818951,42.81603896,0.0],[-76.31976746,42.816007884,0.0],[-76.319702315,42.816003763,0.0],[-76.319684211,42.815922812,0.0],[-76.319538056,42.815811505,0.0],[-76.319448592,42.815791242,0.0],[-76.31940902,42.815723364,0.0],[-76.31937205,42.815670255,0.0],[-76.319281103,42.815624165,0.0],[-76.319245138,42.815507136,0.0],[-76.319169324,42.815490343,0.0],[-76.319134828,42.815490421,0.0],[-76.319132722,42.815474118,0.0],[-76.319064728,42.81544078,0.0],[-76.319022909,42.81545587,0.0],[-76.319003311,42.815409946,0.0],[-76.318965349,42.815359904,0.0],[-76.318907906,42.815316801,0.0],[-76.318841413,42.815218011,0.0],[-76.318754936,42.815158119,0.0],[-76.318737816,42.815134954,0.0],[-76.318706181,42.815103395,0.0],[-76.318673299,42.815090883,0.0],[-76.31865642,42.815112592,0.0],[-76.318672175,42.815132367,0.0],[-76.3186069,42.815166663,0.0],[-76.318582709,42.815142529,0.0],[-76.318528004,42.815045352,0.0],[-76.318463859,42.815007738,0.0],[-76.318451832,42.814961249,0.0],[-76.318409024,42.814948978,0.0],[-76.318386447,42.814912254,0.0],[-76.318349103,42.814883116,0.0],[-76.318297614,42.814852039,0.0],[-76.318265482,42.814822014,0.0],[-76.318240662,42.81483783,0.0],[-76.318191039,42.814778184,0.0],[-76.318197098,42.814759475,0.0],[-76.318146993,42.814754533,0.0],[-76.318112258,42.814709737,0.0],[-76.318082107,42.814704004,0.0],[-76.318057413,42.81471183,0.0],[-76.317949845,42.814641041,0.0],[-76.317928142,42.814578814,0.0],[-76.317912267,42.814536602,0.0],[-76.317847871,42.814514967,0.0],[-76.31780321,42.814470413,0.0],[-76.317784726,42.814443859,0.0],[-76.317721651,42.814369902,0.0],[-76.317654385,42.814323792,0.0],[-76.317590931,42.814327623,0.0],[-76.317508297,42.81429388,0.0],[-76.31748982,42.814236899,0.0],[-76.317437093,42.814194442,0.0],[-76.317424192,42.814166,0.0],[-76.317363765,42.814169981,0.0],[-76.317330383,42.814189429,0.0],[-76.317299615,42.814162793,0.0],[-76.317362161,42.814121718,0.0],[-76.317362289,42.814119365,0.0],[-76.317366146,42.814048597,0.0],[-76.317317387,42.814024299,0.0],[-76.317268131,42.814001536,0.0],[-76.317211682,42.813955366,0.0],[-76.31712271,42.81393887,0.0],[-76.31707929,42.81393082,0.0],[-76.317068291,42.813897351,0.0],[-76.316996154,42.813841942,0.0],[-76.317005736,42.813800631,0.0],[-76.316948917,42.813748004,0.0],[-76.316873232,42.813723221,0.0],[-76.316803158,42.813693696,0.0],[-76.316760592,42.813661,0.0],[-76.316536992,42.8135458,0.0],[-76.316447525,42.813512867,0.0],[-76.316417592,42.813501867,0.0],[-76.316275992,42.8134634,0.0],[-76.316193992,42.813436,0.0],[-76.316170033,42.813430981,0.0],[-76.316144071,42.813397498,0.0],[-76.316112676,42.813385923,0.0],[-76.316096074,42.813294834,0.0],[-76.316041243,42.813236073,0.0],[-76.315992988,42.813179815,0.0],[-76.315976728,42.813177587,0.0],[-76.315925592,42.8131232,0.0],[-76.315895792,42.813106667,0.0],[-76.315834136,42.813081974,0.0],[-76.315713371,42.812902879,0.0],[-76.315667725,42.812830965,0.0],[-76.315592552,42.812743793,0.0],[-76.315545537,42.812698915,0.0],[-76.315480176,42.812682473,0.0],[-76.315447643,42.812674289,0.0],[-76.31536949,42.812596317,0.0],[-76.315280782,42.812558538,0.0],[-76.315275351,42.812554837,0.0],[-76.315263671,42.812504945,0.0],[-76.315220981,42.812445687,0.0],[-76.315046423,42.81243834,0.0],[-76.314969636,42.812363758,0.0],[-76.314955764,42.812254559,0.0],[-76.314978302,42.812216826,0.0],[-76.314732725,42.812003467,0.0],[-76.314419392,42.811762,0.0],[-76.314203325,42.811646667,0.0],[-76.314187892,42.811636027,0.0],[-76.314127933,42.811655862,0.0],[-76.314055847,42.811642779,0.0],[-76.313973736,42.811571959,0.0],[-76.313927108,42.811472683,0.0],[-76.31385119,42.811403023,0.0],[-76.313952092,42.811296742,0.0],[-76.313803482,42.811162669,0.0],[-76.313531816,42.810922049,0.0],[-76.313340403,42.810775704,0.0],[-76.313235229,42.810613953,0.0],[-76.312961313,42.810456299,0.0],[-76.312875328,42.810455724,0.0],[-76.312877088,42.810374291,0.0],[-76.312836145,42.810363874,0.0],[-76.312651767,42.810370633,0.0],[-76.31246962,42.810385703,0.0],[-76.312295814,42.810429033,0.0],[-76.312144166,42.810477775,0.0],[-76.311945593,42.8105416,0.0],[-76.311933517,42.810585441,0.0],[-76.311793341,42.810578385,0.0],[-76.311749566,42.810533636,0.0],[-76.31165044,42.810497627,0.0],[-76.311608848,42.810588016,0.0],[-76.311583767,42.810650239,0.0],[-76.311516894,42.810636268,0.0],[-76.311456944,42.810618428,0.0],[-76.311289347,42.810568556,0.0],[-76.311203616,42.810552,0.0],[-76.311162673,42.810541584,0.0]]]},"properties":{"OBJECTID":92998,"GPO_NAME":"Skaneateles Lake","GNIS_ID":"00970614","AreaSqKm":35.518000000000001,"Elevation":263,"Permanent_Identifier":"87961508","ReachCode":"04140201003720","FType":390,"FCode":39009,"FCode_Description":"Lake/Pond: Hydrographic Category = Perennial; Stage = Average Water Elevation","GPO_County":"Onondaga","GPO_NAME_SOURCE":"NHD","GPO_HUC":"Seneca"}}]}